,BTC,ETH,USDT,BNB,SOL,USDC,XRP,DOGE,TON,ADA,SHIB,AVAX,TRX,DOT,BCH,LINK,NEAR,MATIC,LTC,ICP
2024-05-07,1227659657662.19,361063137871.36,110967225300.14,85229585063.36,66379410042.49,33284681978.25,28984740150.75,21657133655.52,19717608175.93,15755494368.97,13564275462.22,13450562246.61,10555400251.68,10060984694.61,9282004172.84,8226374609.13,7618663812.35,6865442752.47,6021414856.12,5759707693.05
2024-05-06,1243984877329.17,367835153604.59,110912135432.84,86851577037.91,68370915818.79,33243428775.28,29857659476.79,22580406986.81,20081414902.23,16196489143.06,14077773502.74,14132482792.92,10385590621.55,10241481591.75,9326198280.88,8514092381.6,7809228152.96,7034188475.87,6018830237.25,5930282869.29
2024-05-05,1261203911121.78,376807893129.84,110937481132.04,87392373028.9,65197416097.08,33618199267.59,29263355596.12,23221033412.76,20721720600.72,16340709993.25,14569692986.54,14225334506.43,10599560419.62,10506814777.78,9245270871.46,8439845145.2,8013601662.1,7267618666.73,6062317972.78,6024432368.87
2024-05-04,1258304781123.06,374415036159.29,110785799469.53,86463601515.38,65369829237.21,33568625551.24,29297390417.6,23087843480.4,19985329975.68,16527616829.96,14764760249.67,14209596815.48,10705914504.48,10248379987.63,9131689965.51,8406256808.32,7346192659.17,7219281311.26,6085205812.32,6101819020.74
2024-05-03,1238554321094.73,372726130111.2,110666576840.33,86636592245.67,64313630229.63,33410006808.13,29379612126.2,21065548650.16,19775100327.62,16668106100.36,14417006892.12,13506089286.14,10745162019.21,10432468920.68,8931265676.99,8283580553.0,7345237479.12,7254491828.63,6103025935.52,6313817861.61
2024-05-02,1164330817512.3,358849990940.77,110601610981.41,82726793691.91,61649393246.12,33167200644.06,28630396466.77,19040878826.81,17847372190.12,16336361366.97,13458573562.68,12757105722.34,10704437733.87,10475657504.35,8470553558.73,7982102723.66,6504267523.91,7131210030.46,5968160691.75,6259670158.34
2024-05-01,1147184157457.92,362491631190.64,110436191578.12,82856934666.81,60206144227.88,32995543712.69,28620531114.48,18754517988.82,16968249125.28,16034635872.78,13349459300.12,12632795008.65,10533385620.41,9897495818.59,8353510734.99,7834393616.16,6562561042.92,6847142259.9,5965889549.2,6117160778.2
2024-04-30,1193544962108.24,367513717992.83,110547764414.07,85367327133.52,56808238321.18,33206036195.78,27621396540.7,19212870614.68,17913565899.93,15712031402.85,13193419577.62,12400195405.94,10458537584.36,9234879719.58,8552635760.33,7710679128.87,6597322171.97,6603176708.3,5920910168.21,5957767660.29
2024-04-29,1257121259561.43,392453053426.48,110530678760.54,87494581632.49,61623649856.61,33327731766.83,28470353298.22,20675762384.28,18433419543.75,16301929970.93,14213744983.65,13390881471.32,10421639030.73,9478616983.68,9172050081.91,8262740386.34,7329813649.96,6977024574.95,6220000735.89,6228433418.2
2024-04-28,1242661116273.87,398178669381.67,110535161160.04,88563280489.76,61662678759.52,33500399323.16,28191052606.13,21135925251.49,18830976699.8,16413032574.69,14276435738.23,12842914818.4,10624362092.6,9668232524.12,9270559621.62,8106698746.91,7521368955.49,7141258539.48,6252218877.7,6277654071.77
2024-04-27,1248878755079.36,396940718034.75,110493607097.98,87908360675.53,63177157946.91,33486451871.5,28599777155.06,21280348267.85,18748929096.98,16643886375.23,14598770831.01,13027281872.72,10487486672.32,9776120047.97,9404259205.49,8367425129.29,7608701902.08,7247867914.98,6246724686.69,6155653316.01
2024-04-26,1255299007879.53,381981442515.81,110383482385.08,88214230878.4,62200672194.38,33389487896.49,29060241304.21,21295812473.99,18480116705.22,16488828378.87,14863177196.92,13012009983.25,10512429026.27,9718001475.26,9502836731.83,8501778358.57,7378716432.67,6955912463.94,6552411413.05,6041623885.42
2024-04-25,1269733248757.26,385230800029.64,110445097092.46,90619903052.0,64788385180.06,33354452181.96,28971123639.09,21806112367.4,18783949168.46,16784282077.34,15155896674.27,13457597193.33,10265575776.8,9866269726.69,9429479046.36,8571284000.19,7608920118.84,7132386823.61,6239831318.32,6393878174.45
2024-04-24,1265561280453.39,383182233749.96,110419420574.36,89747074126.44,66048269189.89,33417981492.92,29075334395.1,21798588697.62,19283404029.7,16922579567.77,15124010492.85,13748585495.33,9915747712.03,9961476452.57,9435006250.18,8535367120.9,7330265327.7,6976185356.89,6192479019.34,6349771695.87
2024-04-23,1307512895862.02,392971157421.64,110414385522.12,90742630827.74,69159022995.56,33636596713.91,30053908921.28,23033406225.79,19799571796.34,17822885768.42,15785425228.96,14473083768.87,9920584379.4,10409364718.19,9955059659.8,8921939636.16,7340269201.88,7210899888.39,6336752066.54,6695511767.6
2024-04-22,1315994975669.26,384422319765.72,109876809891.87,90553524995.74,70180765530.1,33797045596.24,30697511364.2,23211181574.71,20599998340.79,18415717586.27,15846293408.61,14827862679.13,9835192412.15,10742404579.62,10285682629.61,9079558156.39,7491897407.14,7351889656.42,6363229310.42,6988515657.86
2024-04-21,1278296008665.19,377899123113.36,109857607038.35,86672374451.13,66417713293.19,33943490879.05,28924955275.71,22786527781.65,21327224325.21,17787002802.59,15492213256.5,14030076553.7,9753379839.57,10246380636.52,9897170531.55,8853689429.99,6866472544.67,7058982115.5,6265925459.96,6991010641.34
2024-04-20,1279569409422.42,379136308856.52,109759499495.14,85377557251.3,67528361463.63,33956406955.41,29179394496.63,23441775958.21,21581111316.98,18022784698.21,15489138310.94,14477550468.9,9733956140.88,10387469982.51,10153884057.43,8785711622.97,6624723585.58,7303859418.8,6334610230.7,7186942071.72
2024-04-19,1257063743135.06,367361791165.13,109540756062.41,82974269405.48,63751797974.9,33903114124.77,27773312845.05,22495513726.99,21092574045.54,16700287924.65,13484139917.96,13124800200.09,9631804996.66,9599819353.11,9396150063.82,8199776124.49,5944747458.41,6665962944.09,6022936155.06,6505329105.54
2024-04-18,1250301972763.52,368135477475.74,109090139732.6,82541734086.52,63485357601.24,33091006374.65,27729001885.51,21943590297.77,22594581709.09,16320308495.54,13423879920.65,13173227895.42,9578468067.37,9738579331.98,9517921127.65,8156611266.44,6083296626.52,6692939294.32,6014493042.39,5910662943.95
2024-04-17,1206240184790.7,358378757749.83,108733311237.82,79912950223.45,58905554117.05,32578893522.33,27275540174.83,21244691163.09,21118245251.91,15825527944.67,13010248171.19,12678482103.1,9615120532.75,9441915972.46,9129942509.06,7711714320.66,5771280014.17,6610235739.88,5967165748.35,5487648258.51
2024-04-16,1256510316191.79,370408021051.68,108151712779.38,80423973838.05,60879101842.83,32602852372.38,27378001119.57,22449237290.64,22012660510.15,16333469942.8,13341922396.72,13138866102.22,9798804422.49,9612910929.6,9598280923.24,7918820230.87,5866001190.89,6957555265.09,5948876163.34,5665811619.55
2024-04-15,1248326445647.25,372352323185.11,107760357386.52,82673531334.2,61857236412.61,32420066998.57,27434770194.95,23221167847.79,22769210062.5,16411336589.82,12914324248.78,13286122238.07,9773736491.76,9627295973.16,10001882010.88,7974542312.27,5569802925.91,7003006449.23,5810668595.35,5713711172.79
2024-04-14,1293922154520.65,379048988304.69,107793416399.18,84818478828.9,67565919330.09,32348682412.93,27794218119.42,23350770292.63,23471360006.06,16700486813.2,13394424974.12,14102314943.28,9867673415.21,9849510928.06,10395152319.52,8289737717.06,6093518583.9,7041457245.07,5947568803.57,5966262456.72
2024-04-13,1256414309701.84,360877472068.23,107497350841.72,82886087552.47,62209618029.83,32253243127.32,26502684973.33,22036954856.81,20646437247.13,15951642727.97,12476849558.98,12878566616.47,9667556709.48,9199770796.9,9480906048.81,7835333634.89,5578409990.03,6477005660.71,5774770201.89,5721654222.69
2024-04-12,1322318848762.9,389383039545.48,107354094570.95,89176723167.54,68514901386.09,31935616298.9,30228432510.71,25119805458.52,23088562414.33,17932457809.46,14622606165.1,14896614422.3,10069446378.4,10377134640.64,10529703913.75,8898790943.1,6147841875.88,7579897359.53,6419405517.05,6453841757.78
2024-04-11,1378806199022.17,420886866941.55,107326815080.98,90452362549.75,76942708222.38,32220562979.21,33519796796.49,27907905521.44,25170046240.94,20872139157.59,16221696338.64,17405817371.95,10554246126.2,12005391840.03,12096009981.14,10303616802.67,7216068460.31,8697578924.6,7343596428.82,7178016993.68
2024-04-10,1388869502130.74,425462971354.56,107190087854.81,91228324889.41,77297959814.53,32136092858.89,33997592690.69,28764441378.01,23504615049.3,20874385528.96,16529357884.67,17879666047.71,10450033362.56,12058214509.89,12394087626.03,10230437120.29,7410691032.95,8785859157.64,7195293080.02,7378889764.28
2024-04-09,1360554169765.49,420865715374.07,107025431320.7,86853573428.02,76842591474.79,32293564267.65,33792048849.68,27182073552.81,23232036900.48,21075226156.19,16185672376.5,17561661567.09,10614935837.23,12400199018.62,13242929705.97,10193662392.45,7648403834.37,8887482112.11,7254284327.04,7426035400.08
2024-04-08,1409529731787.86,443701699932.46,107042435278.03,87762158572.07,80549867853.55,32617140080.75,33883696854.84,29140900781.44,22012836355.88,21868038542.73,16929056131.68,18850572584.38,10785605702.42,12947466022.33,13402549036.73,10626860308.3,7805757699.96,9369036684.68,7686410486.57,8223513391.14
2024-04-07,1364795785582.02,414660162811.1,106892900921.35,87343737468.08,80048604596.75,32937732237.34,32746598127.04,28630071762.69,18637549799.82,20985700840.0,16615244404.5,18662652455.21,10569871350.8,12460056689.44,13484868378.34,10522083648.91,7329154441.05,9026672900.35,7527182093.29,7920622607.63
2024-04-06,1355566990096.02,402735310353.76,106838499488.79,87622624374.73,79602083518.2,32925911206.39,32664351210.18,26735635338.31,19016073684.34,20802283532.42,16189904024.12,18212314790.4,10492250531.65,12152256880.43,13686443494.24,10317827603.66,7440384313.07,8888345947.53,7550922586.63,7875734895.84
2024-04-05,1334713625915.92,399769846956.52,106633571079.41,86575956503.08,77639578798.39,32919343282.91,32344047477.29,25521528630.94,18531466017.07,20462735443.13,15812560080.75,17148234103.71,10344851460.79,11999114075.11,12951603428.66,10184715466.02,7654497803.21,8762466391.25,7293415717.15,7796289185.8
2024-04-04,1347932221575.71,399909422386.95,106189312753.77,87550438558.01,81848676449.44,33021516119.97,32681688461.98,25864876022.38,17670015745.75,20751612270.68,16305885715.82,17570316730.71,10451912789.96,12141207146.14,13161155702.87,10446800769.91,7090891056.56,8966186275.46,7320238346.6,8231753677.07
2024-04-03,1297904385609.21,397608893144.01,105307423190.48,84041883915.81,82401380826.41,32918882204.99,31585963980.4,25233002605.47,17223705027.06,20335916203.55,15535550667.64,17354134051.23,10284784146.11,12056170314.56,11706786687.78,10395558317.74,6966646844.76,8868137794.68,7332098141.59,8246856947.81
2024-04-02,1287439112104.0,393510716982.21,104682659774.24,82346495656.47,80589823339.92,32836983601.29,32166626108.88,26201740917.45,16845913727.92,20678264403.01,15545340029.71,17670902515.71,10235047811.31,12260184558.76,12582692029.43,10546111176.43,6551959091.6,8910783232.61,7945134254.13,8259243259.07
2024-04-01,1371141394063.27,420826425525.22,104492091510.57,86191921653.29,85635905165.52,32688138285.76,33583982916.94,29543014239.07,18541390823.19,22124483840.1,16894971175.22,19418218479.75,10578641788.75,13088767349.77,12777156043.46,10791044876.98,7106414924.05,9419851214.44,7391133698.21,8347897968.1
2024-03-31,1403108244335.61,437995776899.17,104508939120.11,90754649517.27,90192360865.17,32419596997.18,34571158666.17,31623141219.06,18791752197.01,23147368977.08,18117757542.72,20422195555.8,10790233535.21,13773238201.91,13393583642.07,11235767794.09,7697568435.51,9940258872.11,7822756094.96,8666398560.92
2024-03-30,1369892136469.29,421201618786.64,104553630162.92,89871934048.39,86381585799.89,32461440814.05,34165159478.85,28652694244.77,18244778890.19,22931580978.0,17597376638.22,20003992981.36,10756642375.92,13470870727.55,11753575672.28,11121452631.16,7312370080.94,9713655454.19,7650079352.94,8260958843.0
2024-03-29,1374656364302.31,421667718721.24,104556730421.9,91614871101.83,85426393569.72,32410877900.18,34655083858.33,30672584774.61,17424303563.58,23645517043.42,18149860437.24,20156397167.66,10527852744.49,13699780790.51,12238588622.18,11150995587.02,7349799111.3,9821913859.57,8123976956.97,7943595439.2
2024-03-28,1391336144443.54,427577249073.79,104468468705.97,87222598971.79,84246500601.21,32396256884.81,34279071179.35,31612840439.0,17014135543.74,23156885038.15,18862236806.52,20615201760.65,10565093325.71,13582254631.3,11202122522.91,11248994938.39,7577939746.65,9926995098.46,7006284960.2,8297570549.2
2024-03-27,1365860349594.74,420282205190.63,104322608777.91,85901838832.74,82799408956.75,32104141995.83,33586360332.68,27338106092.41,17228053450.02,23070621248.09,17780392731.98,20422770208.52,10485774887.57,13474534635.5,10623708579.51,11332117903.62,7651248971.28,9994298961.77,6965525608.31,8484722283.23
2024-03-26,1376403313500.46,430743153736.45,104229649715.52,86755120255.54,84728545592.52,32304149817.44,34700718160.72,26210640868.13,17484408641.96,23660738302.53,18072844592.44,21066668978.38,10600309896.88,13822645920.96,9448383543.11,11748272904.97,8069406103.68,10361029722.79,7127992708.46,8787513917.46
2024-03-25,1375150091236.61,431196903141.81,104031149577.47,87842116639.36,83987620158.75,32256544261.02,35182647987.19,25185770042.57,18620601511.57,23373440915.3,16911149510.02,21823204925.4,10574274186.8,13886062801.11,9604213615.7,11366086237.44,7861249264.86,10356563146.04,6745411923.42,8136367594.11
2024-03-24,1322058484488.52,414841195862.23,104012399837.15,84936338670.94,81539943651.14,32025535920.69,34739163804.9,25339477246.6,17237192076.86,22989329271.54,16534057298.79,21008624238.29,10550435150.49,13360484229.31,9539015359.86,10880529970.15,7354544902.82,10016554763.04,6668241699.91,6980944428.62
2024-03-23,1259788729090.63,400644940935.81,104055790060.46,82526582758.01,76777960668.96,32041683481.24,33896958205.48,23228466903.74,16725159469.19,22263663132.29,16016280016.62,20158706461.75,10388107874.91,12804985420.52,8988872881.59,10610203804.96,6980884344.45,9713998137.4,6350653733.58,6215209359.05
2024-03-22,1254457600697.83,400516287116.27,104075363235.2,82511566073.35,77430916620.27,31991906024.78,33531418924.42,21924689359.68,15411145875.39,21814922972.2,15610551562.62,20103871376.7,10291935919.26,12712029594.52,8490912144.5,10739920963.16,6824025867.96,9610967383.53,6193341124.65,6157646202.78
2024-03-21,1287574561970.88,419407322334.27,103883274609.01,82731435226.79,79575489104.09,31849831660.45,35164062437.38,22295509992.27,14103627763.42,22475407752.6,16026735325.81,20329724548.32,10635257196.98,13069912338.72,8153894565.55,10821924731.55,6790185286.03,9855172223.09,6370907249.9,5875091335.41
2024-03-20,1335131959554.81,421947979245.64,103800169439.41,83247770954.05,85046806349.53,31407351270.66,33598401857.45,21846400330.95,14678295871.73,22746229773.71,16361700740.97,21524060178.92,10618406822.22,13520744867.45,8065956061.91,10806445419.36,7271348957.36,9996865217.89,6302562912.82,5496806243.43
2024-03-19,1217479093665.71,379252163859.28,103583677221.52,75828697524.84,75466865630.06,31238202358.85,32027461422.6,18477213578.57,13168854452.96,20874957839.52,14640356537.95,20195919571.85,9869554480.79,12481685577.51,7067324851.34,9868736914.74,6695509240.59,9233411638.81,5841221900.94,5039970931.29
2024-03-18,1328015048454.29,422635979695.19,103395155607.8,82927524048.67,86998068120.46,31188224864.42,35486745523.58,20620412205.98,13283179542.72,23516860824.82,15830679946.99,22898995625.02,10899451034.59,14104149930.11,7899833515.27,10758227608.91,7395114268.28,10208285707.57,6474670630.3,5704504574.57
2024-03-17,1343978205472.65,437365362293.23,103359725665.02,85399260047.54,89697345896.0,30843460800.87,33934018894.2,22147566191.17,13417602867.84,24220040381.99,17396468939.28,21926698285.71,11085187152.72,13059167146.92,7920823321.21,10963797191.39,8674205994.76,10786191863.02,6381020328.42,5829919443.83
2024-03-16,1283870289169.9,423047432765.48,103241576627.99,86250197748.72,80716457995.81,30898219785.76,33047819976.25,20428769509.19,12228352805.32,23453242008.88,14923949405.71,20186076484.76,10998410589.4,12514730315.72,7645560933.51,10641943962.77,7084182651.87,10336628051.92,6253005089.0,5640999168.63
2024-03-15,1363928841106.55,448641609936.25,103279566893.66,94628618830.8,81165758924.9,30725047621.55,34728625301.22,23420875764.14,13458255436.46,25832684497.22,17597906693.65,22068890361.68,11101838228.26,13983882788.91,8188453249.23,11510530077.57,7868551421.42,11299845879.94,6666892214.02,5917395697.28
2024-03-14,1403092953865.88,466276052158.82,103088609478.74,90167259493.46,78373508249.59,30605285032.03,36713997873.02,25441252306.59,13977060801.81,26685363001.34,19012867751.3,20397205977.51,11343813733.7,14888480622.42,8678355981.3,12274131630.41,9271213900.03,12104954620.79,6994172065.6,6416653123.7
2024-03-13,1436271822605.71,481048430653.87,102713107725.2,94293752180.11,72668118573.65,30771065023.35,37820664946.63,24266652385.77,14987301112.49,27183555116.57,18860543249.33,20732178658.05,11598155981.94,14599512466.73,8703350568.07,12193427078.96,8094634433.92,12595214383.77,7231821814.73,6674037684.47
2024-03-12,1404810311680.06,478003888346.22,102450058565.12,80432237931.57,66980515085.21,30340213161.5,37670513815.92,24120097077.61,14160335633.05,26593974866.03,18994534483.07,20975245194.98,11551818177.58,13828609391.61,8540907524.37,12132851637.1,8373583917.03,11697707843.03,7247420927.22,6761615021.28
2024-03-11,1417380747795.66,488401773064.44,102045515915.21,78167177140.56,65976301021.0,30430502760.76,39302994839.04,26100052653.04,11403399388.55,27523072185.73,20008988325.19,18490652215.27,11755305187.67,14222178325.98,8824789842.61,12499571766.23,6976399634.56,12312241988.68,7711851497.65,6894346800.04
2024-03-10,1356284493147.36,466138296994.82,101919864540.25,79173618236.46,64055231607.5,30141803644.56,33302773671.38,24367183741.61,9785226852.8,25457988581.45,19337774077.52,15866457602.55,11767608822.38,13241953798.38,8337467706.19,12771502038.44,6216937312.24,12183569140.98,6501520264.7,6515353564.16
2024-03-09,1346014614977.61,470282726399.39,101813227168.48,73206068368.15,64096767397.98,30006020247.94,34035656352.86,25680719241.11,9980629143.11,26399312555.37,20652178518.97,16223985624.35,11961889338.57,13606224653.05,8527287731.52,11758750883.53,6482621160.28,11469345277.34,6749310827.17,6796884742.1
2024-03-08,1341992893970.51,467479204410.04,101266308606.18,72989638279.84,64360205716.59,29943216493.65,34043810479.01,23708685972.51,9852205056.28,25727153550.91,20816339848.78,16125777940.78,12038700567.51,13731357480.62,8607897143.63,11590165998.5,6006628154.11,11165037213.56,6584351357.84,6750660443.53
2024-03-07,1315182056071.44,465421528099.82,100876730318.1,71073396182.86,63801239283.41,29281832739.51,34362264618.86,22670484867.32,9555959568.01,26430211955.51,18584079749.56,16333445340.49,12072658407.77,13414166477.51,8501947334.36,11816478199.91,5781759924.26,11496431583.61,6545111046.38,6880326312.48
2024-03-06,1298635184349.89,458654737259.72,100518067966.64,64154879375.96,57850874885.99,29192577569.44,33468901812.16,22621032276.32,9304358951.78,26043634184.93,19639066135.98,15661975225.75,12112690742.51,13583380967.42,8161949143.84,11786599139.98,6118799518.63,11058908013.39,6375572721.19,7059954611.43
2024-03-05,1252930339355.95,426939973586.42,100157565053.56,59018677495.36,55614018119.17,28831327170.91,32409234192.12,22064706332.69,8989446078.66,24611449733.4,20957371345.33,14902116301.61,11966120391.79,12050482945.36,7893536612.4,11161984128.91,4435333387.6,10236842678.5,6093662616.37,6467860853.38
2024-03-04,1342332633739.21,436135402402.68,99643746338.51,62663182686.62,58914150625.05,28880133301.46,35538892483.59,26217050763.06,9497421565.67,27370990340.94,21152452518.49,16255332524.08,12349039742.89,12744974041.26,9248354631.83,12005464793.31,4528335507.34,11356951683.58,6605601739.99,6154521828.74
2024-03-03,1240856664934.87,419394728670.73,99490448901.37,61967269448.06,57782564591.67,29001243814.25,34278278017.26,22047638692.57,9281884382.97,25840431494.92,13265959753.72,16072632301.89,12374304467.05,12890702392.05,9227255756.9,12043192028.15,4634865069.79,10782542134.82,6734012595.72,6057176039.86
2024-03-02,1218449164616.58,411121225380.6,99239412393.37,61459623668.31,57434332381.15,29015846479.11,35250165206.11,20366807654.67,9437586202.2,26287950813.16,13329421400.3,16724729060.2,12427288957.71,12175894388.17,9844889420.33,12576620273.53,4688222505.04,10834335058.08,7012219555.31,6108030912.93
2024-03-01,1226468270480.94,412694537324.83,98865057679.77,60984893352.23,57563108314.36,28987779824.68,32901725094.48,19997441145.6,9394292533.25,25512830560.07,9939773598.52,16166746505.37,12456638435.18,11188700134.67,6213830626.67,11777758023.55,4135372448.3,10147336560.58,6318658057.91,5963980785.34
2024-02-29,1202008882583.53,401521910329.79,98748122584.15,59783843986.18,55633849061.16,28536339496.47,32009956698.44,16790060913.41,8606479094.23,23262204982.32,7401350902.06,15441711315.45,12367538457.13,10645584551.72,5868336961.2,11323816771.59,4039735280.18,9911360928.81,5936422993.4,5796355379.64
2024-02-28,1227615937615.29,406795707755.71,98495349731.9,62175548203.85,52249842439.92,28646808635.94,31435953067.75,16702090145.39,8711743366.29,22388524323.91,6920470301.51,15199484713.45,12514576272.37,10716382727.47,5833342894.24,11408400683.79,4054780438.12,9729060439.7,5538994641.14,5804397746.54
2024-02-27,1121125657664.09,389840801982.15,98098307198.0,59068743684.28,47942351648.22,28520330431.08,32006322373.81,13991555197.6,7484477836.18,22143426646.68,6426910165.33,14811557014.9,12573040264.39,10749196386.04,5749102957.14,11176285553.58,4123766246.53,9893311172.94,5497230749.63,5984510003.64
2024-02-26,1070743961954.77,381973378115.51,97980987109.86,60063016802.73,48496288090.04,28457002817.26,30103524035.43,12803818960.5,7430224299.28,21982191079.43,5943270709.68,14836816562.59,12313187773.62,10404026860.93,5402514786.48,11223154151.43,4272727180.81,10188754883.53,5341361250.05,5944676273.0
2024-02-25,1015926591604.23,374009336729.28,97901318957.19,58105243467.07,45631391775.02,28180925305.62,29613270171.04,12331469933.45,7354857599.17,20976354319.89,5696358966.09,14125113515.94,12111553195.27,10167219353.8,5263303542.12,10981490875.76,3866208936.87,9601550941.3,5203321034.01,5726503084.8
2024-02-24,1012689168467.94,359554764533.4,97916608981.56,57083248843.19,45931500095.34,28145378090.62,29760314823.91,12338467668.16,7319215904.86,21164972428.33,5683290976.75,13856656312.78,12097133863.43,10018258575.44,5259845346.41,10876825331.34,4024560291.5,9569643944.71,5225709028.02,5748314445.6
2024-02-23,996165857694.38,351061910874.88,97833302915.56,56126502360.89,44076070574.79,28077895536.11,29182486551.24,12090722317.12,7204262564.51,20686537316.18,5608156263.36,13550928644.63,12162814488.71,9699717327.86,5198354599.64,10532043879.09,3497145042.22,9502540644.35,5109720881.1,5682570303.03
2024-02-22,1007369631450.12,356999419254.14,97779217857.68,57127107818.45,44832523183.21,27982932256.66,29511530686.83,12040161012.48,7232492879.94,20778727658.03,5616920247.15,13860799187.08,12228827131.94,9593636584.45,5112108040.69,10634114781.31,3379195378.75,9535281396.24,5104738418.64,5847673743.93
2024-02-21,1017814980562.83,356926554787.34,97819616842.0,56607899904.41,46343257302.27,28075571928.7,29952888788.0,12114316107.87,7372564171.53,21221754764.37,5625334681.05,13842518281.9,12300288629.33,9571980582.44,5169960801.56,10909641099.25,3376665306.99,9145324870.64,5117333691.17,6057584071.03
2024-02-20,1026519013526.24,362116088266.69,97724032660.67,53067748004.6,47813443199.68,27962784912.85,30712238626.21,12331894250.87,7669731573.46,22062453949.62,5753477397.34,14160216609.28,12261035063.66,9908563960.86,5215702488.87,11328208600.4,3541111087.53,9869792572.55,5170340445.37,6316561972.38
2024-02-19,1016544621994.0,353716174190.18,97697067072.54,52610674850.75,49133757690.38,28049271867.46,30694512829.55,12807915068.93,7873427064.55,22377978714.82,5827408265.27,14510892589.11,12006062909.66,10284628453.09,5365540488.66,11636677709.74,3677848827.93,9584028144.42,5293066989.2,6691935552.23
2024-02-18,1023243073518.32,345956120895.87,97680515793.24,52292631102.25,49437771948.54,28071806087.35,30383851331.45,12189771221.39,7874082418.77,21939454590.38,5739236736.99,14794499445.78,11902962584.7,10052150397.8,5312499753.96,11798659184.07,3658829239.62,9608383599.49,5249635586.99,6264510822.95
2024-02-17,1014181383158.99,334860860581.61,97633241551.74,52775434375.8,48018264807.22,28115762807.82,30001024225.98,11963477911.63,7735615555.36,21568824454.9,5673646573.37,14613339261.03,11965465827.47,9902654860.54,5253392898.79,11762317338.88,3466292750.39,8932638999.39,5194421942.6,6049504395.52
2024-02-16,1023893671410.46,336907249920.48,97519514899.13,53969202987.28,48651395018.09,28107118360.2,30823413930.69,12308620731.04,7461526156.27,21230838577.6,5825717390.16,14815057117.63,11704716427.29,9799764313.28,5398529231.36,11490928576.12,3412170817.88,9163765858.77,5240744491.56,6024675145.21
2024-02-15,1019499948270.3,339396902035.85,97208464334.11,53045138824.34,50087587751.22,28106097159.11,30703126151.99,12213405035.45,7652066415.2,21567287671.13,5821513222.21,15286493654.59,11550945921.42,9951130366.13,5316680515.67,11712280499.84,3534621482.51,8559635881.78,5180698409.31,6196209598.35
2024-02-14,1017254026224.34,333813029761.01,97051724117.21,49984778696.7,51168708471.08,28009452178.73,29346596793.55,12238980366.94,7637039895.81,20466176627.03,5747251490.97,15533312280.26,11420872285.8,9794806773.12,5524503012.92,11905179076.97,3466928645.58,8568746102.08,5186748257.83,6223970730.47
2024-02-13,976299863551.89,317506577415.47,96725539411.17,48582431213.59,49245695574.8,27825257524.05,28607187065.63,11600756396.97,7500143549.03,19319641936.34,5579544088.87,14613129773.53,11180070596.86,9452492285.5,5319822609.69,11675236596.74,3342374956.9,8204482089.6,5120066404.51,5923555262.76
2024-02-12,980490999415.43,319425795479.87,96502094513.86,49042535644.32,48975434169.51,27801555316.93,28992092732.15,11779256670.93,7643045474.7,19850572876.14,5669932228.19,15099148633.9,11014699919.95,9389605228.98,5516116677.67,12030830370.28,3505710484.44,8467312468.53,5411559535.33,6087016497.64
2024-02-11,947774152969.59,301336201773.94,96368660202.02,47972272474.14,47008921890.01,27926388851.36,28675260873.43,11613346482.1,7205779059.09,19188634145.37,5537924994.27,14600531596.41,10946602988.09,9068411072.63,5430335591.86,11817711973.96,3232282437.54,8024527771.66,5307952926.71,5939543559.19
2024-02-10,937476684153.25,300577536715.13,96251867894.26,48323207474.63,47692621210.13,27955410906.4,28567737643.32,11648755826.47,7186366258.29,19543150501.16,5549591562.05,14804834774.61,10958426165.92,9208764853.63,4865012977.92,11208384131.75,3149229402.84,8158802232.47,5253523008.85,6015312718.73
2024-02-09,925184504544.07,298941592941.09,96253366254.08,48429196726.59,46732145804.68,27913858292.67,28672367762.28,11666377335.67,7209533873.83,19166780456.56,5533333944.53,13967769490.04,10902853619.2,9184077284.38,4915298085.08,10842493223.98,3094543173.07,8198523080.96,5243413940.57,5880960006.9
2024-02-08,888921474480.5,290825026391.69,96204846039.63,47685952479.85,44903265383.78,27719714788.0,28009011693.36,11421050553.39,7150269270.33,18757176184.37,5425517512.12,13018237950.74,10740221458.8,8955514003.63,4800904036.09,10703598777.52,3023488218.27,8019126621.2,5234670913.88,5588140658.69
2024-02-07,869585299010.09,291290954312.07,96164446854.11,46005506195.73,44114747715.49,27449431118.64,27968728224.74,11453273671.35,7078507530.84,17780948070.62,5339605070.76,12963491846.71,10881071775.91,8858235580.08,4722481385.4,11069726442.79,2959275452.86,8010865125.4,5085546656.07,5634881486.19
2024-02-06,845338495831.28,285099852996.84,96234762581.47,45269119786.82,42251383320.5,27320805279.32,27498622161.64,11217996154.11,7083189602.47,17661877179.54,5223750514.65,12544909224.13,10651040115.87,8683377173.69,4617815956.66,10742762717.71,2822129303.28,7744154805.0,5065614646.18,5554849244.57
2024-02-05,836936067591.3,276287885418.01,96115397031.32,44991585915.17,41679149743.02,27035606163.48,27558010857.83,11181709205.63,7089487308.29,17480369291.78,5239863673.22,12670297054.54,10476222414.04,8580231918.86,4622589095.89,11232139210.34,2834909013.86,7489858819.17,5015563473.31,5602787108.56
2024-02-04,835421763160.27,275163535441.69,96204353027.08,45571898678.88,41636501944.27,27107305249.57,27397092102.13,11183258260.32,7084246114.7,17512841088.63,5241800820.52,12793696501.35,10431592563.95,8504413611.74,4618189168.03,10671164548.86,2842169844.68,7437912184.71,4964268448.81,5826523685.96
2024-02-03,843398823395.77,275941768998.25,96213017582.0,44824587712.1,42684724572.66,27069983083.7,28249064026.29,11241254601.73,7058010048.05,18170918700.75,5365664977.05,13186767048.38,10328749041.21,8711294647.79,4724562161.42,10369314838.59,2904693320.54,7539284065.8,5105350100.61,5830560685.9
2024-02-02,847154029604.95,277384742647.45,96194264652.17,45036725198.18,43789388703.93,27006885893.52,27784909545.71,11323333865.4,7073833166.83,18207955926.73,5340435066.36,13477098503.06,10246693885.05,8842113389.17,4637016131.12,10390927217.64,2990255967.91,7672669023.58,5043306989.3,5817477159.65
2024-02-01,844943939979.73,276879517241.74,96212836047.24,44890350788.33,42658921528.67,26786229584.02,27537063982.46,11335628977.62,7184386352.68,17960519206.99,5318394341.7,12418528238.98,10184641593.51,8722376894.18,4644771139.28,9762369956.36,2942824250.07,7795080850.01,5006968365.68,5341135149.17
2024-01-31,835231465697.41,274322642274.31,96055701456.47,44916598424.97,42279995731.26,26871995262.28,27360857439.91,11254141061.6,7145805780.83,17649982437.41,5271627432.88,12173225139.45,9892135620.56,8479634596.21,4598218854.75,8747948422.16,2835212469.58,7558268307.36,4950111556.05,5245427217.8
2024-01-30,842451754278.67,281768999229.49,96055701456.47,45980176033.75,44190898509.94,26614029261.07,27768959277.84,11390173826.2,7201283182.92,18213522960.98,5331803902.69,12900465472.54,9875905932.15,8714087521.28,4659467542.52,8787011086.97,3023176990.2,7681449945.91,5006157408.96,5367689442.91
2024-01-29,848995300207.95,278470139341.08,96048487514.88,46465549964.69,44219659597.08,26331815134.15,29095282547.02,11612815175.09,7308792023.98,18605853700.02,5421287514.55,13241325661.25,9964674665.86,8990689819.58,4736052460.52,8514827741.43,3021190694.97,7809059146.89,5075657549.03,5738224628.12
2024-01-28,824387868796.11,271274175520.41,96036883956.2,45608331824.54,41577492468.44,26142770904.91,28497334190.2,11257969693.43,7302683201.63,17344673720.32,5306732599.14,12770750668.96,9891341343.75,8705153512.12,4649546906.97,8247426790.78,2894331353.74,7579632207.02,5071297245.6,5627186676.83
2024-01-27,826001135532.44,272555235893.58,96041294640.06,45735373451.78,40808775857.36,26114535399.63,28832614070.94,11446780566.56,7209870095.45,17222568086.23,5380695163.25,12208452359.42,9914663825.96,8487629525.01,4784573220.67,8146722694.41,2922928327.32,7567637533.8,5047843317.16,5808271071.72
2024-01-26,820011355201.19,272471979597.85,95555162096.2,45210976366.36,40051732062.32,26062751000.83,28937491481.61,11411268425.36,7199076411.14,17186222412.87,5331100310.58,11846717154.85,10096360259.27,8523696033.17,4749411906.85,8064482921.98,2935940164.77,7289083238.65,4969705620.54,5542937117.29
2024-01-25,783046781497.74,266524737082.1,95527072737.68,43655920880.29,37645386638.01,25929581931.48,27927086874.37,11129050612.8,7057978082.62,16519929597.58,5221533577.47,11186329770.59,9881543815.15,8182734467.8,4646689076.81,7815755886.64,2710440488.94,7039421719.14,4855663315.96,5089541014.77
2024-01-24,785809931670.85,268427474609.75,95551729726.87,43831270559.58,38434388688.28,25817370119.67,28147391586.28,11282684635.99,7324761363.09,16866543627.3,5242455596.27,11451976079.95,9586051886.76,8213330545.01,4638482542.32,8086979306.17,2694405302.25,7095617209.84,4902926484.37,5269935321.46
2024-01-23,781234029910.6,269281864601.08,94855463507.17,44620013290.62,36503053042.26,25669563505.1,28133751731.49,11158496471.44,7328368048.17,16880836251.09,5199964630.79,11221228961.72,9449097059.19,8241442217.45,4504113048.71,8109445799.6,2661850913.86,6966454543.89,4851503060.48,4778218008.88
2024-01-22,774565393660.75,277710357859.37,94821920821.94,45677646345.34,36210732592.34,25642739362.8,28621648560.22,11469695473.59,7326167882.06,16941163029.55,5251810275.66,10814470779.77,9627189297.65,8046287698.33,4611263552.35,8262984638.01,2656568933.56,7173726040.61,4987577441.06,4768368462.79
2024-01-21,814488966035.62,294903756221.33,94876100829.9,47604137774.6,39339877376.47,25774773289.0,29675585018.2,12172700904.99,7681467730.89,17812257410.38,5503562455.58,11911019491.49,9601507423.12,8646413149.33,4648517510.07,8743633505.04,2933899132.49,7526187448.25,5306933566.96,5045416542.88
2024-01-20,816801167080.27,296782924448.38,94998058680.91,47401042785.15,40074327320.01,25728181102.7,30056761623.09,12544763423.77,7845569541.92,18233577033.07,5713898621.37,12033964224.52,9692873803.31,8760098658.41,4686874656.13,8943242729.03,2973252820.92,7553054048.26,5284244825.55,5208988794.74
2024-01-19,815839646533.36,299180637171.27,94982666728.79,47003289921.35,40428014064.37,25461513822.73,29574767781.18,11208873225.56,7612228001.55,17812696639.34,5474833170.34,11973239108.51,9733634321.65,8726610813.93,4638420685.0,9113066810.06,3016499148.67,7320963630.44,5275555247.02,5107245352.61
2024-01-18,808819115627.1,296481971609.36,95089347736.8,46852665381.37,40791006370.9,25624196499.76,29990557672.13,11129465467.53,7709755402.48,17765701554.03,5420128930.56,12295069641.88,9524662934.81,8966662397.28,4657708879.52,8322660491.0,3088181727.38,7549081186.49,5038760220.71,5229427088.89
2024-01-17,837804850463.55,303858773520.86,95107521924.41,46223482499.9,44173861651.09,25666081193.38,30863554024.34,11487767052.9,7877562012.22,18654261955.11,5607568108.72,13202296818.24,9554092216.83,9477256794.76,4787471745.06,8936392532.58,3315168712.3,7747148631.98,5141776325.05,5524948493.84
2024-01-16,845855247845.2,310990707686.45,95109222018.49,47816472390.33,42242678606.96,25435131546.59,31254813317.81,11601436843.82,8342747286.45,18960338223.02,5693763905.64,13049531537.18,9534322006.09,9499400590.06,4926673404.18,8670206292.7,3250722250.85,8082103394.3,5148106446.12,5774579241.62
2024-01-15,833216754804.02,301817746260.66,94984542722.55,48171627758.07,40884383289.93,25478813033.52,31253363302.57,11573968822.96,8433630725.92,18694357164.65,5633902246.31,13076311191.3,9593278070.16,9887367168.0,4911932365.33,8632320822.4,3318971428.86,8079941847.87,5131633571.7,5871599069.14
2024-01-14,819159863482.62,297118235336.26,94962362320.48,45363002747.31,40716891332.77,25486391647.5,31270312553.37,11409264761.12,7879311304.03,18616041015.97,5637517429.47,12956586116.49,9808109455.85,9399165736.98,4825092777.41,8406227760.16,3322500721.63,8012818660.8,5172912275.92,5744499536.57
2024-01-13,839627405357.25,309658639357.88,95008548078.08,45844809827.09,41407829286.0,25481679451.57,31207656875.35,11542908765.05,7295715114.72,19440614046.91,5828008735.65,13364443126.83,10072616099.34,10072904241.78,4986102282.72,8160208099.02,3416939281.9,8433431900.02,5333578315.72,5879139666.33
2024-01-12,839796421013.38,303393130318.03,94993309598.5,44995868080.47,39640966832.35,25379148226.15,30948299305.8,11416783372.9,7339067540.67,19367726306.18,5671077856.38,13151813258.41,9435486074.28,9871260357.63,5088535446.75,8029698392.22,3465212508.06,8264183010.54,5400914435.68,5571824998.54
2024-01-11,908639958360.69,314832271105.49,94642451842.68,46826983267.54,43180158130.69,25249499861.86,32673767000.24,12068685980.68,7706879434.38,20600793178.51,5986617680.01,14462076107.62,9374818296.03,10349653529.58,5423103114.94,8540068344.95,3636986016.23,8867804013.01,5332788376.75,5955230540.5
2024-01-10,913669280076.61,310327971097.28,94362208344.75,46280254081.69,44063260014.84,25242165938.05,32525669709.76,11827559241.59,7819561562.67,20051226919.84,5875956818.63,14104864744.13,9293045322.63,10094366348.06,4985689275.92,8539576090.77,3608409417.26,8586128120.86,5177363779.48,6328386574.58
2024-01-09,904067321453.05,281810605623.02,94106796182.17,45655233172.83,42936802212.18,25229069270.93,30717428429.98,11301873911.79,7560873339.65,18099604151.16,5679434749.19,12719694094.58,9071167644.67,9011279090.64,4807985896.49,7786364715.42,3241074904.94,7708011832.17,4959252307.29,5785716027.92
2024-01-08,920302445948.27,280393647671.16,93680735570.65,46189890296.34,42237863322.44,25330732049.29,31329451310.68,11601189017.2,7861064136.7,19138176372.84,5644449271.13,13227904102.56,9205827845.05,9463137183.7,4978529923.18,8042587619.69,3431718055.16,8057762869.05,5022493326.38,6233046162.5
2024-01-07,860951836726.3,267155209385.25,93612632116.04,45945745811.36,38549501330.29,25384180608.91,29910096169.14,11151707494.12,7645517159.01,17481939718.42,5312986857.29,12327992435.22,9084136731.2,8723984272.55,4552245288.19,7465002354.37,3223410136.74,7657181541.1,4759376586.56,5121268878.92
2024-01-06,861821994190.94,269408524949.53,93403529389.83,46689680898.82,40477077058.89,25399267724.73,30819279073.88,11498412596.3,7477771572.69,18505353051.83,5660211233.96,12692665703.42,9174435995.5,9029067857.31,4628773433.48,7628663535.6,3497056683.74,7920128920.11,4864227075.83,5469500284.07
2024-01-05,865182724165.6,272655618350.6,92889690454.4,48154433470.45,43103713121.13,25348955833.86,31251562527.66,11797938474.1,7211663797.23,19147092652.39,5793257396.56,13355428801.13,9222812097.27,9414691956.37,4697188489.18,7990389798.12,3562448490.67,8147604467.01,4889558285.82,6045666346.36
2024-01-04,865482457123.12,272702497877.09,92535066036.56,49087346605.12,45207060498.53,25132460067.34,31837800582.18,11990244372.02,7506213348.31,20183163868.53,5898442245.97,14197884192.24,9455273521.26,9962925705.31,4696668343.93,8268137657.1,3938039798.02,8448049076.18,4924162070.41,6307022258.03
2024-01-03,839345928378.25,265701513400.92,92108445356.97,48034867755.64,42397055220.06,24916102582.69,31532229589.65,11691528934.74,7654554957.96,19711309023.87,5633525118.31,13481321921.59,9433005413.93,9695374189.91,4586520271.42,8038931359.51,3793468528.19,8180229373.83,4835824226.59,6523021128.66
2024-01-02,880631637169.92,283136372945.06,91756515399.68,47343608597.98,45844632122.14,24785109948.92,33847840411.96,12995866437.63,7902481851.21,21420259296.27,6221638015.44,14891618881.47,9569615786.49,10629011024.36,5037263530.53,8615402260.84,3941353181.98,9265891044.96,5404465085.78,6338828372.15
2024-01-01,865106026911.1,282509699544.44,91739542215.54,47693236942.18,47090921460.2,24546920962.79,34103276615.25,13111468130.23,8075672345.58,22037177200.28,6296723415.49,15300673675.52,9521523025.38,11144036783.2,5226247275.63,8825892482.89,3816929596.63,9704820305.43,5533602216.63,5887640396.34
2023-12-31,827811209384.42,274194287336.36,91674848734.73,47394056692.15,43576016359.84,24519751149.22,33283785350.86,12746626943.45,7983164500.3,21014927331.0,6093268684.86,14086866595.76,9509555130.58,10345695545.12,5081824196.35,8490892164.74,3669910101.73,9274427076.58,5390137464.63,6049892647.01
2023-12-30,825646829609.94,275466693584.38,91714537124.45,48111696912.11,43721923849.37,24668758703.07,33657389992.59,12841822730.74,8225899282.52,21289321690.1,6166693470.03,14397140192.45,9360891691.9,10565590741.73,5313743489.16,8631283769.96,3690130858.34,9107010305.51,5427985179.96,5601253593.49
2023-12-29,824484176968.87,276503646225.68,91566607421.96,47613087707.67,45626554052.31,24772800076.85,33741742043.2,12967313745.95,7863062105.55,21516752443.17,6142581917.68,14695189392.93,9335198916.69,10463865158.14,4988311097.57,8824822949.1,3635439437.98,9300772981.55,5434472924.43,4263742833.9
2023-12-28,834791614273.2,282139260027.87,91563371881.32,49087652755.3,43773566954.27,24893603180.18,34369375979.81,13086647553.16,7568999257.22,21830107162.62,6261798926.69,14583902831.54,9328150982.21,10659100319.29,5144555137.82,9118761730.32,3790020260.35,9587876668.2,5679853563.28,4447348433.61
2023-12-27,850720785457.95,285887329802.57,91407179437.76,49099623482.72,45817869730.12,24817116201.08,34361654928.63,13326657009.76,7468411630.07,22399847668.2,6420866496.15,15498575283.28,9311931325.42,10975104850.71,5175394320.55,9471404285.4,4108541171.19,9933859813.44,5615021924.18,4185513195.87
2023-12-26,832620130497.96,268186204200.48,91347350491.7,45158086089.98,48313950137.9,24735701795.8,33648380746.53,13008965711.84,7527874596.21,21525273959.84,6234631166.04,16235000703.37,9105944822.44,11118276734.24,4491069238.22,8573136074.05,4327485584.39,9702661011.04,5414871272.1,4195263330.16
2023-12-25,853982087896.47,273125381791.39,91312133557.63,40513321133.98,51786611386.75,25061070922.01,34944225691.9,13448088299.95,7729515485.98,22122138331.61,6489861728.71,17666646802.53,9359662708.82,12199257463.24,4604542039.33,8867128925.66,4275319880.17,8714072402.44,5349803181.1,4331746011.27
2023-12-24,842253948410.3,272299442735.23,91341148108.22,40155937691.47,48084460234.67,25109287881.52,33169837560.97,13083212776.99,7509479819.99,20996828613.07,6287208800.67,17435295345.76,9400637852.19,10895489897.12,4491029029.45,8697796154.36,3829396294.84,8131777510.7,5268036207.12,4427358644.64
2023-12-23,856371815373.69,277509810111.47,91261556639.51,41168368315.64,45992080618.39,25075032029.71,33531408996.99,13319307693.84,7721135920.87,21722490281.67,6527087858.06,17565546880.21,9435239127.38,10506952741.2,4569868257.14,8911977641.98,3913484878.38,8210102573.07,5368843143.99,4306128157.62
2023-12-22,861384314118.89,279613363296.36,91156452575.89,41166222838.98,41880257527.77,25018798026.73,33812375289.58,13550916165.55,7716174735.13,22064252637.44,6433761121.82,16607008221.09,9290229899.43,10035159257.73,4677295128.14,8804023279.58,3378902343.49,8376151216.49,5456568131.97,4234412765.66
2023-12-21,858819785954.74,269163758201.48,91038601132.17,41146568967.52,40107699034.92,24827201735.41,33694648321.07,13521973996.2,7750803849.97,22501974034.39,6153279960.54,16797310371.93,9250330886.22,10525207497.04,4568450654.05,8684289993.63,3536178122.27,7808737020.35,5248675098.68,4153725873.59
2023-12-20,854532316613.74,264648783324.39,90933498125.42,39456867752.33,35163692628.75,24877977121.58,33338679639.92,13010124617.28,7668849162.89,20829819831.86,6029728588.43,15875159971.85,9076775966.54,8736334467.57,4497120731.33,8081234809.4,2852774838.08,7406377696.58,5165621395.74,4010540988.8
2023-12-19,827447113190.4,261766972878.51,90907880986.16,38323734600.98,31228131991.34,24757013170.41,32698009058.98,12849575503.23,7581161882.97,20377677991.32,5971347441.95,14562234758.87,8889891086.67,8448367922.67,4411526947.82,8007707543.35,2447654860.29,7307504345.66,5225326580.48,4219804423.13
2023-12-18,834312073585.64,266511575365.26,90890517572.28,36611344684.59,31799840320.44,24628046912.65,33080058350.4,13095681876.98,7291258438.78,21238895646.57,6139137771.25,15018890983.91,8920600465.97,9039364048.44,4464970968.07,8320234561.36,2295110813.23,7641050694.63,5239046549.62,4423260888.01
2023-12-17,809628537784.36,264016381493.87,90901370153.06,36301917045.79,30369699317.36,24622363957.71,32966004671.84,13245499229.75,7432304073.05,20506770291.77,6079373050.4,14876184618.33,9027474631.56,8579484668.62,4425697856.35,7965272145.13,2279957216.55,7818908652.25,5270784822.55,4779212345.84
2023-12-16,826722808111.63,267682867413.04,90838162279.3,37066943392.1,31418622371.22,24662719388.88,33474560471.58,13807394436.03,7650049810.02,21471323958.16,6865880131.94,15399764397.96,9084927049.41,9312136380.93,4497418534.04,8134143767.39,2393154548.01,8114792667.69,5337004533.08,4511336252.33
2023-12-15,820610949396.45,266779027212.87,90831534821.98,37150041523.08,30946209748.6,24497142357.39,33240038978.39,13229748596.65,7423104060.75,21250865988.55,5659707593.79,14575616105.73,8980054374.35,8894587623.14,4445015790.36,8095624745.19,2200067321.34,8015668033.63,5249692077.63,3244751901.82
2023-12-14,841983433932.16,278473738462.9,90673093192.92,38461171468.4,32331670085.39,24465992851.16,34154893743.4,13975347363.14,7608069588.87,22734984087.4,5939010754.36,14393394787.18,9372065453.38,9450219756.53,4648071666.65,8571651397.39,2335205623.65,8441098388.91,5397987203.68,2867436730.84
2023-12-13,839333709178.59,271756571284.98,90671061823.13,38291637611.41,30246516215.66,24215928495.35,33911498908.27,13714235885.44,7617378763.81,23501499023.3,5777578334.3,14284085844.42,9224083202.35,9559277391.99,4611471339.78,8229569267.6,2338102826.81,8474968890.45,5415081445.09,2826916163.83
2023-12-12,811106735270.16,264715811519.07,90615272066.88,38605954482.81,29225637724.22,24064021764.49,33429314858.18,13344189098.83,7271437122.49,20363091568.44,5653776765.35,13690884486.72,9165177015.08,8945594470.61,4544382761.13,8086190015.18,2312842501.77,8460301620.94,5356744557.72,2489775625.46
2023-12-11,807028644888.58,267429121877.27,90504399780.1,37381188409.08,29993796014.15,24172076965.33,33465001380.94,13420919355.24,6046204074.28,19466295555.46,5606426434.46,13949841274.8,9180316978.27,8420111324.96,4513709806.86,8222092871.07,2250296825.55,8037847199.41,5374064563.53,2381886966.72
2023-12-10,856608048216.73,282804939332.99,90593424839.94,36366736010.06,31830671446.41,24549469682.11,35697083328.73,14474189270.26,8080959779.59,20988717375.0,6079312538.79,13560425054.94,9538305988.85,9212095746.57,4914214131.47,9095334650.6,2526417545.81,8558388834.34,5705978699.78,2504194697.17
2023-12-09,855518589113.84,281451117692.72,90382356560.82,36068759609.9,30778693904.72,24563129612.47,35547911236.26,14009458510.85,7976603226.81,20436985792.73,5899147585.28,11637678120.59,9437334331.33,9004898873.59,4949499941.95,9031225208.74,2435789726.48,8214525819.06,5641753041.73,2506585005.25
2023-12-08,864097723185.33,283566839063.97,90267090376.21,36242859970.8,31949059185.36,24466801435.12,36320834554.11,14424413708.15,8061342265.98,19280692655.62,6016124260.08,11206451484.12,9441563509.7,8577617085.44,4965822531.29,9434167430.27,2392827469.74,8414197896.38,5798327968.94,2351081427.43
2023-12-07,846962790499.37,283435092122.55,90096643982.48,35342057111.75,28902143956.65,24307730182.95,34600042848.46,13634175464.26,7797948015.06,16120150059.35,5768240351.62,9621533255.49,9222220746.24,7831647881.68,4835816079.71,8749256197.84,2278053311.13,7819422372.26,5477046783.34,2284778701.28
2023-12-06,855807598358.2,268305164094.04,89936563445.9,34803160392.23,26332769686.16,24249176451.43,34506628834.62,13482821403.19,7887246497.59,15624800142.12,5720118246.3,9586088742.55,9273726714.31,7692286343.63,4787810270.69,8514407061.42,2294783327.01,7601194813.05,5355233002.26,2197140085.97
2023-12-05,862310043283.5,275789264739.45,89863170744.5,35081866318.49,25890669935.12,24279415354.57,33518530340.2,13393800762.58,8383579862.2,15032371749.96,5578544862.76,8942437118.47,9172644554.26,7716295438.89,4923960857.92,8754115970.65,2260416690.78,7545053546.85,5493709569.95,2298675661.48
2023-12-04,821180324321.75,269708642248.87,89639796779.58,35390453880.04,26108945916.99,24371762518.32,33646607910.2,13064788125.34,8284627304.55,14365266174.81,5436018038.51,8265864336.15,9191524772.69,7047765712.74,4919471213.25,8778377474.29,2155549527.13,7510132952.26,5384789098.02,2307737553.11
2023-12-03,781986059221.04,263756848411.61,89624710699.78,34602105758.14,26749940761.24,24517129708.47,33611532482.1,12164812059.6,8296787725.01,13952115774.41,5325465059.27,8022743336.32,9131806196.65,6944947871.34,4504040345.58,8766273181.5,1990384097.11,7551731281.35,5342773258.39,2118192322.16
2023-12-02,772125221563.13,260394436508.81,89559629954.25,34784578552.77,27078672252.97,24556203927.11,33463522611.51,12258058390.23,8346903418.05,14045454747.94,5027049165.47,8121933879.33,9143203973.57,6977312782.78,4466756756.63,8906392415.0,2017398887.9,7570573254.0,5343701438.52,2173528888.96
2023-12-01,756690015947.53,250953198636.81,89368296862.01,34665643050.5,25369600095.54,24571497095.94,33029097728.22,11912714621.65,8312765493.36,13565396567.43,4931149940.01,7982824223.53,9134138067.01,6958106002.34,4408458003.2,8343410791.61,1900068162.81,7415550851.99,5289697598.1,2109731388.97
2023-11-30,737560917365.82,246799826112.87,89295692262.09,34539350409.57,25115707773.59,24487097179.34,32675761409.5,11849212885.52,8197072524.79,13271252962.54,4887800271.88,7809020895.94,9164984259.99,7078158651.93,4337118248.56,8021107189.07,1887159282.35,7072550556.57,5134236668.87,2047664303.97
2023-11-29,740379866134.15,244080073732.87,89099270942.99,34487650685.57,25093452354.89,24487309306.67,32837485435.25,11446973435.77,8330911201.48,13477470743.66,4842548107.25,7698970893.59,9168413062.55,6463901242.6,4370419559.1,8080853472.13,1805211838.05,7027854990.79,5174146759.25,2029098628.71
2023-11-28,739813120655.74,246420242345.89,88932387335.0,34844209446.77,24639227969.5,24532362026.68,32904900712.84,11504931649.85,8366487705.03,13611852192.73,4897896039.18,7540844037.28,9124915144.36,6590475491.36,4373462077.49,8085284623.28,1824370087.11,6940342521.04,5155237763.4,2061866201.99
2023-11-27,728495474098.44,243786625521.58,88782054202.02,34499667094.26,23315764052.11,24410995450.82,32513705254.73,11188404036.57,8411868537.93,13355389868.48,4833296577.82,7433073442.17,9042081141.04,6794661612.69,4371914127.73,7908009046.96,1785723315.83,6892480981.78,5118422302.25,2012408935.06
2023-11-26,732864171270.83,248100227391.67,88747520627.29,35201420849.61,24407453540.0,24649203533.67,33195346628.22,11175392078.92,8218412962.03,13702246322.89,4898021985.03,7706735226.01,9552886970.79,6653970138.81,4440591825.46,8235262125.1,1832368674.46,7077252701.14,5178548084.48,2097535021.05
2023-11-25,739040907499.57,250640854799.99,88753857444.59,35564430505.35,24910006396.5,24703466903.13,33551855758.39,11209939611.33,8116710731.45,13935162282.17,4991766209.18,7785898504.94,9637828450.75,7133583791.75,4452186964.85,8217032540.57,1890267706.59,7228200990.96,5309448836.72,2122266809.27
2023-11-24,737506220401.3,250250115328.46,88546146717.48,35330996337.73,24069836546.4,24694185390.71,33467760170.48,11104111037.65,8191781707.12,13630287402.12,4828478111.4,7624621730.62,9276291697.61,6692257872.86,4432311380.92,8052234565.71,1839442752.88,7049002299.8,5228091147.26,2065898916.53
2023-11-23,729048665033.17,247974942750.48,88511403088.93,35462231850.31,23949413792.84,24443961839.76,33318350244.71,10816818624.96,8304166625.94,13645161889.26,4781148976.08,7351330244.01,9043602728.74,6411347581.32,4408083545.32,8019771285.43,1810397443.93,7169281016.8,5137415781.26,2069449754.75
2023-11-22,731805245915.84,248245097943.17,88338473236.48,35821918853.39,24365952890.74,24409339765.73,32870190565.55,10756709691.39,8217581623.5,13432885003.35,4768096387.98,7395844542.91,8969360867.42,6498631680.24,4384399689.54,7927543433.05,1827700487.28,7174809221.37,5077536709.87,1998243118.86
2023-11-21,700129319722.62,232934220916.3,88061345528.78,34358017082.64,21995659219.31,24437851526.11,31181429316.37,10235599729.65,7870046161.19,12655543358.95,4581595161.54,6772023299.52,8528013487.79,6153301054.73,4247697293.43,7535248578.26,1760715113.74,6783653355.1,4911140081.76,1848102709.77
2023-11-20,732607478252.01,243179946588.64,87768525294.68,38476529798.08,23913284883.86,24519487010.21,32920808416.72,11051975327.39,7995347898.03,13432808246.11,4979551813.39,7418263852.83,8961532784.35,6857992715.44,4431279819.56,8055181465.11,1998954587.0,7514980419.43,5137048641.66,2034096050.11
2023-11-19,730802775303.56,242093237314.5,87733369552.83,37407494296.73,25961432818.7,24436265586.74,33708175329.97,11433604866.39,8141704132.26,13566921997.81,5118993432.57,8128858237.64,9172924326.62,6790539723.82,4508983181.32,8318935708.48,1988097646.15,7900453556.49,5219754688.82,2069711915.74
2023-11-18,715107332423.29,236090356338.86,87730693634.5,37159196054.9,24743277356.78,24415606980.4,32832055436.83,11405225590.63,8113932951.54,13324483455.86,5044433255.78,7821568574.21,9129845655.8,6597930676.98,4450145306.85,7655737032.11,1769724339.75,7704239240.99,5164341291.22,1943190732.09
2023-11-17,715288296429.98,235850668239.21,87580498276.75,37128073785.0,24694112031.14,24321670474.98,32967858088.27,12244123838.21,7949207135.81,12933433966.77,5187408404.11,7802069351.13,9189619881.84,6535044897.26,4484729590.5,7620124187.06,1867712038.81,7692852486.9,5185420848.25,1944201179.89
2023-11-16,706617161805.01,235805214963.67,87438165416.96,36826767145.96,24458743630.75,24172285125.75,32884608031.23,11246080209.92,7828280098.4,13115376460.33,5003655228.37,7735850917.77,9077503869.9,6866504178.01,4579873358.37,7733545903.88,1724266641.22,7838776691.89,5258790682.14,1979181671.48
2023-11-15,740312548128.35,247776555880.76,87390516958.97,38494983373.49,27682833195.96,24129649324.23,34897976038.0,10830667209.95,8201908469.05,13380014976.62,5189115215.67,7370217651.02,9229724565.92,6934635647.68,4656643763.09,8362492702.02,1701072299.39,8538186408.26,5472858178.43,2128328047.08
2023-11-14,694491212462.29,237996343775.94,87099810113.13,36751722485.42,24008328584.88,23890761467.67,33783701034.05,10276752523.62,7751598109.89,12622956032.96,4920314712.07,6074929909.46,9068729809.12,6480499238.62,4530977297.97,7778135675.42,1534687357.8,8478652183.91,5218094999.82,1916348770.79
2023-11-13,713311947480.48,247166782174.13,86836898978.2,36610890591.38,21919715447.04,24021625854.54,36029114141.52,10605479402.29,8065006770.73,12640750719.33,5056899899.1,5765080212.99,9502064071.33,6710651676.35,4590519998.58,8022985566.16,1584743521.34,8177179241.19,5281077831.74,2027720574.82
2023-11-12,724074263172.69,245956142900.12,86806526555.09,37567403768.19,23706316366.18,24219576889.06,35493236526.78,11058064988.61,8608451417.66,13521334640.32,5254085150.88,6698377370.3,9614779849.43,7184948302.63,4625400095.59,8910202127.74,1687037360.9,8302278110.49,5531933793.63,2092617144.36
2023-11-11,725668445884.77,246863043384.1,86659451705.73,38141116095.14,23628554348.09,24208523199.23,35557546204.01,11117355841.92,8173026182.09,13563004469.35,5345655437.83,5966905223.88,9578091072.69,7227868557.55,4624859635.93,9144874580.17,1587708095.13,7426651858.97,5552573164.56,1999053678.71
2023-11-10,729069481963.87,249942527252.2,86517091002.48,38089690628.22,23840315649.8,24097694721.55,35441665699.95,10696346548.16,8533420791.75,13620131900.26,5019445058.51,5241866386.02,9423653370.17,6594377356.74,4691881638.34,8636515392.53,1547701770.01,7810105429.61,5414245482.3,1963327185.61
2023-11-09,716902433922.7,255032647816.16,86271992581.5,38154734511.29,19133073938.9,24180753745.62,35811897111.67,10414129674.54,8477997726.11,12988334756.84,4848969936.37,4609939421.24,8774068422.84,6381164408.32,4688430744.88,8149987937.78,1425641823.81,7921842649.55,5447030852.14,1836832090.86
2023-11-08,696595346035.22,227224492658.58,86117619483.93,37489189089.22,18178633103.95,24251731645.38,36891775657.47,10699566881.81,9129676335.52,12634903085.6,4890684829.94,4627510111.79,8731427038.94,6522587541.76,4804134492.95,8318144878.75,1464657975.39,7300519591.91,5404502124.23,1918810442.92
2023-11-07,692425627404.3,227081573591.53,85788749847.11,37378790182.39,18137705915.71,24399575228.76,36802002434.11,10420302084.93,8732212138.46,12395890339.08,4842610056.51,4556944948.03,8577903082.51,6129174713.21,4771415669.93,7277078591.08,1437582944.9,6860372407.48,5432638260.67,1881375120.1
2023-11-06,684460477854.1,228491840065.7,85419287092.58,38628783620.26,17697740585.54,24461850558.09,38363058963.34,10825049582.18,8365420257.59,12813261841.8,4979996811.55,4648475330.8,8671978889.12,6466472862.24,4748628117.2,7244219226.94,1571171218.13,6798488180.05,5500199821.62,1906842110.66
2023-11-05,684667682720.63,227808286583.56,85429541975.52,37064414920.04,17323908541.65,24592859150.19,35447962462.24,10093220208.82,7812735633.51,12088278814.61,4798199741.66,4394404023.79,8717440860.63,5962268675.95,4657746279.63,6808995686.12,1622837975.71,6409480640.54,5291679359.55,1822196547.99
2023-11-04,685272381015.38,223422362045.94,85424408086.93,36022580920.7,17784202445.23,24544715284.16,33037214350.27,9788286281.51,7640330973.79,11581896429.16,4683234949.52,4339703633.03,8678689050.9,5858078223.53,4698513983.69,6402123912.14,1501210477.9,6266519939.87,5203507787.38,1799978616.1
2023-11-03,678402411403.87,220427195755.48,85257614523.75,34983653751.78,16597062992.6,24513195648.79,32866589725.56,9654869621.07,7706623550.4,11597536191.59,4610932277.02,4301328067.98,8637895281.59,5729499670.95,4647199039.21,6395295505.28,1462914516.64,6211691682.73,5130785764.59,1768271847.06
2023-11-02,682394289860.93,216558513774.71,84895385120.73,35153146906.51,16865518992.02,24477155572.47,32514748614.11,9624229158.26,7671074068.09,11390315976.25,4630681009.62,4222391277.39,8814745446.81,5960163150.01,4604095235.04,6127897812.53,1509627961.96,6111312253.44,5123388252.66,1799738962.06
2023-11-01,692109682986.45,222148196715.89,84858481088.86,34588411183.3,17390661823.52,24765794290.2,32680882622.18,9751816779.28,7548816288.37,10837531575.1,4687936078.57,4335882423.94,8901119346.62,5911799805.35,4790551559.25,6472827536.65,1513360382.76,6176115681.8,5163040775.14,1820561027.77
2023-10-31,677047621125.28,218464638399.94,84689807348.59,34351764180.37,16150980273.4,24760482111.04,32151414473.3,9671021175.48,7503154458.7,10330889179.21,4589763751.16,4021410355.53,8628348895.61,5562195766.1,4786312722.82,6334183724.37,1320626913.98,5879157312.64,5090056582.57,1767353704.89
2023-10-30,673783741121.58,217698605769.99,84586453262.79,34632071238.39,14659514819.84,24935040009.36,31008525647.44,9864425956.04,7279344827.05,10669035417.45,4704774213.22,4066745409.8,8490743349.92,5765021612.72,4810081175.76,6257584741.96,1309121334.31,6007846852.6,5112070359.07,1812817611.83
2023-10-29,674455804209.68,215947996013.56,84570810136.89,34459316449.11,13762372734.52,25040629793.66,29800751941.25,9822360713.51,7065506885.14,10405348617.27,4725617603.61,4033926603.83,8426596795.82,5391626598.82,4814469220.63,6182897228.75,1256537959.35,5941791717.18,5078615591.13,1803087641.53
2023-10-28,665660534679.17,213670160545.91,84559510713.44,34250849911.55,13268187392.89,24995000334.49,29211428525.74,9770741750.32,7043446629.14,10263221410.91,4693152499.06,3896020382.67,8378767960.75,5479309895.36,4787318581.39,6083794158.27,1206292554.12,5778026660.84,5003243626.01,1661967411.32
2023-10-27,662115721497.01,214081832972.06,84532221644.03,34053939398.41,13303382707.03,24974208191.24,29249745336.61,9611213300.79,7062114772.19,10200467608.36,4541005599.63,3763086672.02,8316742120.0,5246856630.42,4679350946.61,6239471021.73,1207250808.03,5676505589.15,4949332977.5,1572935104.27
2023-10-26,666904079221.52,216953781325.63,84407834401.15,33865888183.46,13700711575.99,25078437082.02,29655522558.81,10174638605.87,7291307010.83,10123073033.48,4659695379.76,3924136901.36,8247804780.12,5509689762.48,4835935526.65,6086153448.28,1178039271.94,5885700643.24,5081811924.32,1585328497.63
2023-10-25,673629831821.37,214957153352.31,84291685970.8,33705704865.72,13567595628.21,25166371879.6,29676124590.37,9677280308.0,7331075043.26,9884652654.85,4600719022.72,3731241704.32,8306344675.16,5634980002.03,4965251464.64,6140204516.19,1127950004.78,5868036556.24,5069811033.21,1596808171.75
2023-10-24,661859706505.71,214606289153.48,84296584792.67,34155243964.8,12599219539.99,25086474562.08,29848511569.26,9420907426.88,7308082009.64,9828505867.09,4353921413.45,3661885437.45,8206230958.19,5326356696.14,4917478505.7,5787916431.91,1121447638.76,5814296213.16,5094415198.13,1607599723.28
2023-10-23,645916652811.37,211000651716.66,84198878858.42,34642226931.99,13276972898.21,25459350561.09,29225269116.76,9494816132.12,7458105431.91,9862383094.8,4409370725.11,3750710516.71,8197000947.81,5473736660.78,5092273711.62,5872607527.39,1083600612.72,5917535272.77,5091166999.96,1572582172.8
2023-10-22,585517392721.71,200053258046.97,84174945593.8,33033371021.83,12100222063.88,25556187646.47,27922258557.44,8717112671.3,7507477707.93,9285305754.09,4194919133.51,3572405829.45,8033271432.71,4984341258.61,4757524785.0,5642384883.3,1040105530.05,5670873654.68,4810467246.09,1445215642.1
2023-10-21,584015234381.83,195949653523.64,84183102364.26,32511268153.66,12245914628.25,25558611692.14,27855763978.36,8658660170.26,7290382497.92,9109008048.38,4162661307.47,3421544007.72,8141691995.56,4828173853.73,4759542233.43,4958106239.06,1026497525.8,5331872613.76,4776652291.1,1440414098.96
2023-10-20,579392054001.41,192985216319.66,83969986916.86,32207153104.99,11262191238.56,25535150181.0,27575781245.37,8484767895.39,7160487983.67,8845715172.58,4076789560.53,3273303538.3,8067777977.7,4701451692.1,4700707054.85,4221634251.39,992002201.83,4990566244.57,4679199562.59,1398671048.73
2023-10-19,560568426319.13,188508005945.93,83853658689.15,32031707755.69,10389126739.22,25452531296.87,27796116528.65,8330785339.1,7117279418.54,8696290619.73,4033465256.47,3216830963.86,7998234280.06,4509614706.43,4443876350.19,4071119966.92,973066969.32,4813851778.74,4558616904.57,1342442412.53
2023-10-18,552901231268.14,188060101428.87,83700462411.06,31934170190.94,9758901428.45,25363648602.07,26096266666.51,8300262705.14,7029172496.45,8574071759.88,3992897470.01,3163442705.59,7931791723.18,4517720796.43,4437429223.64,4099485717.03,985603490.93,4755130597.44,4447032454.25,1367862894.23
2023-10-17,554581972707.2,188261196692.67,83620684598.67,32107478416.82,9974718410.37,25325776999.31,26276609189.58,8362760122.95,7201651528.67,8703037064.72,4069866351.27,3233312844.91,7874851401.82,4571995344.5,4430303825.64,4083296073.71,994372776.5,4830976906.06,4585962730.39,1371678299.36
2023-10-16,556577526992.93,192479867900.66,83576770665.78,32590038223.99,9984171245.34,25258002203.96,26612425104.3,8502594324.29,6729636869.73,8859091948.86,4190959778.01,3342828342.05,7906985174.64,4674702417.07,4520588533.92,4198465650.43,1019271055.14,4967221312.52,4672363487.59,1415601641.57
2023-10-15,530017041635.81,187370568341.81,83558130753.46,32267792555.7,9125212586.19,25164671458.23,26071011942.93,8393637426.39,6609473688.29,8709949444.03,4115236182.95,3254139496.99,7709396221.5,4673794283.31,4202575115.82,4133079643.25,1010158579.09,4793316051.8,4548150943.31,1406693311.22
2023-10-14,524174123665.75,187029539411.15,83535866092.38,31784649273.86,9159645525.39,25127890402.06,26013743141.32,8464873045.52,6597254445.06,8696880828.29,4139122194.82,3245670608.18,7565509696.2,4749585511.44,4192166353.8,4077574060.4,990938290.39,4813245479.26,4548571230.15,1386965587.96
2023-10-13,524162174273.51,186646413218.24,83518676393.22,31697627380.76,9085980629.07,25124069142.65,25956247339.99,8257480913.29,6657386537.81,8666428496.99,4071225947.41,3247579621.1,7603620842.83,4590867333.92,4243124361.51,4042461523.8,988163882.02,4788529602.63,4541587192.86,1364296959.76
2023-10-12,522077986120.86,185143896035.92,83497626921.98,31573544993.68,8860821985.36,25137888630.36,25814705110.92,8185886226.53,6641092134.88,8646218925.39,4007493258.18,3233608147.19,7549790438.73,4530784922.86,4179048774.63,4009922059.61,991116337.36,4721177949.38,4508463149.72,1307255329.24
2023-10-11,524325019033.96,188345385723.98,83498301346.23,31774189545.58,9147948339.53,25237497978.99,26123985387.6,8266129993.08,6845701696.73,8718781980.76,3991531561.81,3299670348.23,7653747536.86,4713574964.75,4179723232.36,4116851898.29,1006439609.74,4781529714.94,4535672637.1,1308509918.05
2023-10-10,534398434701.94,188518346471.53,83502317447.45,32088594608.37,9159889175.71,25377947827.27,26556787933.74,8343727162.78,6896358817.84,8757862368.4,4065479122.15,3379835253.17,7676738030.37,4699409862.95,4149692342.21,4046406267.87,1021401748.29,4813193367.07,4691888666.5,1325876693.91
2023-10-09,538127916933.08,189970486076.08,83481196250.28,31653866713.68,9165103470.03,25500709538.92,26865914335.96,8308217333.17,6793444642.7,8844842423.64,4074021251.86,3380641580.74,7670775869.29,4777557830.48,4265479239.47,4055691351.69,1017924844.65,4926797412.05,4654031943.07,1303556334.83
2023-10-08,544957531993.92,196430165815.47,83512853315.21,32541437890.81,9629543237.83,25543254704.14,27652553186.05,8622491737.39,7031886498.17,9020125009.31,4242380654.54,3578320412.22,7834143794.92,4945026083.26,4453657866.89,4284125060.82,1069718410.98,5218905784.15,4820017258.33,1379232441.94
2023-10-07,545589873920.51,196543193340.4,83496810774.7,32671383442.44,9646499611.33,25533860508.72,27863129874.43,8684723443.51,7083052888.83,9094143269.96,4265624225.72,3672751361.08,7844102080.11,4997409251.07,4497030620.23,4194646301.26,1066782227.4,5243271710.93,4828690409.05,1378335567.87
2023-10-06,545126652148.46,197902084555.42,83403223967.5,32854646840.28,9691360038.26,25498157147.45,28092026878.14,8679908976.83,7368818149.29,9309268459.02,4265945609.26,3776858236.7,7767917966.87,5014864597.26,4510070591.91,4261028407.75,1068254147.86,5246842314.79,4831949484.75,1370164730.7
2023-10-05,534747363212.19,193768867641.82,83374294633.02,32412234703.62,9385601047.58,25230801699.38,27901879790.42,8607971848.63,7088564156.76,9142234337.7,4211543479.45,3590810253.71,7858641298.6,4952658498.33,4515627252.09,4162281211.74,1048598265.98,5077864457.89,4781988388.64,1362308125.64
2023-10-04,542203190963.03,198139095050.81,83401486689.38,32832785038.01,9568933689.26,25243463558.96,28411791676.19,8686886153.31,6716487811.16,9111903162.73,4269495876.79,3575564614.58,7923749557.53,4981496844.95,4556178874.67,4276234049.4,1073463352.15,5239219864.68,4751774490.76,1411910884.57
2023-10-03,534975274335.57,199201087917.47,83348500370.75,32836328422.74,9737756476.21,25259139947.22,28702680933.09,8671670291.69,6988046948.42,9172126502.2,4288403071.31,3331173759.87,8090066876.73,5013101057.15,4491483239.54,4131397526.43,1072519291.6,5266553155.84,4828331622.13,1392576268.7
2023-10-02,536912579985.45,200034753094.41,83284732156.02,33039736731.67,9655253680.82,25327674947.8,27340260334.88,8766073876.89,6952429452.64,9118897330.53,4314168277.59,3303845857.19,7797739934.38,5072701515.68,4814558325.77,4160484093.39,1088431097.13,5091765421.91,4866256703.58,1393816106.25
2023-10-01,545719315434.05,208471009287.78,83246238290.16,33545795242.04,9844132494.97,25132933912.99,27946579472.93,8925275654.06,7299872808.49,9342534384.34,4431442859.7,3449800992.3,8025916797.69,5240023925.51,4727608863.59,4481026225.56,1132089767.34,5287236357.17,5029841521.32,1474078980.44
2023-09-30,525885640459.76,200935981760.42,83261517290.27,33049535219.79,8835648588.77,25107503957.05,27477478188.81,8775893557.75,7252047342.47,8925249511.36,4326764214.46,3273955857.18,7898828399.82,5047706512.8,4574340445.74,4555585166.37,1105652831.48,4959411590.7,4870111428.3,1408917174.8
2023-09-29,524766460979.21,200546946577.56,83280080892.38,33120036596.21,8380989681.02,25099670545.07,27814086233.48,8780152295.76,7442544504.49,8765792958.33,4310981750.6,3249502241.64,7940094728.05,5011315937.23,4592591649.55,4429498322.55,1078584547.45,4889450663.13,4837615828.42,1400359203.76
2023-09-28,526883682824.27,198734252807.17,83272626075.03,33088766215.75,8239387659.54,25557596954.15,27163985528.11,8681408183.56,7688558448.8,8751185445.27,4303631102.3,3280419481.56,7725683955.09,5005168167.6,4668327856.15,4356049653.48,1042698553.41,4832087570.99,4808394768.45,1371892804.72
2023-09-27,513818515485.06,192072548490.06,83215726279.02,32613315608.67,7895214286.34,25487190197.94,26634685732.53,8542199631.15,7423742465.06,8599148305.52,4253156033.04,3159760903.84,7610075462.94,4900697886.0,4466090127.15,4255587497.22,1013011933.04,4681857018.33,4679044736.89,1305133566.8
2023-09-26,511151155986.8,191580319726.06,83175118303.95,32673809791.83,7854277232.87,25608537736.41,26713588630.33,8554803027.09,7281730157.11,8619735695.71,4276646725.64,3202652744.57,7542558804.6,4928111844.62,4180821512.84,4100609192.5,1016842715.61,4753485629.46,4698839780.42,1316154405.21
2023-09-25,512712185601.52,190965993296.3,83185839260.4,32319272717.75,8008991832.03,25661411367.51,26913418697.72,8604806043.67,7393810225.85,8635877868.13,4293166850.24,3167011917.68,7539819022.45,5010613361.77,4104286182.47,4167964739.97,1036851943.58,4840207420.52,4741244941.48,1335923118.94
2023-09-24,511876976253.54,190066005491.41,83215000421.55,32043771485.97,7996690989.26,25781872893.17,26749770926.83,8573449812.49,7543969078.62,8534687570.42,4308000437.46,3111447474.32,7451962421.53,5001732085.27,3995788189.28,3892094333.02,1030814630.03,4786373722.99,4685723037.08,1299863562.59
2023-09-23,518140112048.32,191627759019.24,83206968038.25,32394213121.69,8035151047.43,25771572070.94,27050386043.23,8680507325.45,7894593849.38,8643787485.76,4423689965.51,3151163456.35,7454448156.91,5063928679.56,4061763153.86,4005323251.57,1050559505.96,4853122193.56,4795521346.28,1319290103.73
2023-09-22,518118003343.51,191555616769.06,83191802035.04,32485045936.7,8020415301.13,25760742115.87,27288735400.76,8683081554.38,7884302499.42,8601262751.89,4302572059.91,3138040230.87,7431711959.98,5113212004.31,4054995829.42,3864104315.53,1056118336.51,4855395395.76,4740351485.34,1300872324.86
2023-09-21,517864270862.51,190477744419.21,83189877816.7,32430158933.2,8034772138.28,25781119740.3,27004875073.19,8656168156.48,8072496655.94,8619427885.01,4272944447.14,3124921842.81,7405562600.6,4984263664.05,4071272886.11,3720871326.58,1059689474.37,4847536506.69,4766353402.05,1290739457.34
2023-09-20,528841974545.7,195115447555.42,83179583605.44,32979330143.54,8353797014.3,25964205707.54,27723278522.85,8836412522.03,8266675850.0,8835262031.84,4387046097.39,3203140204.17,7534419961.38,5073294825.28,4204320029.99,3848357905.69,1055910537.6,5046382606.85,4756785824.83,1334218563.41
2023-09-19,530358455132.04,197597152270.9,83113458689.59,33417459240.91,8241979314.3,26013830283.16,27340210898.74,8846788669.27,8836543652.4,8961737144.43,4367631092.13,3263417978.04,7542330596.11,5113796268.96,4274157206.86,3821668849.8,1055428362.71,5075903034.86,4960615304.11,1348683049.45
2023-09-18,521431894478.28,196850744403.19,83061712246.93,33231786543.86,8086129093.39,26115945114.99,26758030822.51,8748163410.07,8245716153.04,8838252995.87,4280924513.25,3225969404.43,7494576657.97,5031903648.99,4241501437.64,3656140465.3,1035991891.67,4906667914.89,4854321569.12,1328795295.57
2023-09-17,517116820259.64,195111799251.35,83066181171.95,33302871729.66,7747279411.94,26168221491.31,26217650533.4,8676940749.2,7950782673.16,8682830662.83,4250727271.72,3223375634.47,7436134568.09,4989232833.23,4091877662.39,3421053752.92,1032501117.91,4822564221.57,4683473115.37,1303305592.82
2023-09-16,517755173478.6,196591800958.75,83066639635.67,33071327919.68,7871634557.42,26167970190.06,26581338883.78,8765148262.49,8214168825.93,8791738848.68,4360342384.26,3323127329.95,7449020178.11,5123855569.49,4197104790.85,3498917989.28,1063120909.7,4927399875.96,4813003588.37,1336904022.15
2023-09-15,518517274733.03,197362656275.42,83068071508.98,32950582021.97,7880984906.18,26119740346.33,26634241540.11,8821453762.91,7210035374.26,8798076761.95,4392537883.86,3337500437.54,7496215080.65,5069014366.94,4237266512.23,3423500045.09,1063350018.89,4938420959.98,4861068841.95,1333462691.83
2023-09-14,517140816824.0,195599049372.23,83056304742.81,32659428526.28,7742901977.37,26119516031.29,26027063807.59,8752792859.99,6591657700.5,8815990294.63,4339899265.28,3324401028.57,7466052771.28,4965826726.72,4055073997.42,3311199933.56,1043025003.37,4866046518.78,4626085114.45,1298958096.58
2023-09-13,511047406839.26,193316070858.56,83051909076.4,32714809299.58,7564030185.94,26196126782.01,25680268494.79,8640210505.89,6479650810.85,8735379710.94,4279228072.11,3290419857.27,7242703767.36,4897989836.74,3898237167.54,3240338064.14,1026568163.74,4789434199.49,4566572956.51,1301842802.56
2023-09-12,503327969520.61,191444620794.55,83029045732.53,32461256103.04,7367465003.17,26187146120.17,25519022701.63,8593030780.22,6244717412.59,8629581947.87,4230608045.05,3260879497.09,7207795016.96,4876961363.28,3877581000.17,3206746883.38,1007560869.93,4722220668.11,4419743073.6,1302007839.44
2023-09-11,490238023957.25,186540658151.2,82991446850.68,31698172951.64,7289139168.97,26070557740.56,25181196379.25,8523244673.45,5634528251.01,8488704370.15,4157273457.08,3265782748.42,6916011336.14,4875856126.69,3586505114.01,3133769358.67,1037858900.21,4691817400.83,4332944121.09,1312844488.09
2023-09-10,503258420290.44,194376093211.01,82984094190.47,32664965032.69,7493159267.21,26152124245.57,26425477982.4,8644327826.47,5902531387.14,8739695392.6,4342794983.55,3351623623.36,6990176522.24,5075635244.02,3716427782.57,3238131718.47,1083482867.17,4878437132.98,4500967779.65,1374448594.5
2023-09-09,504470470462.72,196578387638.02,82994127340.5,32958058124.17,7984777956.35,26130756595.96,26746158182.25,8936354316.61,6077242712.47,8894515360.71,4460046703.45,3483033107.75,7063983385.51,5181339103.53,3765556502.04,3318632739.27,1098418122.06,5034562896.03,4645074722.05,1448975999.49
2023-09-08,504640503023.3,196694761417.29,82894494001.2,33010244189.01,8027821900.75,26106255786.66,26798991809.97,8969940797.22,6136385096.78,8925325533.37,4475836160.72,3509950990.5,7062304097.75,5192488986.75,3765330147.71,3377710106.73,1084039498.82,5064812230.27,4607681355.54,1461170711.73
2023-09-07,511135039200.57,198072121803.41,82891125183.91,33367995738.8,8147222902.1,25963096356.51,26746177186.18,8959184309.6,6192659963.93,9042891522.34,4522582833.66,3562535141.24,7055582822.96,5235928331.59,3769783646.6,3435512903.81,1084839746.36,5172123168.27,4684405302.87,1490994343.47
2023-09-06,501626995525.47,196226976906.86,82870747540.39,33098398804.09,8026020334.65,26088454259.89,26660630765.47,8963151903.88,6253086988.6,9040437032.04,4524470127.33,3514866705.25,7040142898.06,5212884401.49,3764006493.45,3386682384.1,1064110132.88,5206415870.05,4626826690.63,1491802334.31
2023-09-05,502126527593.99,196391969142.61,82871045530.81,32997418545.33,8287955397.48,26032019927.83,26775501493.06,9015628946.46,6121348997.14,9037558943.42,4507004308.08,3506015617.21,6912136212.2,5196045775.22,3743694347.11,3301313042.29,1061801123.24,5202475594.78,4647241102.18,1460111254.24
2023-09-04,502737261224.55,195913396980.21,82870700620.1,33108119936.54,7971959401.27,26100832272.11,26932548975.41,8901107124.18,6445936506.3,8985067408.8,4416911668.2,3465924278.61,6913967128.53,5189989174.48,3773677621.63,3234601536.17,1061204582.62,5159876094.93,4690099010.89,1443812715.94
2023-09-03,505774022624.31,196688728216.07,82897999833.79,32985441374.76,8001855593.93,26207173233.97,26756322905.9,8898670560.57,6457206776.83,8972698220.51,4531288314.59,3494932158.42,6879948257.01,5198993181.79,3826841866.49,3242099281.05,1060108154.35,5052763365.72,4706735885.35,1439754260.27
2023-09-02,503786436420.87,196796363892.32,82911159055.68,32992942464.21,7967135198.49,26160921229.88,26440704278.57,8942915612.09,6403226941.71,8988031303.11,4614853246.34,3504415384.84,6879682484.71,5259157339.51,3803294816.55,3210777546.95,1055408236.25,5040157867.41,4752352892.1,1440199498.82
2023-09-01,502435875823.55,195769929355.0,82844651545.29,32867117169.89,7896766834.4,26134784733.36,26386864347.5,8992144426.59,6662993732.88,8950830319.71,4648801566.26,3508477233.92,6796391336.91,5140205821.29,3891386246.53,3192950383.53,1062345643.31,5037635729.54,4637772922.07,1431975614.27
2023-08-31,504957555550.64,197831661218.49,82852238609.1,33323655435.27,8057061417.56,26158557645.49,27060935129.03,8982278832.51,5997074282.93,8956450722.33,4705788766.51,3530412584.99,6852664205.3,5203949381.46,4044316819.11,3161604680.54,1087498676.96,5120156133.79,4707030795.0,1477399600.89
2023-08-30,531528938704.34,204981728438.73,82870201479.79,34431659640.73,8503358989.49,26141286987.01,27982517233.05,9270461412.49,5895930525.29,9315996639.81,4809746244.52,3680259717.31,6756218860.74,5527563718.18,4208805983.08,3195015583.65,1133182992.93,5359454328.48,4979704058.4,1543555368.86
2023-08-29,539882481562.26,207942703368.28,82861345585.79,34903000575.6,8889837181.57,26150881627.0,28611349731.16,9347305309.15,5903857879.86,9554280272.41,4933149742.53,3821027864.3,6909357944.02,5691960245.05,4369228652.21,3332105629.66,1154698342.58,5529933461.93,5070205191.16,1613131479.98
2023-08-28,508288516574.2,198654748012.57,82795833265.63,33650022331.15,8387727250.1,26043196450.14,27687243601.79,8930812221.33,5187500142.83,9378438024.52,4850559012.36,3664508414.7,6825195128.63,5822192696.15,3710942590.88,3217222676.14,1124090541.8,5237775407.32,4823435841.44,1541249613.71
2023-08-27,507949530130.7,199261172396.0,82811939922.97,33594578271.57,8481486356.18,26043113038.99,27718801744.82,8892418317.95,5200346605.19,9237933321.71,4740805625.9,3604698895.75,6927112803.25,5468986254.97,3858864912.83,3241249355.66,1108720735.43,5181282156.76,4810284331.45,1542118137.58
2023-08-26,506348824288.34,197912705880.22,82813384378.5,33287858207.8,8272228221.84,26012937301.25,27698998898.56,8848817611.34,5035069346.4,9149480537.23,4768520513.96,3566849921.96,6920091698.78,5482063377.18,3705499507.57,3230154918.47,1122027075.06,5108113793.12,4783797676.33,1570059571.49
2023-08-25,507090156466.72,198709982386.16,82807252662.67,33590478887.31,8318053764.65,25919090832.39,27845876512.16,8878470592.73,4897461704.62,9152956074.04,4796905977.54,3459082269.77,6900049920.05,5458384818.16,3742379987.33,3232593123.9,1120314403.12,5090241628.58,4790996215.75,1551766082.28
2023-08-24,509301597240.58,199548851220.68,82798245607.27,33639019170.31,8580097298.8,25868008592.82,27431380938.45,8870844063.57,4842986635.27,9321383729.59,4830928342.04,3479740511.15,6841582361.06,5377886832.29,3789148508.07,3270491192.58,1124639745.75,5098807751.74,4773649562.23,1590369215.92
2023-08-23,514519784075.08,201872827301.06,82837415190.73,33293304052.03,8850119741.11,26007628691.14,28039311573.55,8974413060.49,4885895015.39,9394344957.13,4897243442.79,3556625266.76,6936691812.01,5457156555.99,3773381255.78,3414614930.25,1138414521.2,5189980335.96,4827237686.81,1590603243.35
2023-08-22,506709265107.93,196411977220.27,82809047977.33,32437179621.73,8378332667.58,25910464956.82,27526890712.96,8807578253.01,4709801802.45,9057214344.51,4710546637.8,3485755007.73,6743707962.81,5374154365.37,3599346309.42,3286861603.72,1100449372.39,5109888816.45,4765174359.8,1512180490.59
2023-08-21,508487129875.96,200431006110.97,82832797925.62,32407148960.35,8645411753.17,25988990078.39,27717568716.7,8796948292.75,4657483132.89,9224910097.01,4703021503.48,3564899579.97,6716771140.5,5387541906.61,3625241139.07,3324944478.47,1065839861.55,5200034391.38,4925925362.73,1541599374.14
2023-08-20,509733936200.2,202538755664.15,82846063530.59,33329801761.41,8875758854.75,25984261744.99,28510647906.98,8979071481.55,4737532673.35,9487802090.22,4905367635.27,3740953222.66,6787136747.23,5492811906.51,3680403925.96,3344862393.55,1101345443.48,5407373788.51,4800181663.45,1583094053.19
2023-08-19,507889708783.63,200689358850.73,82834870746.69,33385777381.9,8913615529.85,25991542784.51,27458178051.73,8968128177.05,4616224829.01,9406114216.17,4971607692.89,3718141475.05,6624379671.91,5513064252.14,3642237933.73,3321543572.06,1096023966.51,5375103868.83,4715448866.89,1571114902.5
2023-08-18,506957746773.53,199666693175.25,82828290600.46,33249357708.94,8691285093.9,25977665697.22,26743279845.7,8893503028.04,4378778845.8,9248875773.6,5058626313.3,3715588347.05,6528567334.31,5479716579.38,3648256784.87,3320522493.54,1075886859.28,5384933127.99,4713680337.18,1547786818.23
2023-08-17,518904301900.92,202420920379.92,83049282327.13,33622225777.67,8841048263.13,26146796266.21,26798331277.75,8604589673.67,4557751552.32,8970243441.51,4794456791.15,3643069561.41,6506274649.17,5388959766.51,3592953784.82,3341198741.2,1055855372.85,5350114831.03,4787209037.59,1506750474.55
2023-08-16,558522450868.28,216930270756.06,83087864618.98,35673568328.27,9290690827.71,26053375289.88,31088361406.81,9447213444.61,4815820811.47,9620056178.18,5445689426.49,3910530775.0,6673259919.96,5663363800.86,4050471008.0,3634154574.13,1138151794.69,5808288684.0,5477854104.87,1633273930.31
2023-08-15,567610646871.25,219491766849.53,83324522259.1,36411284995.21,9704403859.67,26035507711.42,32179058866.67,9963681013.99,5097711235.51,9874246119.38,5852065335.51,4059940111.17,6823999490.45,5839501294.64,4451492504.76,3787806998.29,1205575122.27,5951692736.09,5830230356.79,1690514974.24
2023-08-14,572212182981.53,221568525308.68,83342828492.64,36976850145.7,10210505563.76,26008839061.89,33482036939.09,10506581379.23,4935136415.72,10182379977.28,6019695403.73,4247541813.08,6928293001.55,6051022524.94,4482099245.17,3989816620.1,1257879129.45,6331169257.92,6035501758.14,1790183895.25
2023-08-13,569738074810.23,220981729947.98,83348342979.75,36929825440.41,9845065424.89,26183335731.43,33050204997.41,10512917847.54,4804158183.34,10144538405.55,6042691762.63,4220261487.12,6899883266.18,6060127094.12,4447189830.13,3965399985.68,1262028165.05,6312324101.44,6028505405.81,1777591511.0
2023-08-12,572302297645.31,222139062221.35,83365250529.88,36966826102.04,10111411290.28,26164907814.61,33108466327.0,10787195532.1,4690237578.04,10224640050.01,6320933185.25,4259899055.45,6930890720.86,6117860381.04,4451417050.85,4003414130.69,1264762605.13,6353238785.46,6136359551.09,1784452871.72
2023-08-11,571917121193.64,221931416524.33,83447316575.81,36879667898.93,9980131588.77,26105312237.81,33344405640.56,10635033460.68,4437458859.8,10280009347.59,6175557894.53,4277768919.37,6905181473.68,6078231165.59,4459252125.25,4027669734.65,1254461320.19,6343804232.8,6139536062.66,1776630772.29
2023-08-10,572509489793.69,222372592138.08,83450390792.57,37119032079.6,9985104343.62,26160322978.58,33413597919.22,10653242843.02,4325063226.3,10372725361.74,5848672764.31,4291168273.56,6914787169.8,6070861296.24,4517628384.6,4094067638.16,1257070195.3,6383606544.93,6105235624.82,1774681220.27
2023-08-09,575052155346.9,222805472557.44,83484056441.55,37523886294.12,9892410961.55,26293668008.81,33931898919.23,10583448770.64,4314545100.56,10548229346.1,5666515364.79,4339326938.63,6867189726.6,6135800353.56,4640670047.36,4140524768.27,1270068633.94,6430564068.13,6178734758.96,1799286288.47
2023-08-08,578990356568.61,222992394106.75,83555107588.73,37717205287.72,9823844097.79,26312207145.63,33881337454.93,10536374983.15,4383898536.09,10429307187.38,5609012335.81,4395701930.72,6875111335.2,6141642504.23,4667165374.75,4008954296.15,1280479434.19,6389523787.69,6172523785.28,1811437684.34
2023-08-07,567589047795.07,219527926618.49,83803367523.78,37201467454.42,9360096478.76,26141984355.63,32801441322.14,10315611541.7,4130986282.51,10167766316.92,5282013894.48,4311428186.8,6871424146.71,6018473760.69,4628824766.87,3926370300.26,1259769794.99,6198773723.51,6053674370.72,1805407804.97
2023-08-06,564864625278.2,219593479527.48,83766798747.7,37355531392.33,9392351696.14,26040633408.95,32862411390.47,10433167188.76,4131907414.46,10229109437.44,5521896059.77,4354309777.72,6881851198.69,6062110840.8,4333112201.32,3821475331.35,1259316163.23,6213100502.7,6062711119.25,1815081240.78
2023-08-05,564840485745.58,220502861332.05,83817254441.35,37380375232.49,9168159298.87,26041414119.74,33143859767.45,10631685602.82,4097974384.23,10282172328.16,5889776299.16,4307639137.47,6930255558.52,6050092274.38,4413676701.2,3885253242.46,1273201600.2,6211312409.36,6109028189.92,1769816458.13
2023-08-04,565434912959.96,219632850428.96,83779810542.81,37152196085.96,9230589531.81,26041204603.39,33519139691.52,10311841176.84,4121844669.27,10273715716.65,5111084458.29,4293756161.89,6870027151.82,6086164545.76,4422674781.85,3838165080.02,1261361762.69,6188347729.86,6033283795.95,1776641406.07
2023-08-03,567446140509.39,220530132874.86,83850820616.37,37088465667.74,9159728693.35,26105515791.2,35027336157.08,10338820772.29,4064300238.97,10245302587.07,4877365531.0,4310372370.03,6906007565.88,6133829089.6,4387936054.48,3834440705.53,1280172102.76,6226336965.71,6079231255.5,1773901057.98
2023-08-02,566898832325.3,221014149637.96,83838929415.14,37001289151.88,9362974523.03,26176815915.0,36105538864.24,10421836026.87,4109840061.75,10483176769.64,4804645697.07,4340738359.84,6849503932.63,6220564668.14,4456599454.58,3954506196.29,1317011313.94,6345764823.73,6430364787.53,1817989026.48
2023-08-01,577056102933.27,224944195689.1,83855366896.49,38079910676.88,9707730536.12,26283855183.92,37265657851.3,10958459056.86,4138557923.33,10851765904.54,4962970701.22,4456860270.28,7042029567.77,6295176991.85,4764328889.85,4104636065.73,1330936388.17,6535846944.28,6895099825.7,1864527136.83
2023-07-31,568365621732.67,223070797299.17,83811761011.57,37097683428.26,9595184949.46,26487633136.18,36807748713.07,10925994239.93,4103618776.52,10764335265.81,4986806781.08,4438398192.43,6987760330.64,6322388454.4,4830673954.98,4059791029.93,1289722211.38,6411132279.9,6778477360.46,1849451405.91
2023-07-30,569216997017.29,223743340381.76,83815697454.95,37313939994.05,9810507761.13,26544894268.82,37156333802.54,10959076373.04,4153224180.78,11049463778.91,4882887170.79,4542747581.67,7172404391.54,6276731663.48,4920958577.65,4065975029.33,1313956038.97,6500924448.24,6913519277.6,1876130595.37
2023-07-29,570774442718.62,226077954074.33,83829246153.48,37321723681.52,10177685740.12,26550577511.92,37556972708.29,11256588657.53,4129813522.22,10949062409.84,5032887624.21,4583516523.54,7464696160.11,6354644229.41,4710964923.52,4225226719.67,1324374693.76,6699810896.78,6950040471.76,1903752983.18
2023-07-28,570017791145.4,225323363356.62,83830699345.4,37229548135.81,10044221292.66,26553595722.34,37547929716.33,10852985034.85,4394887543.3,10858609343.14,4831061573.11,4580715937.46,7638298621.07,6310223496.59,4705273497.05,4198130947.29,1310986404.37,6617958767.63,6724086536.19,1894927100.04
2023-07-27,567881358904.56,223594122241.79,83787441024.75,37002146211.44,10146309970.87,26568555516.44,37604745959.6,10885847694.33,4524378728.48,10763681305.75,4593237486.17,4546404214.18,7400825738.72,6329975001.73,4761152970.58,4298837108.52,1297406734.96,6677811708.25,6647266123.18,1854009854.97
2023-07-26,570661758982.41,225044642696.59,83817869869.05,36765797234.63,10174462303.79,26594687513.91,37697512542.11,10940381720.27,4668341481.76,10731528530.28,4628361665.88,4588858628.5,7383097880.9,6333207642.77,4706488342.94,4172089994.02,1285722012.9,6732287229.1,6656060836.29,1794700295.91
2023-07-25,568155078548.47,223311516835.97,83795069644.72,36588314323.11,9410883931.4,26633820570.1,37371036625.61,11484778815.49,4896767520.13,10639677272.28,4663813927.17,4616737924.49,7343150070.33,6369653877.03,4621800299.13,3983336880.46,1268119619.8,6602504233.77,6575361806.15,1765029295.49
2023-07-24,567148527546.04,222359174267.9,83804298740.07,36763385107.77,9449158173.39,26698829896.1,37011092555.82,10420549996.03,4812374500.86,10684929787.84,4516734117.88,4532818161.76,7307601218.09,6302564325.17,4642900496.16,4084708231.45,1298349201.62,6785292447.43,6546933496.14,1762134435.88
2023-07-23,584762966697.84,227069518772.29,83787569913.65,37303420951.91,10009227205.03,26850411665.92,38813403047.87,10075943268.31,5046066194.57,11099042359.87,4628925168.68,4690819750.98,7477256803.74,6550684738.39,4857537824.46,4248697355.52,1369250780.26,7059905192.86,6847790888.37,1850159635.1
2023-07-22,578655924186.63,224150871476.76,83784564664.9,37076059806.11,9909362063.61,26851525313.84,38529919591.21,9880541556.61,5115571950.37,10839113758.32,4578628564.14,4671306232.89,7518436378.66,6411540753.49,4654704148.34,4234323125.31,1354944648.78,6954270101.68,6758476419.44,1811113915.22
2023-07-21,581292887481.78,227406861182.89,83837441784.16,37508583495.91,10316494982.5,26865096051.32,40590437585.35,10281054794.36,4911686226.1,10961039126.78,4622181236.12,4837135662.36,7227156976.34,6628980876.4,4790211870.64,4381463651.56,1390443518.95,7181191108.2,6904642426.82,1785076092.4
2023-07-20,579003905761.26,227287014709.89,83782042892.29,37346172591.35,10222851458.71,26927142773.14,41723050383.41,9890263586.92,4792352024.51,11059044131.63,4535103319.59,4792632692.83,7239033321.89,6457996132.14,4748027798.13,4489315530.03,1432616742.62,7153722167.14,6781376674.84,1775942743.26
2023-07-19,581348679162.13,227057271106.86,83773888518.63,37104300789.72,10621841829.37,26984270948.36,43122602931.37,9839280173.56,4685132418.52,11318666089.77,4564393943.3,4844527598.53,7203020911.85,6271672393.42,4753750461.9,3722513612.81,1377478313.76,6942428926.17,6764535375.35,1784316390.83
2023-07-18,580205937049.99,228092963187.17,83763677143.46,37444894293.48,10288439896.25,26988966760.03,40960204447.15,9617348517.77,4776765542.24,10754231064.57,4543286682.23,4770230068.52,7159583463.56,6246417424.22,4753669936.25,3725330820.22,1378039988.59,6881142381.82,6715562108.56,1787939801.11
2023-07-17,585797549895.29,229781805153.89,83667760924.16,38082054340.4,10819937533.95,27072485856.93,38840879746.17,9801725061.19,4642347279.24,10931026304.88,4624979749.96,4988212189.63,7176649651.64,6394894305.1,4714405780.7,3869777243.09,1406523539.57,7259112207.96,6772949467.01,1800031345.08
2023-07-16,587778068681.36,231226923280.79,83689168487.15,37817749646.0,11027115845.23,27284675187.32,39243100873.9,9751541710.22,4633576847.61,11013513296.07,4634874101.66,4942262244.56,7165125468.61,6426193852.56,4861097723.25,3560083059.33,1353163621.15,7153388814.12,6817156312.91,1793745088.89
2023-07-15,588656416080.43,232165415326.64,83644364976.34,39133595749.35,11026259969.91,27282724153.64,37478573010.09,10083248890.31,4655256643.12,11415107295.86,4769927658.64,5130554777.55,7257827816.95,6545810224.57,4927234915.39,3721317105.7,1395460594.64,7450165161.71,6951986346.51,1846033276.69
2023-07-14,589374459085.89,233118658512.83,83494588915.89,38680409333.98,10771878238.84,27287212611.06,37787427833.63,9606064232.33,4666329442.84,11500322352.1,4705865250.38,5064750297.81,7171840269.64,6569354901.25,5142165249.52,3737069870.62,1401812116.9,7544653318.24,6981101405.38,1864491721.68
2023-07-13,611535352757.7,241195864006.75,83409193428.47,39973699058.51,10482410005.36,27388750190.36,42842606760.98,9882281310.65,4653684151.82,12508826410.67,4707534952.91,4873939758.41,7331418996.79,6679226896.41,5334673721.34,3816341419.33,1367250205.38,7918644089.05,7476884500.79,1921482267.66
2023-07-12,590443005305.01,225042891982.26,83367954939.13,38030335059.64,8851975508.51,27242001614.51,24753774551.31,9119501666.74,4525276403.81,10097924712.38,4425058371.56,4504579230.91,6991770163.96,6198750887.78,5493837004.59,3362626632.13,1238795228.75,6749260183.46,7061856562.1,1806349648.16
2023-07-11,594872050276.47,225791368052.22,83375234765.79,38734572405.4,8898487043.48,27368043580.55,24996234073.79,9149006388.02,4601704268.96,10238704998.58,4436846413.22,4585677478.89,6947519701.3,6273412935.29,5328798086.33,3338415012.84,1237477299.73,6916186366.56,7098357688.64,1802166214.72
2023-07-10,590834747693.02,226058650339.34,83365364594.35,38319420238.35,8578537489.78,27385978137.98,24960002265.99,9141860566.85,4704364665.2,10069922656.71,4447804097.86,4630112929.37,6969691969.95,6179915907.58,5339361859.49,3319262762.16,1238227670.57,6863664529.93,7093589321.89,1785546955.66
2023-07-09,586079772336.97,223949968247.1,83377690854.49,36504451694.06,8592737596.62,27502801104.35,24483751871.29,9167900895.99,4686346690.33,9951076090.56,4551024351.82,4704105307.85,6965812060.85,6356847885.47,5163385838.72,3308659450.68,1234016334.08,6413888821.32,6979093222.57,1765339108.28
2023-07-08,588404379630.2,224254934504.45,83376307909.64,36825384935.98,8795273531.2,27506177316.56,24593166378.62,9212628567.65,4732795922.62,10162322226.52,4510340502.85,4722262505.2,7192556779.09,6231891706.21,5286991304.56,3332806290.92,1286915989.02,6339920234.5,7176015171.64,1773890950.04
2023-07-07,589336655273.9,224865960293.99,83353821328.9,36721589170.81,8626410071.39,27501279395.58,24495002784.22,9164772904.23,4727831503.43,9946955883.69,4308316328.24,4404121982.74,7079831189.9,6150740159.66,5413212874.64,3311541416.18,1237433887.18,6304710129.07,7202291216.02,1796303468.44
2023-07-06,580894851051.47,222232180744.4,83373025919.73,36207053766.09,7917567584.7,27523503083.95,24232337305.33,9107917720.21,4672417051.03,9777134012.99,4222031093.07,4290218127.6,6937237851.41,6041137826.3,5391153863.77,3278088851.16,1219649507.8,6180123689.09,7012827646.41,1778093947.7
2023-07-05,592615228830.8,229686223069.99,83363661744.01,37260898041.85,7622014293.03,27681122086.79,24991780175.78,9388214906.46,4734018647.87,9943943754.76,4401009820.27,4379490454.69,6926986487.81,6259191214.87,5286737763.63,3392493512.11,1256827233.84,6253291379.83,7527241566.81,1858393479.63
2023-07-04,597702171825.96,232820313728.46,83377850487.81,37792676975.84,7674364999.82,27735505467.37,25491811753.67,9654428029.69,4770270732.93,10228605909.5,4530070820.12,4507972949.01,6927671169.11,6423562280.42,5295910517.81,3511761057.97,1297867318.47,6487207733.08,7674369322.54,1904012192.95
2023-07-03,605031166919.12,235075381096.91,83341568233.78,38398871172.76,7713395148.5,27675771107.91,25580925462.57,9571213659.89,4941186757.61,10357140678.05,4571426730.6,4570617380.05,6952759781.36,6510702521.9,5612418714.26,3562475969.46,1350152041.89,6651330712.8,7837369940.78,1955720215.61
2023-07-02,594601955892.83,232916432171.51,83348827222.41,38379537599.78,7798827845.66,27397505928.91,25316849467.24,9526111339.96,4921644230.67,10207186400.63,4510542739.72,4533945542.55,6831808003.19,6607838028.58,5808380597.71,3514020861.81,1361457358.03,6351227568.53,8296138882.11,1837200586.59
2023-07-01,593974448099.12,231369563103.66,83352427147.38,38613586662.36,7478509362.2,27398550809.92,24743578324.4,9586915199.97,4812716194.33,10216029595.19,4499372949.28,4487213961.91,6942648129.32,6423074516.08,5651941480.81,3496357610.34,1372952818.25,6306417424.36,7856606221.85,1845397435.83
2023-06-30,591758288455.82,232408283870.42,83384488052.59,37461938068.72,7560904894.88,27448649684.1,24770487291.01,9306051700.08,4671835065.72,10027878304.91,4455211871.02,4493518027.0,6852576059.99,6207591448.41,5928233354.3,3394578955.74,1282105777.96,6160306599.97,7924370664.94,1792089149.03
2023-06-29,591107911061.22,222677553067.99,83311399827.03,36349623363.98,7187830074.82,27951409686.01,24806241135.0,8875216972.61,4631941454.8,9629784416.69,4317140514.61,4376681122.27,6695386106.37,5983062202.96,4925711981.24,3175585689.75,1251272171.26,5814422825.65,6210221776.58,1770555536.65
2023-06-28,584108674470.97,219761761156.32,83242601510.47,35947241950.0,6395602649.97,28129450148.78,24309836285.47,8761626492.27,4709291392.85,9335775120.16,4263401844.53,4265476744.25,6632873979.37,5973434571.02,4380096649.21,3132592131.67,1263265605.57,5726721445.98,6084024019.63,1770888540.03
2023-06-27,595773660616.42,227116881653.75,83250331743.37,37013665181.81,6646577822.35,28215270187.9,25282732967.42,9172711079.28,4783850550.75,10010830909.24,4475822043.41,4558593534.37,6693805440.19,6136399279.06,4473130110.98,3335595631.12,1367549645.33,6187587463.41,6445025652.34,1895452976.9
2023-06-26,587650439314.87,223481844153.87,83229654132.16,36801991687.73,6506773329.19,28373468062.11,25047170132.45,9060406044.7,4917302775.37,9794306260.01,4451744131.66,4540348231.0,6637006737.65,6026111881.63,4342705511.9,3264609773.2,1374526155.2,5995526930.75,6391452211.81,1860481953.94
2023-06-25,591683600297.12,228424935740.82,83250712640.65,37231984362.03,6784940723.33,28475942735.79,25619098545.51,9341519079.3,5045451449.06,10212503101.94,4636763521.58,4640173078.64,6586582008.16,6225776298.17,3796772047.98,3309600523.44,1295767477.58,6201502140.7,6464021263.32,1893792490.9
2023-06-24,592983006395.12,225490330139.48,83245372469.79,36883950527.41,6657617788.79,28462901508.67,25464187211.23,9337502267.93,4829616301.04,10131722969.42,4611183937.5,4494601490.74,6500966098.02,5999356644.21,4152656595.31,3301795221.24,1307156627.11,6087380285.96,6570900539.15,1865822725.12
2023-06-23,595803665519.79,227515380123.15,83244074081.97,38116045263.7,6856198787.76,28450348343.44,25870409852.13,9536935875.57,4768788471.75,10357025067.92,4671289270.58,4582942553.26,6582989706.26,6154160012.75,3531635688.45,3260353053.93,1276677157.0,6271232122.0,6677558523.8,1894245018.05
2023-06-22,580578124574.23,225124435575.99,83192373177.02,37528132819.48,6651215930.82,28487568663.09,25787538234.55,9181988019.64,4709346430.81,10140303130.3,4605668832.93,4370723967.39,6474250623.15,5784106665.37,2602538956.7,2996176466.73,1224836315.08,6101237252.29,6300608165.04,1811067754.54
2023-06-21,582785323709.11,227300141959.11,83181452472.88,38851972309.51,6896787708.7,28482684361.92,26085511672.63,9189566696.15,4723318727.42,10023486923.85,4457314171.33,4456644679.93,6515195746.18,5780802854.65,2642091096.45,2993900701.89,1237008219.14,6221113890.68,6232476626.33,1838878359.5
2023-06-20,549771733917.47,215424018944.87,83209062147.75,38600804407.17,6645682933.39,28539047808.32,25632026206.05,8816852728.9,4763508030.82,9441258593.36,4287401557.33,4176430971.47,6354531687.33,5587092944.82,2134631473.09,2832133101.32,1198583984.52,5863199718.62,5877665847.23,1828107676.0
2023-06-19,521094554604.37,208881998031.32,83162376934.32,37857260605.7,6421135737.27,28457561018.68,25650119185.3,8717585530.16,4764616806.66,9186976091.67,4257042548.49,3951465925.77,6299289689.09,5410090085.71,2072752480.82,2754617641.32,1143246741.25,5704119677.85,5665829234.62,1726704448.39
2023-06-18,511079706782.86,206832112414.09,83157915195.95,38041814289.92,6165531218.9,28344923554.23,25347462927.75,8692397740.74,4851658880.26,9113534848.86,4252381859.16,3912773585.61,6313729413.62,5418640018.37,2078992872.58,2777320169.62,1142252565.63,5544023501.0,5647434814.56,1730708607.34
2023-06-17,514442327519.51,207632053119.27,83542880482.78,38123407213.86,6250326737.37,28351148822.87,24942869531.19,8698602766.86,4828109018.77,9320747783.46,4109302890.8,4010220043.74,6446695768.83,5411256324.73,2072199625.61,2843136401.59,1159829980.55,5700636112.04,5627416894.86,1741819719.85
2023-06-16,510862345346.3,206369179860.34,83506842873.42,37266887790.31,6110205516.2,28349426488.06,24732446365.5,8681662907.53,4808507347.2,9188981006.82,4022495317.81,3981275515.18,6350348307.58,5279000948.51,2098727702.56,2750496539.75,1117524518.28,5479468154.6,5563734195.79,1745569762.77
2023-06-15,496264527631.0,200224535661.62,83492401174.36,36825242367.48,5891453448.75,28217148127.72,24959878736.6,8597074930.78,4796556332.32,9146101999.17,3980295560.76,3932790391.09,6390362123.7,5229785868.81,2033695722.02,2743757804.98,1100729051.07,5485089578.91,5451766156.45,1730320564.97
2023-06-14,487476514345.28,198432174708.73,83543698393.95,37026895487.58,5781692703.49,28094240014.23,24965212197.29,8440321635.6,4770219554.05,9190433434.82,3863524502.02,3920520583.21,6392510704.18,5458648938.62,1976790318.91,2710926264.95,1075651494.53,5752059527.28,5351504273.17,1656771711.46
2023-06-13,502863816038.37,209079208633.39,83484226668.46,38011354861.71,5991917041.84,28178483989.6,27037736450.99,8626155865.76,1845253855.61,9600323176.73,4003399357.06,4065764770.47,6479172873.82,5519221308.52,2044282463.4,2737305851.39,1098270942.98,5985287447.74,5664118267.15,1729709103.87
2023-06-12,502523702241.22,209498804938.46,83371070817.26,36010376072.58,6063154425.17,28318565399.49,27330675869.06,8588442035.66,1851291411.65,9601355339.66,3932954777.92,3973414431.36,6400200593.86,5410629389.34,1994765690.01,2670065229.98,1097739377.15,5973341408.38,5671195064.67,1625807875.48
2023-06-11,503230985845.05,210808348254.2,83387764365.56,36694210385.53,6199943622.36,28380686460.78,27096702674.58,8605500509.66,1831635412.03,9515862809.57,3931399870.86,3992264794.43,6323858325.69,5396018767.98,1996608992.85,2675026129.82,1106015859.77,5899494719.76,5681745777.5,1596295950.34
2023-06-10,501477392550.51,210685427348.37,83393136821.67,37263159612.28,6236086849.34,28363395411.47,26419755525.27,8642790598.54,1819843685.58,9640271376.15,4047251873.95,4028457837.0,6272503062.08,5400044798.15,2011845843.4,2710185760.16,1101054800.08,5684763333.25,5655774285.65,1614932071.25
2023-06-09,513657047934.28,221248657889.82,83317371728.0,40633881849.37,6920369198.51,28330513599.22,27964719425.63,9707635399.58,2080160056.91,10310706707.39,4647514535.39,4748352916.11,6487877195.07,5942598691.65,2150769768.58,3095581278.58,1268572425.33,6760047357.07,6523757649.96,1862279453.14
2023-06-08,514170400421.06,221982607204.4,83327320375.75,40857170518.39,7529520255.98,28444460282.64,27269590015.48,9493935762.38,2044592191.88,11278744139.78,4686902636.92,4804600619.71,6985472880.97,5994564249.51,2170085583.4,3100176512.35,1292767480.77,7258753340.33,6467119247.5,1823420170.24
2023-06-07,510996613395.63,220311724080.98,83296300414.67,40427510244.25,7419967247.2,28516530699.06,27013904807.84,9399980821.27,2000606189.91,11246811715.04,4642970047.49,4839201441.74,6918311766.25,5988437219.98,2158476060.58,3058164059.99,1291831755.53,7108713117.17,6494375190.53,1830161990.96
2023-06-06,528291607015.54,226580142941.11,83233493572.2,43872601590.66,8109150852.29,28646900641.8,27577226652.42,9828276571.97,2044146679.91,12342517472.98,4820558960.88,5039737961.43,7053776898.38,6234574235.34,2228291575.45,3237387308.8,1400228562.19,7652054670.69,6645179217.32,1932140131.62
2023-06-05,499587457194.46,217846438558.82,83191412378.33,43154733695.11,7981806704.43,28789857372.68,26533840027.56,9296629989.69,2028876628.44,12283211701.98,4711496215.92,4786058425.86,7064844626.41,6046240712.21,2111927718.68,3136702453.36,1371083162.39,7768109428.61,6419030628.56,1897219825.57
2023-06-04,525920232790.71,227308028004.55,83165013521.22,47560448780.61,8661446017.19,28902262332.87,27860418486.44,10119376913.16,2138358826.48,13179267542.19,5074762771.82,5088311066.68,7348164173.89,6336289067.84,2246393134.41,3338409945.58,1476330654.61,8289867862.58,6890160509.02,2092230845.02
2023-06-03,525043616807.54,227537459456.49,83165705422.38,47804181308.34,8398112639.29,28904632696.33,26999494033.97,10146271313.61,2129454363.49,13120245110.47,5066537387.41,5016617546.43,7380953342.94,6347608333.25,2230660298.64,3318189474.05,1474947176.64,8347014575.71,7013958180.1,2094576158.38
2023-06-02,528404436446.27,229333834483.7,83281600360.24,47913896428.79,8438523518.67,28910053383.16,27311401350.17,10136989228.24,2132428235.61,13198161109.2,5068560303.25,4987121636.18,7464650974.15,6286020646.19,2228687406.56,3338588909.43,1472070051.35,8353170091.1,6971209047.78,2100177788.89
2023-06-01,520044966564.46,223921509068.45,83250111568.67,47528904300.99,8131078418.52,28970468921.3,26372062614.19,9979728073.39,2176812583.11,12722912516.5,4988164773.43,4853014098.97,6745711809.89,6201238551.18,2200203284.36,3281752337.33,1409725513.38,8245393702.4,6864900234.03,2037633390.89
2023-05-31,527773175252.01,225361512775.62,83212070951.08,47827181093.41,8258826163.36,28885048840.78,26895488013.23,10002232100.73,2249023659.77,13060569781.48,5041620423.33,4857252368.3,6792581068.09,6326488643.44,2198151401.36,3350857085.96,1426708170.78,8289532128.87,6613403720.53,2042929391.97
2023-05-30,537106462875.19,228601344794.0,83155487269.68,48578128710.85,8426422146.49,28957229454.18,27132112414.04,10099037180.32,2280918357.87,13183883522.49,5116468649.49,4970988873.87,6894670718.89,6474248810.92,2214922543.17,3419920563.0,1466599377.76,8365177793.95,6743227895.75,2110317879.3
2023-05-29,537924888418.9,227650784838.18,83147373394.78,48597298700.93,8161778015.05,29034147585.76,25687665112.64,10213049686.12,2273041955.46,13225042860.25,5137163407.53,4982191625.34,6873805841.4,6492349713.79,2231228361.18,3433691100.9,1483479383.41,8438748605.12,6645698985.1,2128560248.33
2023-05-28,544483610242.01,229798912476.57,83141485173.53,48981213310.01,8243146765.87,29060571707.84,25102181890.81,10271811086.98,2346011729.88,13358108791.68,5195846225.45,4997741881.85,6991033697.4,6547306887.09,2261046673.99,3432949876.01,1517948029.24,8740222969.49,6687419833.95,2184504411.55
2023-05-27,520858138785.14,220204378895.01,83164021680.69,47940402878.95,8095197389.75,29066684768.54,24548875918.88,10140990987.05,2354757100.76,12790627465.16,5089372944.92,4868371183.14,6968350204.16,6342576108.78,2211233187.98,3330227281.63,1487800661.59,8546128983.75,6472851366.17,2144676562.99
2023-05-26,517943916949.93,219914764942.45,83118891107.33,47830504771.28,7675785203.02,29084962230.7,24387491299.25,9902959001.51,2340134722.43,12654960578.72,5043489901.08,4800203310.22,6815555269.58,6234600263.67,2197719372.15,3284717720.73,1436206205.57,8459396402.68,6371260662.55,2108120612.03
2023-05-25,513207340509.25,217184216646.79,83066949522.55,47492002139.68,7631148930.06,29059951922.86,23536605398.05,9886888826.58,2357146370.53,12499337235.09,5013616873.59,4716406607.2,6935976143.64,6227950014.21,2171898626.05,3246987960.72,1420500714.2,8258846205.7,6321910482.17,2103598463.46
2023-05-24,510440697384.33,216485036956.1,83030147954.97,47681999495.27,7616507730.25,29143145320.56,23530151449.08,9866374874.17,2406242228.88,12701431937.21,5020838153.74,4733810880.85,6944632101.4,6244656828.48,2176540088.61,3271725396.46,1429497751.33,8110460222.79,6277423850.91,2105953262.4
2023-05-23,527685629563.87,223019695977.43,82971201899.98,48862444892.63,7938827666.8,29267453750.37,24143344224.28,10162264349.15,2463652679.5,12917833445.39,5244424655.28,4922367617.98,7088542954.07,6409819178.8,2243602898.14,3365457352.55,1493060433.0,8257615861.71,6687937149.33,2199581659.32
2023-05-22,520401926578.4,218593840135.54,82935708430.02,48198456235.97,7740351982.37,29419624251.21,23944694326.28,10180044174.97,2255850679.08,12829535624.21,5179351420.73,4911762193.2,7061243504.38,6303443484.28,2226419391.02,3376627135.09,1462939879.96,8091439520.32,6637175224.47,2216030998.82
2023-05-21,518489461930.79,217032947920.34,82929257908.12,47771639109.14,7764489644.98,29551205669.46,23734559208.61,10059684186.09,2244895944.05,12563402691.64,5026934350.55,4782515955.23,6787291289.4,6254763531.27,2224078232.38,3324678616.52,1461799107.32,7950488212.37,6733770533.89,2205367012.94
2023-05-20,525746096848.12,218953899552.53,82942140284.88,48428366951.04,8032177675.53,29559183204.83,24332727397.44,10271764431.47,2294725360.97,12772517514.76,5140155732.88,4887225656.72,6564390867.16,6420432318.07,2260582909.68,3367619352.39,1508053400.8,8139441237.49,6739747556.84,2280719943.61
2023-05-19,521083278041.79,218010422175.62,82877488814.14,48154783754.53,8056626825.73,29559219385.46,24275682787.23,10250741455.66,2309929706.63,12836359551.03,5117755074.73,4897837013.8,6386672392.35,6366245373.05,2240679155.52,3365497928.88,1509618219.44,8081809802.75,6690342549.53,2318049719.29
2023-05-18,519935930271.57,216710693709.2,82851802361.16,48231592172.97,8053504381.32,29596532462.84,23860882332.93,10252456021.49,2334816138.93,12969453234.83,5132530270.18,4902584717.06,6351592135.99,6378116456.39,2238763909.85,3379151319.87,1501266486.15,8098199368.08,6605149681.08,2301481949.87
2023-05-17,530890147614.67,219138701233.08,82853068468.07,48952789707.3,8338939703.11,29510070414.37,23253852493.74,10441747742.55,2401117570.52,13084494423.11,5174897591.74,5053935557.16,6422704918.48,6414474317.26,2288701631.57,3492439776.4,1540603295.92,8237199820.89,6848583918.4,2345202372.5
2023-05-16,523846408825.17,219418097417.64,82832261956.19,48531494991.82,8181227104.12,29662795049.21,22882373724.95,10136629695.09,2439525048.83,12819821186.6,5171338004.53,4965021943.36,6379165684.31,6276497522.72,2266392344.11,3443391638.5,1500676697.26,7825148387.07,6553657189.01,2282492080.01
2023-05-15,526844318152.29,218655541120.21,82828899865.97,48866560030.3,8310729492.7,29815849652.99,22163904274.94,10040441777.99,2446699844.27,12807744526.72,5190646157.39,5024286621.14,6351589627.23,6302284097.74,2254784207.62,3432536019.59,1500450971.19,7956878610.41,6349557040.49,2290451212.66
2023-05-14,521742220416.76,216604520919.49,82839704395.79,48649436453.51,8286544260.32,29976859444.82,22075646338.39,10031077803.75,2446256428.96,12922019994.92,5180112545.56,4999736287.22,6276612523.11,6340594204.73,2236710395.04,3383803330.14,1492242995.75,7952441482.39,6084788649.7,2262840992.78
2023-05-13,518873704830.19,216076864886.01,82843505411.34,48486000300.14,8253091290.04,29977938190.76,22026044796.55,10001002467.76,2301670172.34,12719929243.28,5147551676.44,4967339527.84,6275405726.08,6335752959.5,2193398168.45,3361351417.82,1494300688.59,7856565019.89,5855273604.34,2244635739.5
2023-05-12,519254029391.83,217509042565.53,82774540566.22,48098937716.27,8268603754.88,29976502316.61,22327467995.26,10094985737.55,2267327978.21,12907626006.33,5214573780.97,5047464900.31,6250438534.42,6353775467.82,2229288497.5,3424217605.32,1484332951.33,8001577741.54,5869044970.6,2279055419.51
2023-05-11,523022981321.22,216135216883.07,82672166058.66,47957598258.64,7998311001.56,29992036239.24,21869283782.56,10041887465.21,2375301356.63,12544397477.13,5126247674.16,4964998818.34,6125615372.51,6253279348.83,2200842957.55,3292350269.61,1437426341.31,7792684407.38,5907733418.7,2185087241.47
2023-05-10,535026153601.52,221673504868.32,82560733200.3,49030236315.4,8278980712.08,30127463333.03,22335512674.16,10199876636.33,2426688033.96,12889337510.22,5313027577.69,5148627841.33,6280626614.56,6470326840.05,2249941625.79,3410741680.23,1494187501.37,8115104270.1,5909280775.96,2311980598.68
2023-05-09,535713623918.83,222433950191.07,82398341542.09,48708650350.65,8169421119.62,30155222154.44,22284433210.5,10186728748.05,2429281935.52,12675716887.17,5309155916.65,5076592571.95,6251983633.51,6300631471.72,2364731130.12,3373696138.18,1459453515.6,8113127904.03,5832279298.06,2304830973.59
2023-05-08,536375393861.25,222504389357.37,82164419978.29,48935898219.22,8157419943.56,30232639178.72,22233996403.66,10092980793.26,2499869121.93,12743745822.01,5259356693.84,5101345763.07,6194748618.96,6354567282.04,2159624322.26,3408617631.98,1477615438.54,8330472763.05,5675211620.59,2327798961.33
2023-05-07,551083296208.8,225414591269.9,82209951575.01,50126733781.06,8626083965.27,30400289561.96,23345911524.89,10682087628.92,2506426657.18,13128013021.84,5530642455.55,5438281644.07,6277462146.26,6666336238.44,2256192376.59,3572971709.71,1561347547.28,8931518969.57,6089996988.4,2419489248.94
2023-05-06,559767467680.94,228705408822.97,82228950652.58,50308060610.33,8663100980.73,30395313007.28,23822036891.15,10721175333.93,2549274740.95,13239918693.76,5590933909.92,5497908654.35,6367421127.26,6678917893.36,2271921113.63,3590492764.2,1590296828.74,9044052209.91,6093733023.25,2439981765.9
2023-05-05,571935354879.7,240145032619.42,82146132822.07,50957480634.42,9001879674.35,30390063661.68,24249736807.5,11192327848.62,2570982229.0,13743792213.23,5899280229.02,5742830593.14,6429442405.81,6913056251.24,2329750035.91,3741694360.88,1675538692.12,9239598415.39,6472522214.57,2592247374.72
2023-05-04,558617183940.51,226030254515.46,82022813951.24,50486355744.86,8564463502.08,30144929414.86,23894825542.95,10920989553.94,2561549257.25,13491827354.68,5833840561.93,5580312403.5,6290212787.0,6693029061.28,2275727079.19,3618517304.61,1651446801.81,9087988129.18,6446792310.49,2573523735.03
2023-05-03,561661086030.57,229285466097.66,81890309521.2,50844232461.5,8756679759.16,30171360875.47,23994314429.7,11095914063.89,2501552822.36,13715148066.25,5966735799.7,5672865399.52,6272249558.68,6819881196.32,2329325850.41,3683340359.16,1705252213.57,9310111477.81,6475328927.75,2583442606.24
2023-05-02,555325979264.04,225222354683.52,81836688399.27,50180295093.53,8773627268.8,30257276351.17,24069690926.32,10968507619.29,2582652736.08,13637986351.55,5905873165.66,5543848610.57,6273356735.7,6747247097.89,2311139198.46,3612746332.44,1645453430.16,9036678638.45,6431108966.58,2500321570.15
2023-05-01,543900696259.74,220556145427.76,81744969562.64,51235778714.41,8645952414.3,30388836550.1,24062362196.35,10969381562.07,2558806815.58,13466844643.75,5875879285.0,5474368413.31,6207138707.24,6685343314.14,2267018921.99,3568521036.91,1645543563.75,8880760925.95,6317280637.33,2512361916.47
2023-04-30,566661285145.37,225975170377.92,81743942509.34,52626345936.38,8978360112.34,30510160911.79,24443538173.72,11100461915.79,2618365475.98,13832293738.71,5961728010.08,5634149963.87,6102864381.1,6958677817.4,2290917509.22,3646633259.07,1733311601.49,9102226857.83,6447081343.84,2802422331.47
2023-04-29,566240497928.76,229830520243.3,81747198673.81,50208845676.31,9111569836.61,30509624175.89,24758076467.23,11358325019.01,2647506383.24,14021322181.97,6067592646.74,5730101507.62,6163433895.17,7120169413.78,2320415748.6,3716771178.18,1734352237.89,9278162918.89,6632372570.4,2833231306.27
2023-04-28,567993007155.91,227866713240.43,81672327936.96,50577600741.44,9183570845.34,30495814372.6,24854392601.42,11181092743.02,2634504075.88,14093307983.59,6044686748.06,5749335017.66,6046835542.16,7010096954.91,2288991175.03,3645624170.34,1715302565.85,9238848618.56,6532993398.26,2635280752.53
2023-04-27,570550222405.71,229822540123.19,81588668568.52,51621150963.99,8777317134.67,30519597474.0,24160789361.92,11155808406.96,2696472107.39,14262469955.67,6058977348.82,5796270129.53,5964720380.31,7034475761.07,2270863672.35,3707815901.71,1719775718.33,9365346297.14,6529195687.54,2501991759.15
2023-04-26,550180352607.55,224743281403.41,81599877414.72,51563040287.37,8362005606.06,30748100347.54,23910811594.08,10936691975.3,2728342338.23,13972035350.57,5993368330.26,5620294200.07,5910158481.91,6884929301.14,2279497183.95,3621886972.92,1689741631.68,9121212513.63,6424225523.11,2313558730.56
2023-04-25,547928945542.45,224770081704.09,81551703655.07,52732684626.35,8612236136.02,30685197838.91,24322621362.13,11105927575.49,2793897214.37,13743120513.09,6114201134.06,5768338064.12,5972704808.05,7082871077.12,2328821635.76,3760113347.82,1754340282.08,9303611978.64,6631323552.47,2390029462.17
2023-04-24,532766516006.96,221884640081.19,81461699758.72,51629335908.47,8401747226.9,30748671675.8,23871250035.62,10956884702.9,2807354866.92,13360205920.13,6059426881.42,5535484191.1,5998750657.15,7041914809.14,2311854830.99,3659229137.86,1683807537.05,9156238756.96,6434128618.24,2341777271.11
2023-04-23,534020212996.71,224214876354.3,81443741281.11,51531648822.64,8436749410.77,30803812540.4,24064973700.95,10960839718.58,2842378114.77,13534508992.02,6092817136.62,5509990844.0,6048340461.44,7054454616.87,2323382945.53,3661031920.43,1707335063.62,9253357893.37,6323632636.23,2353615862.56
2023-04-22,538371205878.3,225683705622.92,81436930422.2,51746215675.32,8565902639.99,30782268647.23,24460574337.53,11176029135.75,2819883088.33,13781636264.12,6168423182.09,5630230574.41,5994316673.27,6996284042.88,2368024229.06,3712671710.8,1736252553.71,9453129953.56,6337664348.76,2436822692.65
2023-04-21,527883377617.69,222770468530.71,81417332932.2,50137693950.74,8354361123.9,30789472389.71,23256583202.32,10911369755.79,2760522416.25,13321961568.85,6061920457.2,5538639139.41,5897571574.15,6877467999.61,2319707922.74,3680536673.35,1717215439.45,9336331120.92,6221964233.28,2402671441.42
2023-04-20,546611911812.66,233980980710.34,81317221248.69,49547838246.92,8706109175.47,31001284591.85,24574282982.66,11669039184.96,2771761477.19,13940927913.93,6246248069.76,5987964755.02,5935793294.31,7211922167.6,2384676429.73,3887946069.97,1823542405.77,9654170783.03,6564838245.07,2551216008.0
2023-04-19,557748035703.28,233174888108.15,81231393888.77,50298806444.68,8914699148.21,31250960378.5,25440636297.98,12214345592.88,2766122422.36,14464923077.34,6392945671.29,6203840188.28,5976274690.96,7443040230.33,2422959072.67,4018052745.79,1915725538.76,10008223931.65,6578828425.69,2655683668.37
2023-04-18,588197752221.23,253420968662.13,81094385069.77,53491920586.13,9750379899.59,31379769324.13,27545102529.29,13063917997.1,2825402789.72,15434546657.93,6827058569.35,6933403425.26,6060176040.68,8268966433.29,2587649909.32,4434855700.17,2088701293.14,10804267815.08,7408161906.9,2955398507.43
2023-04-17,569735854496.74,250013873106.98,80974676248.86,52993350053.7,9635416804.76,31634987990.92,26451231195.28,12709739902.84,2811327350.38,15099209627.14,6706357341.56,6692155900.38,5972294249.52,7881378768.87,2549071407.65,4221771306.55,2035281709.7,10629619781.8,7176379022.92,1891520113.14
2023-04-16,586546802552.23,255283637377.77,80965191181.81,54275690979.85,9950761125.91,31822883102.73,26982441053.72,12572717971.82,2879096280.67,15710899753.13,6821501433.67,6589925001.96,6043016493.61,8041163247.95,2603922893.76,4207589377.32,2068986185.27,10914575665.6,7291430030.07,1840586035.59
2023-04-15,586582359795.4,251967491965.49,80974942537.84,51966811409.86,9436092839.33,31828477164.16,26933378689.85,12363343258.78,2865711079.02,15763932023.58,6828665268.82,6232864308.0,5993703041.44,8008313040.96,2571875401.57,4143670480.36,2061567983.21,10813456407.93,7043573473.37,1783742992.63
2023-04-14,589786626446.89,253071548117.31,80823595399.03,51307022507.24,9705211459.11,31812535825.88,27117062181.19,12335793356.96,2853583704.88,15244034259.48,6641214715.59,6278836034.38,6017809713.12,7920609625.74,2565729780.83,4008743621.19,1967026048.5,10713392862.02,7012595336.19,1665664785.27
2023-04-13,588084165990.41,242437493117.35,80657543260.26,51299960753.51,9568658412.25,31943753026.37,26563293568.04,12153884078.16,2759113530.76,14803904455.27,6549377702.34,6150113915.86,5932543887.28,7810851878.11,2541234954.99,3859925063.85,1949924640.99,10461135804.14,6852545542.2,1655363444.5
2023-04-12,583034311648.57,231361104948.42,80636864902.92,50353689277.23,9393658012.39,32051316844.37,26191853777.85,11590290296.7,2679853261.01,14135043154.13,6448345092.34,6031320536.08,5907693132.96,7541756869.15,2495287837.66,3749223504.78,1929504020.97,10239324962.15,6724472128.33,1607736507.56
2023-04-11,584854674446.17,227928964948.72,80519001546.28,50959054972.77,9010703871.75,32397025036.61,26749708885.55,11700496196.06,2716485893.86,13957025976.68,6518627635.01,5924576742.51,6036448262.68,7552178595.28,2500419883.13,3781955396.45,1814705134.98,10269456045.21,6855083955.35,1613295841.61
2023-04-10,573568312635.13,230219806237.67,80368189247.06,50267708515.27,8104132828.56,32374996357.05,26791069408.44,11784713830.87,2693336903.65,13801756696.95,6559536954.84,5848701660.39,6119583626.88,7391371170.76,2477985914.43,3797926155.61,1787871928.54,10309908033.51,6818689026.21,1568192205.02
2023-04-09,548015190714.46,223977715590.51,80247267378.84,49398327195.37,7877620348.04,32592157074.22,26145783968.96,11566660083.62,2717815431.41,13548103031.15,6462201339.68,5727390424.59,6058451213.4,7301713145.32,2430738145.21,3729373009.31,1740623476.07,10098527207.32,6589491078.13,1499593762.49
2023-04-08,540536533674.58,222786437114.12,80229366937.32,49045109218.98,7772940907.85,32594591021.99,26139670730.26,11303822549.0,2711165247.07,13404282454.43,6407087357.14,5695993765.71,6013727179.26,7205872829.35,2397085105.08,3690822882.23,1707211206.59,10103663296.49,6537859853.75,1467343203.3
2023-04-07,540086456069.02,224730370763.71,80246186915.92,49055397081.59,7941127596.05,32602240818.26,26554250786.2,11448591065.11,2738576368.88,13333347053.75,6450480181.29,5747925797.15,6010977921.79,7261399851.8,2413703702.88,3763164623.06,1748125819.49,10057330534.54,6585369985.95,1490414420.31
2023-04-06,542349825341.83,225608098485.43,80152190395.7,49332583159.41,7979840111.64,32755947278.42,26014728556.17,11857921067.8,2760308479.46,13318277764.3,6457868849.72,5870925116.64,6010608537.73,7372234639.37,2440492100.3,3723121595.47,1720783906.16,10112357453.2,6605831645.39,1458793557.35
2023-04-05,544910072721.85,229967634146.98,80014930164.44,49586621147.77,8117656148.02,32616092871.35,26146735514.06,12884660000.73,2830921457.75,13636420142.49,6616775766.24,5866737758.25,6012620314.83,7515150034.45,2463109434.64,3787882546.75,1755178394.56,10356414070.61,6728127603.36,1497724879.96
2023-04-04,544693901827.85,225377122390.06,79925744083.03,49102236622.52,8098499393.03,32697344113.67,26004383762.16,13208604268.65,2770315617.33,13543249833.05,6614927950.08,5752923573.3,5984041388.7,7557094276.9,2460846216.97,3815689582.82,1727953945.32,10343465409.67,6725874611.54,1489003815.98
2023-04-03,537360742269.69,218064367254.84,79817448013.55,48718247160.33,7890447207.2,32639286969.64,25667659149.74,13334922678.27,2734833679.45,13452060841.95,6620338670.08,5574345246.54,5983044602.55,7544330069.62,2474265247.31,3743466912.77,1688004818.54,9961453664.61,6756970738.5,1469889029.38
2023-04-02,545245950698.05,216307003100.76,79712741574.79,49565588033.19,7920489152.32,32531061019.4,26803620002.77,10975862482.76,2763717926.48,13263150756.35,6374221162.82,5626871630.2,5943306249.58,7348649018.54,2381235398.03,3753780655.47,1663183641.14,9956789008.67,6754743507.02,1512865640.76
2023-04-01,549318113504.07,218493608915.33,79717859040.34,49769112958.81,8089684453.4,32520476280.55,26600884289.84,11663497827.6,2759107537.44,13389410757.04,6681924449.37,5756990191.06,6083276300.67,7513370209.13,2430253531.08,3865054194.51,1715088180.24,10038261618.57,6743976625.32,1552694859.86
2023-03-31,550593053896.62,219476732219.84,79682243497.42,50056964245.78,8163409987.23,32525339346.63,27828271564.62,10688721915.48,2751457974.65,13859662621.37,6393650299.98,5774034243.6,5972484041.65,7430776144.0,2399831293.36,3927151161.28,1725243902.99,10162513885.69,6511493687.03,1548994288.87
2023-03-30,541964802720.42,215949128328.34,79648319998.92,49982441630.69,7916279051.33,32858380631.12,27609013087.3,10300573895.83,2545211277.71,13079186408.71,6226394087.65,5619924021.66,5901045667.85,7168519736.16,2343861143.47,3740033980.89,1668151400.52,9919612292.99,6465525611.69,1495376505.3
2023-03-29,548025510532.62,215981019411.83,79519982629.33,49552135789.79,8120560069.34,33262642009.89,28091096060.97,10033549236.26,2580826747.04,13254754310.01,6297003973.83,5635536825.12,5858389389.22,7238912003.85,2386113071.08,3817502476.71,1732564220.54,10196009545.35,6630565437.69,1534742211.28
2023-03-28,527117850100.66,213545817618.85,79480373920.42,49460441504.2,7871459537.42,33317773424.64,26617281708.04,9794188582.01,2579807541.79,12793325140.62,6165150993.61,5449798161.36,5847871377.36,7103261294.78,2342769755.49,3596603033.14,1633295793.82,9876517482.9,6470077053.66,1441797008.34
2023-03-27,524615890807.42,206640594451.73,79198869532.84,49095551996.82,7650501907.52,33461188938.63,24805077972.13,9670972504.8,2557176544.63,11999892718.92,6137389889.86,5376735025.86,5791095668.67,6877542118.51,2327015643.33,3553900546.47,1599104881.91,9506986084.11,6477281581.88,1420314801.98
2023-03-26,541106062437.58,213894072247.77,79092873689.21,51927975468.22,8052508483.52,33879174436.7,22867642500.53,9872998519.57,2588031156.74,12372765630.66,6262354634.24,5581936364.13,5849993346.77,7084342643.63,2416019737.28,3755237496.31,1698055585.73,10039352278.77,6787108379.89,1488755282.05
2023-03-25,531424045822.58,210050027977.62,79089332696.14,50946789304.43,7849492542.82,33908793710.24,22658711029.1,9823505288.0,2559812134.85,12225176329.79,6195809490.0,5498865124.31,5805681711.0,6914327348.95,2421309383.0,3663564083.75,1667136223.12,9799679375.45,6645340220.69,1459229361.9
2023-03-24,531370969956.36,211047426899.42,78584893830.34,50897314959.58,7938656315.45,33918227485.42,21700105315.18,9907836546.39,2557324885.73,12503489161.23,6262308304.11,5533556688.55,5780906130.92,7098949167.41,2396822982.24,3726683502.11,1702426052.04,10973975958.56,6799118791.75,1476299179.03
2023-03-23,547590658474.12,218800128547.15,78121147531.73,52078037492.72,8526335021.31,34379543260.59,22665534570.94,10270276504.18,2663148787.62,12917063950.63,6398904430.19,5720376800.49,5947642092.99,7397551698.77,2491862555.38,3940977495.38,1773271093.21,9931126052.48,6797775971.87,1551827919.83
2023-03-22,527720639354.35,209321523402.76,77581818037.01,50822991269.6,8243270038.35,34700614696.57,21525747665.19,9817491556.09,2910764276.61,12520190262.88,6245760086.0,5464312495.34,5457442495.77,7089439424.23,2441915330.24,3712934831.72,1690164460.47,9694672184.9,6336879892.73,1518366355.95
2023-03-21,544473344614.66,217638380110.08,76974469335.53,52942208088.55,8676355478.74,35237609419.58,23932164231.95,10201528051.1,2937317079.32,12888999616.83,6469562754.05,5693820944.86,6124465759.14,7457232276.99,2600913673.45,3830457170.65,1797091646.03,10101302484.49,5997922143.74,1571602089.01
2023-03-20,536553055078.31,209032940689.56,76246216707.73,52565516822.76,8507167040.19,35317237967.55,19087613742.24,9484198877.75,2907590168.13,11547419916.14,6169390592.29,5418625874.53,5936468686.61,7119808610.15,2526173507.98,3649558739.2,1728135015.49,9643536323.57,5685409727.18,1516076263.59
2023-03-19,541771324421.11,215086583974.42,76450055219.48,53205871424.8,8399587655.63,36218653593.89,19792636070.15,9925476913.11,2925595829.27,12010700678.55,6457167494.08,5718836529.96,6088557901.75,7555115077.1,2632869764.53,3672773154.31,1853200071.09,10210043820.52,6121218362.2,1609125136.24
2023-03-18,521018360376.26,212205607533.69,76359029716.02,52344805502.31,8128292460.37,36227118739.29,19077717827.95,9691534500.17,2955522702.02,11721052689.84,6317511258.93,5531311650.16,6007918258.46,7388079157.96,2539603658.78,3585350794.44,1802184917.5,10233234216.0,6015929154.59,1580135011.85
2023-03-17,529839581714.46,215918773546.05,75346033751.95,53538037405.63,8291613412.04,36259387462.25,19380800907.96,10150506287.24,3017133832.57,12165718141.99,6584681485.37,5745802257.85,6183565723.85,7873292773.28,2622496122.8,3736240710.51,1874672540.07,10695169754.87,6198514125.55,1674488129.25
2023-03-16,484005642386.83,202033649417.36,74410346747.13,52082308342.2,7564303953.96,36882633430.91,18649316295.01,9647612830.43,2979019812.68,11293174613.39,6211901293.71,5169256905.11,5963068753.61,7119037963.29,2439411721.11,3451391103.16,1705424140.57,10050991352.97,5731009173.12,1536696615.0
2023-03-15,470908667056.64,199499822333.54,73688347084.95,48492559791.01,7392053745.44,37542363191.12,18370734850.54,9269225080.18,3001974684.47,11267301605.57,5714585109.87,5074074865.08,5958947485.53,6866712780.08,2387839802.25,3387564043.26,1668374495.55,9732158980.0,5540273434.8,1535779456.25
2023-03-14,478037073214.71,205200679798.55,73136281603.01,48847234567.27,8017180804.16,38394255193.34,19069843645.36,9922056499.26,2973344571.11,11947457709.19,6196192714.73,5593156610.24,6125910569.71,7281789022.3,2540492439.78,3607261475.39,1837242870.41,10487815770.28,6113986913.39,1640214318.23
2023-03-13,467417380966.85,202406284667.62,72834565865.64,48774894446.61,7828101948.8,39467866519.24,19044718112.67,9690358172.95,2949979267.18,11955424330.52,6073056124.81,5371483034.96,6134719102.27,7129663976.87,2456508597.88,3504065212.84,1768674048.34,10423538816.25,5926218159.7,1589074713.08
2023-03-12,428114557464.91,191563151759.52,72632240658.18,45737678819.63,7778097445.21,40315868122.03,19020903151.52,9419770532.22,2888472411.33,11502814323.25,5932627747.66,5291998840.38,5906625629.16,6895471001.32,2339946136.25,3407677418.03,1687876440.86,10105499451.28,5530212803.42,1553994757.93
2023-03-11,398509689462.45,178592704222.12,72628751184.14,43888118187.78,6979769156.22,39692025359.6,18690407767.9,8835092065.22,2770685231.46,10662752897.35,5688146083.08,4765369657.19,5410791319.38,6417811152.64,2210506280.34,3210146428.55,1566850226.51,9295779745.52,5051064321.33,1405476972.46
2023-03-10,389890609883.9,172153210218.33,71979477537.98,43802636227.98,6988737402.43,42727237989.87,18883549994.47,8734127333.97,2742745874.86,10940893217.49,5650419819.31,4825707273.85,5242140764.45,6510341946.02,2159465293.51,3218970668.55,1560263633.57,9248805104.38,5199427059.87,1458807009.47
2023-03-09,393268847887.5,173297871028.14,71739464275.28,43783204222.91,6628088184.92,43415394186.87,18960379511.33,8754591055.78,2825786249.48,10742108813.63,5536259084.82,4685404865.94,5337947056.25,6266327432.76,2129696253.14,3184660779.69,1548925928.03,8868513130.24,5558851963.45,1393576987.99
2023-03-08,419421447158.25,184792856647.91,71736909135.13,45294444955.49,7054346524.44,43470601160.54,19829460172.09,9436859932.33,2900179103.99,11014605649.37,6007782013.07,4922907649.62,5960078917.81,6514462782.15,2253706617.74,3404803221.48,1593036803.09,9186646147.48,5996702586.18,1477750503.8
2023-03-07,429090671120.0,188146989947.68,71592425628.14,45685558980.55,7750027547.15,43600019880.2,19389246273.88,9823982586.69,2820955015.42,11462183051.03,6098757189.34,5259545618.8,6052589498.03,6840165517.04,2361444046.98,3553211412.73,1732454821.02,10040881080.52,6250961207.35,1558661555.13
2023-03-06,433122543176.49,191808639047.21,71480244045.01,45482133750.0,7888834905.22,43691939891.83,18875845024.64,9924407556.92,2911504348.41,11473897110.28,6126128360.02,5371694912.47,6157494327.44,6891147162.44,2400727605.7,3548443250.49,1779028516.64,9885080077.7,6331552664.28,1555997060.41
2023-03-05,433216160786.45,191450085930.19,71450370818.94,45583995083.99,8019674678.27,43980818759.52,18708866161.13,9923061953.81,2915088706.25,11691782766.97,6100188949.78,5252884573.1,6145122488.1,6955830776.74,2397569421.35,3590859733.45,1758349906.9,9934851222.83,6514229400.03,1562483152.33
2023-03-04,431607268094.04,191750540944.79,71367261624.03,45711023160.68,7946100439.04,43827273128.6,19046115907.97,9891452842.18,2892806168.49,11668407057.63,6105991641.98,5239281148.09,6093518786.64,6877947977.23,2404721922.23,3543400244.72,1772412337.25,9838727038.08,6465508116.21,1572611998.93
2023-03-03,431765463285.53,192025112411.57,71123749440.56,45834074108.07,8110041433.06,43532136633.96,19242687646.68,10186027366.06,2926321899.68,11883046879.04,6244000275.96,5409452577.42,6137720347.65,7016927364.75,2437641826.49,3572333583.6,1814564101.49,10199558808.09,6556068685.84,1631362843.93
2023-03-02,453226586695.74,201588829111.97,71069270125.65,47359929586.77,8329009785.75,43154780190.65,19238025097.88,10682666198.91,2960646640.41,12141992460.69,6623358042.56,5666750646.4,6366385498.97,7355442543.43,2545631660.95,3692016703.85,1949652604.03,10697556470.3,6896256457.69,1728468790.11
2023-03-01,456508161672.8,203560807723.74,70978653648.43,47827580737.57,8526627438.19,42561287473.2,19558985493.04,10874289910.85,3083211195.72,12493887443.37,6725298392.46,5768550298.05,6388038104.16,7594189404.13,2594271515.54,3824612736.59,2004514763.48,10902485920.43,7075143932.38,1801646654.0
2023-02-28,446846764116.35,196519595895.71,70941051092.61,47601444433.23,8293114612.68,42439077740.12,19216118795.59,10713046352.52,3064987356.45,12219933289.19,6602897719.47,5547291970.71,6309833205.82,7372056514.89,2549657537.26,3653889384.02,1924476360.53,10439600872.3,6788906586.42,1687280489.86
2023-02-27,454075216419.73,199998836364.05,70896112177.29,48135374450.8,8586734682.83,42568713399.01,19316258143.62,10793363609.94,2990105726.62,12648721551.94,6873345019.98,5825848083.34,6346102532.89,7652046531.33,2611199653.34,3697777738.43,2025511210.79,10791111120.42,6809483490.82,1785895061.01
2023-02-26,454795165822.83,200793139093.29,70853056161.11,48789334458.77,8796808992.02,42627802559.27,19261559273.94,10905805148.02,2955075605.62,12788186746.66,7050499331.07,5816921088.16,6357703525.61,7767630631.61,2632884398.77,3805865325.16,2049412298.42,11190260041.65,6893443731.78,1817824343.47
2023-02-25,447323985682.72,195175909086.02,70807584542.65,47745317303.57,8521883475.19,42552497476.79,19263772901.08,10717881956.24,2924048473.12,12559092274.68,6810648448.76,5664047756.53,6204865497.71,7592364611.8,2573958820.43,3747329938.87,1975190245.47,10907852366.67,6748594859.29,1781505427.34
2023-02-24,447747058643.64,196822841716.09,70692707055.2,47693139025.53,8720714082.69,42579478049.85,19283730482.87,10733124751.69,2884328633.33,12678841754.83,6890327013.91,5792990805.88,6207232454.24,7675667855.97,2566054703.8,3787482805.06,1993787567.72,11057269380.82,6624262266.19,1831504636.44
2023-02-23,462189287816.46,202048296021.36,70599373896.91,48716410747.32,9041194660.77,42181572704.62,19826512168.56,11183044913.87,3001685236.51,13275125752.73,7221116509.63,6208806818.77,6367587736.86,8224700666.54,2683775248.04,4031788157.01,2129571926.56,11832392436.84,6850458145.75,1944606766.07
2023-02-22,466821375594.42,201088617496.87,70466752056.61,49387101205.02,9144049830.48,42072872832.6,20155453552.64,11347820986.41,3013853452.67,13476741666.32,7207580681.9,6401612760.42,6353976783.49,8330655804.28,2741060120.99,3915825660.49,2157286780.96,12202050022.94,6887906207.51,1959956413.76
2023-02-21,471577656114.25,202900324403.57,70448766451.21,49180469394.39,9436984114.7,42135365251.37,19908418400.39,11331777470.51,2871766165.43,13595981031.69,7170886212.32,6598772360.79,6358020264.91,8404192042.82,2805847078.7,3879430366.01,2206125305.53,12096470168.23,6778062193.84,1996914431.46
2023-02-20,479132405758.14,208362936841.53,70416405948.11,49797193703.2,9899764059.65,41939938486.53,20244683946.77,11702676474.76,2891100981.94,13997338456.69,7400462454.61,6558006774.49,6585327118.13,8741701133.68,2792159049.29,4067274356.1,2319610755.84,12877246421.65,6938727902.78,2127867451.45
2023-02-19,469431477134.26,205763839949.88,70419857844.86,49253849848.38,9392350577.62,41861245787.12,19624545305.66,11537848507.3,2867169835.06,13862380128.16,7338584808.01,6240142884.05,6444085840.62,8624840884.37,2626363441.79,4062418116.2,2211899567.14,12914141714.13,7055419935.43,2123561098.55
2023-02-18,475459130854.86,207034487855.66,70306720827.44,50003435479.69,8877337211.5,41841117666.85,20046859910.3,11797997108.66,2872604819.84,14078014843.48,7243844245.36,6169749925.97,6422249605.82,8389483891.1,2629997026.0,4068223232.0,2215813395.04,12986536083.24,7215827855.17,2049585666.15
2023-02-17,473972409615.04,207397194106.9,70169721623.99,49481687296.28,8756311140.05,41836017682.21,20080955305.94,11643955726.53,2824158964.62,13992244494.53,7235384728.03,6137825278.14,6452402452.46,8428118651.26,2578087264.82,3894720131.77,2112612991.88,13324971083.05,7252540605.43,2120937591.51
2023-02-16,455770787833.36,200701412483.96,69797136165.66,48121587865.35,8392672144.68,41564693076.63,19565603697.0,11282898309.59,2799822240.78,13434788342.91,6996557518.93,5866010988.88,6126104297.66,7332334765.05,2472406317.98,3570302666.56,1984032920.69,11981060823.01,7153786611.01,1722406402.95
2023-02-15,468947166603.22,204822771743.5,69507446814.31,50080477853.14,8990838023.54,41369796261.02,20388301259.97,11846290891.03,2870559658.3,14481152915.09,7538747950.59,6278452374.79,6488032237.7,7649045068.91,2598994688.59,3693463957.03,2166384062.59,11616921221.23,7430892811.56,1749738187.48
2023-02-14,428662088256.18,190520831639.54,69210319564.08,46756968312.83,8215786249.45,41251513483.74,19425948221.17,11082535446.21,2807530135.87,13384153661.24,7000800946.31,5718595217.64,6115607386.88,7204880273.28,2447432253.43,3457666391.97,1926403244.37,10994520046.16,6916408629.37,1599816939.69
2023-02-13,420678828415.31,184437721061.01,68475449527.07,46497281012.21,7805456770.5,40951046090.78,18880739386.39,10899636149.1,2822527174.6,12454518766.25,6847363333.8,5552820332.7,6011623394.23,7079813494.02,2391825006.25,3389203213.19,1876450414.52,10366282952.89,6585679137.84,1547166771.73
2023-02-12,420274300806.28,185400529851.63,68401008692.56,49411264709.56,8065341451.09,41222130987.91,19064006848.44,10898077867.44,2814836125.72,12614472191.82,7041912098.55,5599372960.92,5851088355.75,7141496798.46,2373224116.65,3458425118.53,1906751834.21,10817588615.27,6677096874.99,1590994781.9
2023-02-11,421847190488.29,188446792043.73,68330558641.57,49046008530.26,7816989405.42,41299901610.02,19507269578.29,10928347807.07,2710066301.59,12782570420.43,7086654151.88,5681427619.65,5848866379.75,7257540747.16,2409108969.78,3559213456.32,1948629432.59,10930232695.94,6823466669.07,1522259214.03
2023-02-10,417588395181.59,185380394200.84,68194815870.16,48309960943.04,7548273808.05,41367020263.44,19438033624.58,10758235295.07,2640718320.93,12416714968.07,7091573157.73,5608773620.12,5805623444.25,7935003276.9,2407401534.26,3506431388.85,1918462193.64,10748407359.78,6757610383.57,1467448529.11
2023-02-09,420806214870.32,189243632232.62,68193216975.64,48311022691.35,7668952353.88,41468834413.92,19428934743.76,10810039740.63,2688979019.44,12551628409.08,6666863842.12,5632527725.16,5741682843.61,7198419263.57,2440985492.09,3547435524.87,1927204428.38,10728728710.4,6653573129.28,1446566103.58
2023-02-08,442391167095.22,202004591055.8,68191318367.31,51805135267.43,8673429359.76,41513985661.37,20220699734.84,11961084825.86,2798125918.02,13641201530.28,7548974555.29,6327951511.18,6133476449.05,7797395384.53,2538719851.43,3617679217.25,2257589462.08,11389287141.74,7166472431.25,1630527235.11
2023-02-07,448636152158.08,204609541065.93,68188005371.74,52616693259.51,8905348788.67,41770559549.89,20517939406.97,12282087342.34,2883036834.99,13816523661.65,7896509380.26,6568381328.93,6033918800.3,8017617102.61,2624979175.9,3656915519.97,2128074089.01,11083628121.06,7290010496.97,1663341236.01
2023-02-06,438893838655.36,197786409641.32,68071593635.6,51258714744.82,8462646069.05,41891483688.91,19955080918.66,11880478652.22,2781650702.8,13235450307.07,7748028707.76,6171201080.83,5798439632.93,7498794789.58,2540562791.41,3470741234.05,1971963173.79,10397460339.55,6937896017.41,1551324504.42
2023-02-05,442642331535.6,199670814561.88,68078110242.74,51770723358.62,8752875129.7,42031783646.39,20265653496.7,12218343437.54,2817820264.04,13583144197.67,7879341633.77,6335560559.0,5881459375.1,7669500078.57,2595658645.53,3548184885.86,2040581102.37,10520492555.06,6965837873.16,1603258655.76
2023-02-04,449874457148.45,204004483831.54,68035414442.1,52204662733.88,9060009008.88,41947523526.68,20893933584.26,12707495339.55,2840230719.12,13834409751.42,8076654748.82,6624201885.8,5857786656.01,7942196906.48,2669075301.86,3676919712.93,2133249584.0,10923379360.8,7120806332.72,1649850446.18
2023-02-03,452119476083.72,203721353153.94,68037530807.22,52465524136.14,9193991676.19,41948965073.07,20939632901.58,12336635854.33,2899330742.38,13990062728.12,6989690272.33,6730112828.47,5885547333.51,8088091490.46,2661749142.15,3703636180.13,2137992181.84,10867470974.86,7218006249.04,1671594850.94
2023-02-02,452534728124.07,201089826315.74,67824776233.54,51057292061.02,9030649060.53,42381938670.52,20816618784.96,12070233606.33,2895642767.2,13755720409.69,6662937417.58,6671709195.34,5852726415.62,7536770465.96,2638206788.44,3607886780.33,2078183598.19,10310368765.16,7124767826.77,1641503298.73
2023-02-01,457370104397.91,200912519458.19,67799609229.13,50129351591.42,9301721267.72,42303765538.37,21027200594.65,12493728323.09,2912638941.3,13742092478.71,6580301989.61,6603518638.54,5801130240.57,7454253216.54,2630466117.13,3666045000.75,2068744847.37,10437224559.05,7250666826.22,1724221775.81
2023-01-31,446082285297.19,194150467599.55,67819253147.61,49322298701.1,8902683090.07,42405363468.75,20646015948.65,12758594170.89,2823970390.53,13523562624.85,6486763803.92,6248145596.08,5712249993.77,7219579695.52,2574471862.46,3531772353.76,1986792370.44,9706731332.47,6807111614.51,1673660732.78
2023-01-30,440298767854.8,191799801098.5,67782342614.27,48486730038.64,8899824159.27,42712729289.76,20046644677.8,11719727298.04,2788283481.29,12886517172.28,6320477183.26,6214187135.09,5715141848.8,7129545295.16,2526276201.62,3508396004.38,1965432004.15,9496253311.2,6586636002.25,1644460642.5
2023-01-29,458291157032.27,201446423701.85,67626927729.24,50108027166.7,9712320322.26,43086077902.99,21020729835.63,11971321806.92,3020282723.23,13709953818.39,6637902639.03,6635916432.48,5857567539.47,7621197610.04,2638359110.94,3752960631.57,2192037583.27,10287973680.62,6859344491.2,1780461961.95
2023-01-28,443936922524.46,192424955722.92,67517556583.3,48356662482.18,8909861432.72,43093041224.96,20734689638.68,11646893473.73,3064386692.08,13223841546.03,6482414896.65,6486318777.68,5793369647.75,7368433699.49,2559338635.21,3661446931.79,2103467270.88,9994082204.37,6465505641.56,1727538495.49
2023-01-27,444830940521.37,195572592023.01,67337515831.93,48653379654.11,9068174482.03,43085379436.97,20971290062.67,11558717347.22,3111278161.42,13452776121.72,6435027877.21,6690289199.19,5838614477.6,7561219463.9,2603275543.12,3744605094.02,2179141857.47,10116730207.05,6410309657.3,1722252623.89
2023-01-26,443923229458.15,196178270959.7,67193850383.25,48139219171.43,9046927155.47,43297905509.31,20831970200.25,11459228981.56,2899569603.31,13144285079.26,6381694539.2,5696662350.03,5668881537.3,7452079040.38,2585870412.9,3644479441.77,2144148931.35,9802577160.13,6319021327.8,1662054490.98
2023-01-25,445539806080.32,197231311510.35,67120135817.39,48524730885.81,9124390152.68,43491997137.64,21217485483.14,11488491727.73,2851539998.41,12914354080.71,6395599436.32,5600925400.44,5679379437.11,7370676269.55,2544730394.15,3535864400.62,2164611048.57,8678620448.31,6447577651.15,1643309206.26
2023-01-24,436237993963.62,190487679000.29,66863090248.8,47467581558.37,8464994462.74,43614916486.19,20710242909.25,11137744759.37,2792236803.29,12421707287.63,6155074724.59,5353463489.79,5529174847.79,7116184659.79,2475208192.24,3382930454.07,2000419320.28,8349379671.64,6289801294.71,1569330992.48
2023-01-23,441960667796.84,199255375047.72,66757951121.67,48240055474.33,9041528050.06,43485738354.43,21585790614.33,11755355649.46,2815545978.53,12982008638.25,6601432129.26,5663621818.19,5769864616.01,7628415966.22,2573523812.09,3569296345.9,2163051853.25,8692293216.33,6492726045.79,1652520104.23
2023-01-22,437814457018.41,199271406209.81,66713141592.86,47852041125.81,8995147219.92,43480831666.18,20367877363.75,11715406937.73,2783668616.38,13019719665.75,6592973599.81,5460041399.64,5665088296.32,7195204075.33,2481506141.48,3548445329.94,2036758726.27,8682715241.95,6319287022.78,1577989433.98
2023-01-21,438896650641.24,199116747175.27,66499261962.97,47254381542.53,9141811766.33,43349621955.78,20498230600.26,11245805169.51,2783838501.77,12758076289.99,6540702404.43,5313521648.75,5670062410.77,7244177480.92,2473442586.16,3490128053.56,1973829004.73,8646770322.77,6368042805.55,1542925912.51
2023-01-20,436928964721.29,203110528556.42,66496730383.61,48156400534.22,9480050214.47,43107645804.63,20996583989.16,11463151612.43,2814303445.51,12604579070.75,6714511083.05,5509697992.75,5771200669.23,7248704537.3,2467245761.86,3530953770.91,2027114861.55,8963597153.42,6524500917.69,1574028039.85
2023-01-19,406279900295.03,189992347922.69,66486384877.19,46558310525.77,7950646839.49,42879100827.88,19970150795.05,10833941745.79,2756048370.61,11719156377.42,6344994645.65,5092772664.95,5525504719.84,6725755780.99,2346787171.76,3309082155.66,1786935649.15,8322843983.65,6072490171.93,1462829830.79
2023-01-18,398593008037.23,185458451765.63,66484164731.05,45317067482.41,7732679756.66,43088733130.48,19243271452.09,10638963800.38,2744396879.75,11295307181.98,6131343069.07,4924347313.96,5420182109.27,6623423163.71,2297037202.61,3225837041.09,1682025434.0,8211312101.8,5966863310.85,1406283256.07
2023-01-17,407681958151.49,191863382801.15,66491710111.57,47343587830.32,8485865651.78,43562303528.13,19662095659.2,11009257200.43,2868255249.36,11949367443.88,5788097510.59,5336340155.67,5670670746.67,6885042955.71,2368487554.73,3464784490.05,1834997724.0,8699480921.01,6279179374.44,1449202433.2
2023-01-16,407818156777.17,192963212849.4,66363754798.33,47828458630.46,8741457356.79,43851959331.21,19604528432.53,11096046663.49,2830378258.34,12082814361.62,5769945571.33,5216130710.8,5735777682.34,6715671949.78,2390487176.42,3386767025.32,1866368430.55,8904570793.37,6186037700.86,1426648398.36
2023-01-15,402234665331.34,189982916189.85,66380183923.94,48319824358.94,8477324165.42,43893297850.26,19518617705.86,11427062081.16,2824621654.74,12105718917.41,5861793552.69,5233681678.04,5729509401.35,6851946672.2,2408840588.42,3400529735.94,1905973154.11,8590354227.14,6295698138.03,1461768725.51
2023-01-14,404052157141.45,189765994312.95,66283004520.27,48827039541.48,8987372935.51,43660587269.41,20054205584.96,11585273513.92,2788513251.67,12181196333.22,5710596785.76,5283828052.76,5685689952.59,6962125741.78,2428773823.59,3485043526.96,1915261701.61,8731442837.23,6327374199.42,1434752867.66
2023-01-13,383483154873.96,177639720158.04,66286766010.73,46986237688.09,6775673243.33,43440525487.68,19565403264.97,11202457807.45,2715633737.92,11946863297.71,5607820815.53,4973543593.17,5514696789.26,6241185125.54,2397864256.7,3353703789.69,1653328807.55,8132542560.19,6220515193.87,1306737487.5
2023-01-12,363433455081.14,173518619132.28,66278686898.65,46039203570.0,6155124381.62,43926215655.03,18993713034.27,10651569957.85,2666918608.67,11382814016.19,5200388792.49,4816234315.05,5248625787.91,6089822214.16,2308279653.78,3241716240.09,1553315271.01,8003160024.02,6192820470.39,1277643137.25
2023-01-11,346303640718.24,169846691171.36,66273821586.34,45596828391.98,6058983579.13,43846451900.12,18941118475.11,10368674340.55,2684379908.94,11140864004.69,5012383507.43,4958494661.44,5191516015.73,5924324642.06,2116144561.64,3192874183.05,1540313147.27,7803485705.53,6055791887.63,1228744078.21
2023-01-10,335987993694.35,163563210282.51,66279120254.45,44356071738.95,5992920994.25,43655800464.3,17780977375.25,10312306818.54,2598976106.91,11133187024.56,5073015994.69,3966827440.5,5035251212.13,5758451352.71,2071848733.23,3126081053.5,1390005134.62,7498099248.44,5825957315.04,1221868904.61
2023-01-09,331160060320.4,161721830239.88,66272451375.85,43622192228.1,6032061165.59,43583378611.65,17684746759.32,10054365217.62,2712785186.09,10946981860.86,4769500006.18,3804304834.97,5021223279.37,5709559360.47,2065032626.77,3084717252.35,1387912204.57,7373807900.9,5887263235.41,1186613928.21
2023-01-08,329114546384.43,157539152133.39,66269617017.21,43891548403.84,5296617891.21,43950584710.06,17462625810.97,9764721215.63,2670072645.38,10191504760.03,4745654729.46,3761602014.5,4947138156.38,5540434080.86,1993846187.53,3014048112.34,1387137716.27,7340068921.74,5593945349.14,1147793110.88
2023-01-07,326478273136.7,154713649605.37,66265590691.59,41795720411.57,4842544146.22,43796523902.41,17407484300.96,9581788862.96,2639341599.98,9566258070.27,4628555183.6,3659041325.38,4782224349.02,5383462610.71,1957022749.34,2961230574.01,1319082223.34,7046283079.78,5499144135.92,1121832386.54
2023-01-06,326401273258.71,155338816370.12,66255113260.69,41569303200.31,4978350844.16,43662650871.26,17426551243.13,9614600393.96,2646617064.63,9619589527.86,4634118254.28,3670813433.39,4826038337.42,5405533975.11,1959017453.75,2901086276.74,1342861150.65,6980603176.04,5471155487.57,1090875974.53
2023-01-05,324163886549.58,153020999980.23,66243609255.29,41018392454.05,4937388070.0,43742033331.41,17092550653.28,9492545947.87,2670835304.62,9289970274.58,4606839066.71,3658035424.87,4933683657.68,5325108187.64,1948476073.9,2869100169.11,1287878247.67,6887248873.97,5345242467.16,1065235055.44
2023-01-04,324658229824.73,153766017387.05,66247986169.54,41449837472.7,4943210591.32,44184922269.79,17585797404.05,9716401772.64,2732564826.75,9239861464.57,4598756626.03,3763168658.53,5032395890.81,5338322987.36,1956058199.78,2948448061.58,1309224377.26,7043111178.4,5429865058.53,1103099437.08
2023-01-03,321111951654.75,148657178662.66,66247763508.33,39372532274.58,4909716150.36,44165267146.31,17385025779.38,9349054553.49,2700062294.79,8726160614.66,4470612797.99,3547191252.77,5041961591.27,5215094412.91,1920625375.18,2856024699.51,1126118795.74,6813436724.62,5441486475.83,1092804713.24
2023-01-02,321262452550.73,148642233522.06,66248570201.82,39277002026.83,4146210010.69,44700249571.44,17547510207.98,9479833048.3,2733605459.0,8761734388.82,4495100599.48,3475267303.65,5071988386.97,5173560901.62,1914010051.05,2889314545.5,1108057730.73,6820205881.01,5387705756.27,1116481963.08
2023-01-01,320025834692.4,146966709631.14,66243294943.49,39053263491.06,3671464072.16,44584840756.22,17054534692.06,9316760628.86,2817518613.94,8621727158.33,4460494919.94,3385625121.75,5041253171.65,5035576982.99,1868535141.96,2856200812.2,1076948379.21,6637843574.09,5095932559.91,1121673214.97
2022-12-31,318516317872.25,146453523490.15,66242103757.6,39407173515.71,3658820467.9,44540806740.11,17113207466.28,9325956852.4,2661281447.55,8505385897.19,4440400295.88,3397065707.64,5012006848.02,4970040362.14,1870702164.19,2828877929.16,1059757403.55,6625126687.83,5036500356.72,1097219300.36
2022-12-30,319559502979.58,146754748632.98,66241114601.8,39316042283.7,3629128152.17,44497509139.59,17369345853.33,9075151972.1,2562251445.57,8475819239.29,4420251473.12,3386975499.84,5000631445.31,5001139281.25,1862405819.02,2777462049.35,1075780751.72,6642736838.19,4891934540.04,1150306997.03
2022-12-29,320309344585.85,147043867254.5,66237616405.59,39428145950.14,3543974932.88,44512703404.46,17260084063.65,9425135127.67,2581757356.41,8425105470.79,4507132496.13,3425127382.42,4967751618.22,4962814872.48,1896125402.2,2846328023.58,1096099447.97,6790221989.79,4801994389.25,1122436781.19
2022-12-28,318567071312.32,145623194889.22,66226814163.62,39054223213.78,3582216472.52,44392174543.11,17949002163.47,9337540717.43,2400131491.16,8571407497.54,4349008360.16,3490627836.73,4980109499.4,4929296580.17,1910993754.45,2883883503.06,1109420868.46,6837493058.43,4771857105.63,1107438409.28
2022-12-27,321717198701.45,148414001604.48,66237735516.81,39446947208.02,4070407409.03,44187349388.82,18532744797.34,9780971907.93,2626086864.48,8985284421.44,4497852380.26,3628808905.81,4976781968.46,5156506409.26,1959353846.32,2996806597.0,1148586576.51,7040078728.66,4944646481.55,1070362369.38
2022-12-26,325604307791.2,150149593573.92,66247317684.14,39063326954.92,4150156916.47,44458548786.9,18411763327.88,10054165879.52,2831148730.32,9155306255.59,4565107324.23,3652930384.66,5018011904.17,5260308923.51,1991874792.69,3067135496.34,1150768980.7,7105512020.07,5083451815.35,1076339194.37
2022-12-25,324093186300.93,149169092950.41,66243849258.58,38894316962.86,4180006175.81,44348890607.38,17438570226.37,10076566956.65,2969682082.98,8945785641.41,4551453927.84,3637468062.45,5042409485.28,5168182598.75,1952616106.12,3040866462.1,1123853505.11,6944943117.07,4976584253.49,1051463232.09
2022-12-24,324190184505.64,149436675608.59,66247148297.1,39133349163.76,4199217231.55,44217845875.15,17729913120.82,10301579920.01,2987528246.09,8948199840.91,4571000241.97,3636153165.52,5035944625.86,5121920053.89,1961293713.2,3007361995.49,1128864961.79,6952464465.68,4729339271.0,1046875467.29
2022-12-23,323203056785.65,149315624697.13,66246416322.39,39375368363.2,4324676760.62,44121016268.08,17835345727.12,10232697941.69,2915160301.61,8949518920.42,4546123073.81,3666052358.83,4989530390.35,5141790735.99,1963952542.71,3018804090.77,1132729028.26,6976393951.23,4728712640.71,1022320196.76
2022-12-22,323831438044.37,149073659684.74,66248412922.16,39334222657.0,4326607964.26,44195695676.45,17600066502.82,10211269266.61,2922709013.4,8849277112.73,4580482218.56,3685213986.03,5110903706.42,5206032025.69,1952499955.49,3049406528.86,1115627854.25,6950144380.96,4755510130.26,1043683690.85
2022-12-21,323570505189.58,148512923133.86,66248041991.05,39359267890.3,4449190607.54,44279860042.43,17419840850.58,9775063506.12,3076226052.9,8733063579.82,4528312523.09,3639424993.79,5046332759.94,5149826214.2,1932782563.58,3038478440.83,1101832564.73,6926278357.93,4700388957.8,1036448848.54
2022-12-20,325263465984.55,149015094981.77,66216896859.71,40270721918.09,4504786633.32,44463257142.9,17588658613.46,9941646871.56,2941465664.06,8934323407.44,4648938346.38,3723682011.7,5059337737.89,5299529183.07,1960655683.11,3058262261.57,1134506912.01,7010787481.28,4725398167.56,1040951658.12
2022-12-19,316271488936.78,142884939549.24,66162378427.84,38497257993.91,4375662115.19,44615147690.52,17059893035.27,9476598805.27,2796138072.94,8723912153.97,4474118374.55,3540956262.86,4935128369.68,5166149881.07,1898315454.95,2941799671.14,1059458716.15,6749697337.65,4552060087.46,974955873.25
2022-12-18,322379914497.22,144978183335.93,66167363728.16,40176732867.76,4551858596.61,44963115133.34,17633841639.89,10433338197.42,3245887993.88,9184444798.51,4703086791.69,3709052286.52,4949745275.6,5355944460.96,1966431146.8,3029422804.94,1151134703.08,7108547487.79,4638753556.81,1029877238.26
2022-12-17,323078968931.9,145398457166.25,66062840064.2,38796722023.24,4583736807.05,44936687161.15,17862371950.25,10516394110.77,3070688839.35,9203922594.05,4554559794.64,3721600046.73,5049579870.11,5407923406.8,1985361697.65,3063211606.01,1175278306.72,7128441200.98,4667289149.01,1031260367.45
2022-12-16,320225997953.71,142964413923.36,66050364004.88,36989640967.8,4496435712.94,44971380863.62,17720304136.65,10075240068.29,2897815064.99,9105451013.39,4507478091.63,3684854771.32,4873559302.94,5343721011.87,1929516115.5,2997328629.78,1154410577.76,6950722282.21,4765168476.72,992500241.6
2022-12-15,334010450284.36,154968626311.45,65977267638.76,41315420629.36,5139781836.49,45091709113.19,19061409181.94,11240093052.98,2746115322.37,10351291542.69,4863417781.93,4092141012.93,5133251295.51,5997073278.73,2065352639.09,3277292073.36,1339749281.45,7668562239.95,5196379117.46,1097217870.68
2022-12-14,339521782853.53,157685851384.5,65979015051.75,42014706714.49,5114626402.49,45179088027.91,19151759658.54,11538041705.0,3010478155.18,10437784268.55,4841498903.61,4205523386.65,5085581296.43,5889995015.99,2091885338.83,3357940698.59,1361098416.24,7777686108.92,5348577450.75,1088082964.81
2022-12-13,341988994228.35,161600715739.48,65793194417.24,43503575941.02,5068968361.49,44456385164.6,19911364616.99,12065045471.71,2856789685.71,10785044277.1,5031149547.07,4264910491.75,5010624828.22,6051160707.17,2118816602.23,3510969108.44,1427744279.08,8065564914.02,5555056096.39,1160339831.48
2022-12-12,330914961275.37,155980061933.95,65715224906.99,44195717778.35,4880019004.93,42539382220.03,19522893731.68,11974609744.75,2552823353.96,10581074375.79,4919812055.61,4035595805.99,4925544983.05,5926072570.81,2045672979.01,3399331202.82,1363475755.8,7953234754.88,5473862856.67,1162971083.71
2022-12-11,328933297475.65,154664480620.42,65713319159.39,45493467668.66,4918327638.73,42753610681.17,19238421245.6,12321781629.64,2495078409.03,10607356053.67,5009166056.83,4036507611.8,4967059822.05,5922227728.85,2047393887.09,3411145981.79,1367040693.0,7801777342.67,5502496995.41,1174921840.59
2022-12-10,329389313682.63,154972318287.59,65711185951.41,46090966906.46,4970727968.11,42748698048.42,19487806148.84,12797000669.9,2263064271.88,10775171840.47,5048356917.51,4187099130.63,5044602843.56,6041864579.18,2099917793.14,3481224558.57,1424575765.26,7932957073.41,5483511129.51,1225967651.22
2022-12-09,329458400093.47,154715412873.42,65711417924.95,45765515255.46,4971563353.08,42815415274.43,19611540208.84,12824254996.61,2265980224.19,10741574465.35,5059821383.53,4177859631.14,5032923762.24,6063885807.92,2112822100.55,3484516653.47,1417254383.99,7943991948.42,5480383286.96,1201089014.48
2022-12-08,331370511897.98,156775156224.41,65693567499.77,46476916921.1,5009720672.43,42776562427.97,19829987451.52,13073353736.29,2233638616.45,10849250280.68,5089180873.08,4163562395.76,5018466721.67,6217761764.78,2153151305.74,3559212287.23,1423782380.11,8103530059.35,5627358522.75,1175591433.44
2022-12-07,323943465219.08,150818134579.13,65685368289.11,45476734071.7,4930063882.89,42822351294.62,19285998617.76,12707613696.82,2224453141.84,10693392743.79,4996977612.97,4119177292.48,4891452818.62,6065642296.29,2102075953.47,3498714297.88,1412246334.1,7827860079.25,5529660196.84,1145826507.56
2022-12-06,328566216152.49,155617197225.85,65581760636.93,46447810674.27,5200609281.19,43031808748.52,19706800625.31,13304008821.28,2214032280.2,10974001625.17,5116083879.35,4239678503.1,4942659040.8,6297265002.91,2156451566.08,3623933780.29,1489723304.05,8012763172.15,5736181061.44,1202643385.06
2022-12-05,326346115859.9,154151507928.31,65499776440.82,46147098395.14,5034021317.98,43154450166.61,19580668440.38,13462658633.24,2252466202.18,11010330603.71,5173173269.43,4219364350.42,4910118794.94,6278985211.89,2124949582.62,3696125250.68,1431826071.52,7958178305.15,5760129138.61,1215310515.54
2022-12-04,329323845088.74,156669949121.35,65504085440.86,46757282793.46,4991178196.81,43408651648.57,19638535967.26,13835723612.45,2216062910.83,11119224610.72,5140995141.77,4319131735.52,4900297679.05,6388210650.93,2139426690.01,3782981369.74,1441931388.23,8054081647.03,5540783571.01,1194748264.55
2022-12-03,325037180854.75,152151698373.37,65448401518.47,46481371529.18,4839921670.21,43297629508.29,19508455690.89,13243695994.11,2204426780.62,11010992667.59,5058059840.98,4165570104.39,4941468178.66,6278846019.69,2115019122.23,3679750654.25,1392108288.29,7888729905.94,5495983527.99,1135074981.74
2022-12-02,328491679165.28,158388908311.64,65366898692.37,46955638514.8,4988527058.3,43173589502.63,19916879145.9,13552009301.34,2201014829.27,11002500418.42,5122614539.53,4213661035.36,5013784128.07,6424059404.91,2154230070.92,3868622138.34,1461796125.01,8264396158.46,5592512108.42,1174869283.01
2022-12-01,326142124579.08,156182574199.63,65365585069.0,46713966636.4,4903185919.93,43049959265.84,19950475176.93,13477200487.66,2214728312.91,10832906105.46,5050706440.58,3996503054.29,4989344602.84,6162578353.13,2122820836.44,3905161897.14,1445652565.55,7934046828.02,5560825163.38,1129463458.75
2022-11-30,329997633644.39,158558424120.23,65363690424.03,48118283430.36,5127151961.43,43214397959.67,20555697300.43,14177170962.69,2154769054.33,10984442289.08,5128664307.3,4079895747.75,5033127278.38,6241461615.13,2182057095.63,3901593292.91,1432291133.15,8184020314.34,5687898868.67,1126527814.83
2022-11-29,316074930082.57,148916903134.48,65345956018.65,47271122270.62,4856299843.72,43274212887.43,20043018276.8,13512895531.12,2099226752.52,10654448434.67,4989863605.09,3867560884.16,4912455564.11,6053471708.36,2138111693.0,3719040538.37,1337787164.48,7327151185.7,5449623008.28,1086453545.26
2022-11-28,311686396568.46,143187967151.1,65340594941.58,46955899031.7,4867955078.61,43686634355.07,19632523703.84,12619870242.49,2099725445.3,10560890351.19,4984506103.11,3746318632.59,4886724887.79,5855434458.47,2118173219.78,3661447393.13,1323099361.55,7185709432.84,5315439846.19,1055955826.64
2022-11-27,316040534591.72,146252301744.43,65336770716.06,49179890751.32,5124488709.72,44238097613.99,19959580740.63,13096141897.48,2113618445.86,10759011469.76,5091022513.57,3872113263.01,4905912200.71,6042343992.91,2140406278.93,3506270716.55,1341151465.02,7379662277.41,5381161230.16,1069605987.39
2022-11-26,316404791284.87,147570393014.79,65334834067.23,49813311436.08,5140267406.25,44056847001.74,19949935572.57,11806132933.32,2099376128.42,10805018098.58,4954734108.75,3834612267.9,4864546558.84,6044391931.19,2163390512.92,3630584456.79,1337076404.8,7394864961.13,5475892358.53,1066761974.28
2022-11-25,317499392769.32,146717202126.48,65335066419.84,48083958346.11,5103645623.03,43883957510.19,20542585995.86,11870758193.95,2102492105.63,10846337643.53,5043722035.26,3857363802.29,4880073201.64,6005578516.17,2189880728.23,3475909533.05,1366573303.73,7373634621.87,5307329442.35,1074857368.22
2022-11-24,319074189335.14,147336079453.07,65324717866.37,48060047573.8,5292084937.85,44032562708.15,20219699925.3,10810100362.55,2134830542.76,10894454966.97,4951778765.46,3891102182.95,4874102825.79,6171307750.41,2230107493.27,3470476500.34,1364576559.97,7418055040.52,5650987956.26,1064595790.26
2022-11-23,319180537510.23,144792704215.32,65455873608.79,47647318081.63,5206479874.57,43965435107.68,19193064766.84,10850635449.09,2154517992.12,10956925799.58,4968986972.84,3918278218.8,4768223556.88,6189768201.99,2210229452.1,3404263983.3,1399961095.3,7521787189.88,5662590050.47,1072883558.88
2022-11-22,311078520948.59,136233447405.02,65451433602.72,42604562672.57,4511441152.23,44095238057.84,18915378392.1,10413128151.52,2133368376.78,10736814751.6,4833325140.45,3704539621.52,4665879258.17,6005110655.85,2096096812.24,3145160615.38,1346603687.69,7424264119.6,5048664329.24,1016464716.54
2022-11-21,303332140406.92,135633447402.59,65824944068.98,40659978958.69,4296086534.19,44322091652.35,18348913563.43,9911968411.24,2097629168.22,10482985007.56,4632756478.63,3557728253.48,4738228724.19,5908583910.89,1986058215.97,2885258944.54,1292717034.63,6954993071.48,4398196486.33,993174802.43
2022-11-20,313012826679.9,139808065217.86,65817845548.71,42270466525.64,4443562134.91,44459023733.63,18205365403.91,10238717743.27,2087777877.7,10750077836.15,4828026653.4,3666368216.31,4612003655.87,6021362437.7,2017539234.27,2837381557.36,1300284489.54,7053603934.01,4442808057.71,986521620.68
2022-11-19,321061621175.61,149103599322.5,65885732666.29,43576320416.4,4660507539.68,44407654908.12,19349879043.42,11221458410.28,2123385822.9,11305246945.38,5027827941.63,3872346146.18,4808164209.64,6374727368.48,2016072452.13,3023447092.22,1447701150.28,7652095558.59,4572081220.56,1088959079.85
2022-11-18,320781106962.52,148353868235.31,65889509668.23,43819908779.79,4815626853.08,44004117363.12,19267598675.36,11233551369.28,2201637992.19,11224873202.76,4995844315.09,3904208437.83,4670413211.16,6414809916.08,2014067999.66,3040926984.91,1478420827.78,7688718421.12,4487887427.82,1051504001.78
2022-11-17,320570440520.86,146947591531.1,65905244432.14,42858741189.08,4942583108.57,44107545211.29,19216121054.53,11245845535.66,2191593555.95,11178002268.41,4972573503.81,3874056041.24,4613472462.85,6443800247.26,1995481394.71,3064802500.12,1513988846.33,7641502944.9,4476010245.21,1029788005.47
2022-11-16,320208159886.93,148757983064.94,66007639797.03,43525943306.37,5175158919.04,44417678195.87,18902513069.95,11354307055.88,2119806887.72,11436873170.41,5025799918.86,3930631534.08,4628761217.57,6491547748.78,2009202300.78,3041572870.72,1592260410.97,7865580500.17,4119760731.89,1058871314.68
2022-11-15,324326299579.98,153179798257.02,66001094930.66,44292678773.44,5180801275.87,44454062719.88,19516350636.08,11538545273.6,2059295053.54,11595044192.83,5089326916.21,4056252280.49,4671711310.9,6721219787.7,1997209251.06,3156036841.57,1637700345.1,8211429546.33,4154478515.45,1087974196.21
2022-11-14,319192915033.18,151939907866.2,66316877821.45,44565408017.59,5072306279.4,44288579896.05,18907756410.76,11393632584.69,2047951084.61,11415610198.86,4988306914.57,3935979418.42,4620584900.81,6646248863.92,1992939429.05,3079589326.71,1623511854.52,7998090620.14,4049405254.98,1072729077.39
2022-11-13,314093257178.25,149518741493.03,66350624518.37,44245687907.86,4775608030.78,44075987661.41,17088087647.8,11262817197.25,2020480253.13,11355096055.39,4957112107.82,3944261218.82,4692496380.27,6529528019.23,1916022354.3,2985214434.21,1605808688.12,7756599334.93,4116374478.3,1081000749.06
2022-11-12,322642084634.09,153612038146.7,67326601826.86,45167505777.85,5272294844.86,44157589321.49,18262147322.32,11680260926.4,1895722715.38,11665245315.06,5251700406.72,3919672049.54,5066783763.5,6545948401.99,1967306925.99,3077075928.87,1640996335.54,8201288692.55,4285538240.58,1043094647.9
2022-11-11,327139766936.22,157522222703.27,68150169644.37,46364088778.7,5920632241.49,43825134483.69,19290648473.39,11261764685.01,1877819007.72,12185192121.67,5426326772.96,4227750473.51,5151878168.7,6524316636.0,1975147068.97,3446096643.27,1748091517.55,9275728557.37,4384389627.45,1097028092.0
2022-11-10,337735690619.8,159020508319.75,68348821733.46,48645327657.74,6408950960.0,43584112291.18,19870450816.36,11912384868.11,1941995505.64,12676834728.97,5604836448.94,4613183736.74,5323070253.44,6759916222.66,1976900262.97,3546727083.7,1903323361.4,9825757524.89,4320849872.62,1162890090.29
2022-11-09,304958504278.2,134632026975.35,69765124874.09,42690010298.04,5051209328.69,42938513018.94,16730760050.71,9855782889.71,1677759319.71,10917133872.48,4813265427.64,3872071715.6,4937289889.64,6139088067.46,1717740685.77,3059965705.12,1664590109.15,7102781654.67,3625957648.42,989836280.8
2022-11-08,356030188152.67,163104244541.39,69526710682.24,52422579607.15,8736899292.93,42805884317.86,20399541868.2,11729470504.65,1972562668.34,12770172250.68,5590255366.39,4791347278.28,5419442895.0,7137106739.38,1983501097.83,3776979275.22,2156089909.0,9122288248.79,4107494538.94,1173378474.75
2022-11-07,395596352770.07,191954575288.26,69503191642.29,53914349553.2,10691117754.62,43278043798.75,23393125567.14,14766064918.81,2164133676.04,13883778362.48,6475897348.3,5411275160.8,5744154960.15,8073368221.19,2262759788.15,4373264213.22,2503347278.3,10939285165.22,4841330524.71,1396134045.92
2022-11-06,401792318391.34,192400441552.22,69366918016.02,54294354064.47,11740670592.51,42187827667.81,23634830440.87,15204923054.18,1966759719.48,13840734879.52,6496405100.98,5469964214.64,5788111160.87,7848721049.44,2242865762.13,3992307275.97,2537669156.7,9939375600.37,4871861328.89,1401101281.4
2022-11-05,408613690153.42,199220740931.91,69368920101.36,55872507021.88,13207108002.86,42000361913.39,24772691849.4,16502674701.33,2051407831.08,14655703632.19,6830876677.06,5864059312.04,5865560498.95,7954353389.67,2378438765.3,4259950825.92,2723317122.64,10339000856.52,4988350167.81,1496212072.32
2022-11-04,405992446610.67,201316434920.42,69355955189.51,56696907533.63,12130041763.61,42186095522.96,25328813287.78,16753683862.18,2050316465.1,14473406442.85,6876806318.77,5799410651.42,5880740222.5,8005563884.05,2382959209.05,4297346171.17,2705715804.85,10216935267.16,4835822204.04,1513280677.56
2022-11-03,387983112928.37,187420674444.85,69351145665.0,52747289288.93,11075455358.42,42121440315.86,22795640615.73,16264400487.91,1964470100.07,13369159374.14,6439183438.33,5394774250.8,5699746099.74,7279346866.63,2224756799.18,3792318689.2,2479896555.93,8316136022.83,4429355828.21,1447304819.79
2022-11-02,386993271473.89,185973007218.42,69419674992.49,51216971698.16,11063118806.48,42535914245.95,22582217542.17,16959267167.57,1911552749.71,13254346618.02,6464738066.98,5383536096.84,5679052028.56,7073841872.82,2181373904.06,3651430303.65,2370603905.76,7613864899.14,4331407568.42,1327620916.85
2022-11-01,393230695987.89,193314548591.89,69414628719.32,51925582974.74,11587894781.76,43049181261.2,23268532974.76,18915505662.55,2001974066.75,13780486409.72,7066304650.24,5574960217.19,5794936266.4,7328802696.24,2210078001.69,3782346708.16,2469939484.16,7645440495.98,3942517637.22,1393118329.51
2022-10-31,393413045572.67,192459145336.4,69416268972.46,52210645189.25,11700034113.38,43537884267.33,23335529039.95,16852635356.65,1840624961.51,13949931881.28,6846891725.41,5764846006.23,5840750877.87,7505302316.76,2211990208.85,3864785642.72,2539635594.15,7895715933.94,3939048365.06,1422329476.12
2022-10-30,396075135322.21,194670301516.91,69115463004.3,50194052761.32,11827394126.32,43701223013.97,22961905542.67,15628919761.67,1993660707.87,13936754372.34,6559431814.73,5451183239.07,5825119411.05,7527415814.23,2234562362.4,3828669786.35,2536472358.28,7938190100.81,3960493207.43,1431605619.04
2022-10-29,399567972100.27,198208758106.57,68992652340.35,48668443564.22,11788391586.47,43731445119.37,23560983657.12,16133195507.35,1927774893.24,14405977662.2,7074400254.41,5462420862.45,5921608387.46,7503966878.75,2276122559.97,3742701429.37,2516839507.08,8156205019.48,4039234016.34,1454291386.37
2022-10-28,395266756395.28,190349837406.71,68897317112.39,47676042557.46,11516583031.0,43766758332.56,23739538029.94,11130694833.37,2053087068.54,13881881538.85,6437768825.15,5469850369.5,5864808427.98,7374710195.71,2220666557.1,3498311136.26,2469393294.18,8252604510.81,3932161659.53,1393340709.17
2022-10-27,389306507854.33,185319902025.23,68893643673.33,45889133083.98,10985589066.54,43890658314.59,23159818758.13,10218101946.91,2014549165.86,13339330803.68,5848911150.01,5040621834.35,5811291059.77,7164276219.85,2162483470.54,3395975512.9,2420620664.02,7903111064.98,3917713327.47,1359197386.27
2022-10-26,398588922090.83,191706811085.26,68527526268.29,46454401105.13,11216078159.33,43924087050.92,23508876432.16,9658415951.21,2367608693.36,13845770835.8,5931064640.32,5066449837.45,5853341309.99,7308920462.05,2201472230.94,3518954159.97,2494448106.74,8193991808.68,4030526483.17,1371938799.5
2022-10-25,385624152241.56,178869645044.44,68487349187.54,45503479950.61,11092512249.5,43835589554.62,23025074861.12,8342594265.87,2244797766.15,13792213191.1,5618736348.88,4959171336.55,5759508845.36,7285842557.97,2166902181.86,3480545322.39,2453327613.86,8033292644.28,4003890559.7,1353081192.48
2022-10-24,371211779873.32,164592661444.43,68456986509.69,43830941988.53,10145550217.84,43853276612.86,22639752899.89,7894713938.49,1771295876.8,12276296712.11,5449592757.23,4684515224.44,5663076812.03,6682619264.7,2073358758.54,3398847496.78,2378252045.82,7807403032.73,3756516919.61,1298138810.11
2022-10-23,375444263357.02,166850284146.24,68458351755.09,44155896392.93,10489621424.06,43948066114.09,23398675901.61,8006327876.97,1715465953.76,12421822428.42,5573156882.36,4842167884.58,5710865534.11,6731206661.76,2130020071.32,3473466171.91,2426430049.56,7859466191.66,3854805896.97,1350318838.11
2022-10-22,368541303588.26,160835874209.47,68458949890.65,43271477489.63,10039459024.48,43928990213.04,23220931123.54,7919649250.36,1689875507.89,12055098737.23,5489903184.13,4654426752.36,5688871860.91,6602920919.05,2087934428.94,3377660145.51,2376228248.98,7270315414.09,3727955948.16,1318551843.85
2022-10-21,367839754255.23,159079468496.66,68461070858.02,43200999361.33,10069754943.15,43884301898.06,23002804542.51,7871920977.16,1702072724.3,11974159638.47,5502585581.73,4653132393.66,5691048098.22,6585939593.17,2055277592.8,3349511080.03,2350721076.4,7267765755.32,3687839206.13,1316214380.08
2022-10-20,365543015077.49,157030254550.38,68452145180.64,43352990986.74,10061337227.57,43959091192.9,22353590913.94,7898638415.11,1654974709.7,11669724977.89,5444170633.16,4502036153.64,5742198885.2,6641296787.26,2043365419.5,3277366462.95,2336065827.96,7075810498.85,3656574316.08,1299425772.15
2022-10-19,367171621206.39,157341486086.64,68456657001.31,43789393911.3,10349774574.08,44378254288.1,22510367890.5,7789514566.91,1498220769.67,12003328904.96,5414414673.0,4478149592.88,5702635444.48,6888591589.38,2038767543.23,3332398060.31,2301087580.76,7389983302.64,3641590580.11,1291272043.33
2022-10-18,370891718468.24,160364466785.93,68449787610.75,44079687877.9,10802291646.83,44654828930.91,23246220236.91,7930501779.69,1530393801.04,12407546680.98,5583196891.9,4704720781.65,5738605017.02,6944912143.08,2087953936.82,3499156511.28,2410750773.6,7550903643.16,3704800860.51,1326665842.81
2022-10-17,375024092833.74,162966939318.2,68437281968.62,44450444228.92,11177998241.19,44824966349.6,23941672563.55,7951682992.49,1529642892.8,12768504361.66,5704466231.49,4797353913.63,5784516170.81,7049611840.44,2123626897.16,3605104947.2,2485347515.52,7400230587.78,3702043151.12,1363615191.33
2022-10-16,369584293835.81,159856564471.73,68436428830.97,43967624739.43,10800988352.92,45001378931.41,23833409894.59,7816135871.66,1502410469.09,12696667787.85,5647868033.3,4669261774.45,5706781944.51,6971733578.76,2118709246.51,3527431904.96,2437738649.86,6983635092.22,3675751516.36,1338846948.7
2022-10-15,365722351004.5,156569408718.13,68438518111.44,43303579985.56,10588517508.1,45005916750.38,24058110511.98,7771900212.0,1515601419.57,12470594901.11,5608043770.76,4575881836.98,5707087420.41,6819628849.49,2075096008.11,3385601279.94,2369268082.27,6900996187.87,3603130716.36,1319832111.6
2022-10-14,367967465552.59,159320275669.59,68427521157.41,43491230299.71,10739225738.05,45017271780.62,24430778153.45,7780255732.24,1526220911.38,12575288219.5,5588839022.43,4647511551.93,5902774251.46,6807823886.42,2065037257.08,3390346250.11,2439722542.87,6923897415.62,3663191230.84,1303229390.09
2022-10-13,371731749298.26,158160024664.68,68427231799.58,43859763700.45,10930880565.46,45816499986.23,24023362891.83,7916929107.45,1468565760.55,12945062370.92,5709996418.76,4644208540.11,5632253000.19,6898713108.46,2092371523.65,3460239474.84,2453648557.81,6776269609.43,3657703829.76,1349704139.83
2022-10-12,367391447229.96,158974260182.09,68421321796.25,43717719231.42,11140349382.78,45869723381.32,24401024216.38,7944514180.3,1500985074.01,13070612449.14,5584403553.88,4730020371.5,5703321060.2,6951242260.12,2148432159.01,3514918051.9,2541925341.35,6850445867.8,3727127211.43,1357257468.55
2022-10-11,365340817941.08,157073807505.17,68415115914.08,43782320107.81,11001461001.76,46032675763.82,24252485456.26,7994516055.4,1513420219.66,13387358944.74,5617201519.78,4726252141.35,5689746484.74,6955125781.4,2133188917.44,3504397239.14,2554425487.3,6904860752.67,3712246324.95,1396185845.82
2022-10-10,367049182259.43,158499128156.64,68373109843.55,43852446091.82,11422898166.46,46058989926.0,24780401211.86,7895699949.85,1547709115.48,13770149026.38,5624106198.16,4808947380.58,5801091947.33,7046493372.45,2144942263.91,3628810300.97,2599026725.41,7120953382.53,3764481547.22,1416671727.28
2022-10-09,372876821416.38,162317860620.67,68382659680.27,44890165689.9,11755441423.91,46061806382.75,26627502146.73,8246227943.44,1610212486.77,14497057762.6,6060567453.9,5005639211.15,5763907265.38,7284545513.47,2250346250.89,3749070663.48,2827378134.83,7209102274.1,3846476823.0,1538660426.08
2022-10-08,372284398575.26,161427190438.39,68338729369.43,44604842765.02,11635484142.36,46068954345.97,25782535419.92,8182834472.5,1646318937.92,14451251308.5,6041236575.31,4970698545.35,5731190993.49,7093556737.06,2245430738.07,3661709346.49,2808095839.56,7106580779.03,3766786135.11,1526832496.75
2022-10-07,374761116006.47,163496205910.64,68341409502.0,45687917102.43,11739434829.04,46123970674.18,25840612946.72,8279889101.09,1677602276.66,14539806956.94,6090135391.9,5005968540.46,5770712499.07,7118834254.44,2241892378.42,3739324562.88,2852170254.05,7266078521.27,3771293907.6,1563071980.35
2022-10-06,382574032285.78,165831763019.55,68222297902.48,46244769577.57,11844090547.38,46255489868.42,24589449779.73,8417110770.14,1697510768.09,14689488559.01,6138614596.41,5045190776.34,5797157476.52,7122752621.28,2273263078.03,3754456746.09,2903087673.0,7276143863.76,3815645833.68,1569592624.31
2022-10-05,386489739242.67,165950737480.06,68069989507.43,47455366376.12,12103633784.45,46425082108.39,24414916891.65,8588387007.4,1724718786.94,14774574874.36,6278524162.51,5144257581.4,5764143524.21,7230768381.36,2345714812.97,3871617688.69,2961262609.78,7436069483.76,3892677179.27,1582388358.35
2022-10-04,389843287588.34,167070804931.43,67966646705.75,47803983107.38,12116396797.35,46786928283.15,23940784013.93,8751179628.53,1715886010.01,14926325999.57,6383234874.69,5163951854.68,5754477416.84,7295388346.36,2326918986.13,3795776536.42,2901642047.24,7303022963.68,3943576197.86,1619857136.58
2022-10-03,376151028151.32,162306742245.52,67955464988.94,46308955783.63,11706353014.72,47192138929.67,23097957383.14,8011200975.21,1646666869.65,14660264626.42,6127987783.21,5083115707.33,5669133595.08,7164009127.53,2231133985.14,3605931712.72,2838332329.94,7003215460.73,3863170244.49,1581696064.7
2022-10-02,365024821953.69,156481992824.69,67953496945.01,45889655979.06,11393119249.47,47325233841.02,22397914680.36,7865818784.66,1663534892.57,14373740433.12,6009131509.3,4894804403.15,5621615915.11,6952768096.09,2195414973.45,3506913042.91,2779861037.51,6675209425.46,3701293295.91,1548631818.69
2022-10-01,370142714486.9,160822630102.87,67952350803.34,45637780786.73,11535862854.85,47256359715.9,23708298085.18,8043439065.29,1696452908.95,14738901589.75,6129346653.99,5023280053.33,5584311567.88,7039058221.07,2248642092.35,3631671157.65,2838315434.67,6689444281.46,3771841328.46,1603817254.49
2022-09-30,372414733487.45,162806430080.61,67959536956.07,45850807478.85,11787522154.36,47377375041.04,23941064801.58,8179518753.24,1668884238.97,14876397351.68,6213123257.86,5089442228.0,5634130069.46,7085438248.01,2303368475.84,3726890959.79,2838600161.63,6790462372.77,3806393350.21,1590804853.13
2022-09-29,375100872175.06,163728077712.87,67961601505.29,45785742688.13,12050180083.22,48584261459.31,24222633572.73,8056784084.27,1591082332.97,15002962316.65,6105758606.3,5133911510.91,5635938393.42,7250289514.97,2239926213.69,3884215846.25,2823655677.28,6668772433.82,3842856953.44,1608644730.51
2022-09-28,372279603227.33,163924504660.63,67954608843.38,45461808208.0,11791307083.53,48878962549.54,22488810461.26,8042838683.8,1612480226.09,14972857893.74,6103671736.91,5106863038.95,5503288520.22,7169186042.59,2192272534.2,3841451627.93,2813399595.52,6527789059.47,3799338453.98,1584755337.31
2022-09-27,366202733264.3,163012762380.92,67954830951.83,43948518789.44,11619152543.75,49212281314.4,22394230953.61,8041040939.72,1587022355.7,15130373751.01,6108160428.64,5121386053.32,5486334285.56,7157643488.04,2194963780.85,3969292675.66,2852635505.73,6466943409.47,3758238033.07,1604328620.19
2022-09-26,368335944295.86,163630053851.66,67955303187.66,44517443601.69,12020234575.12,49369158092.97,23337442440.18,8104729435.32,1562286275.65,15295559862.06,6102057497.66,5190636755.15,5499304150.76,7378411455.55,2229308350.89,3897653629.73,2897411624.73,6592258703.32,3807382934.42,1635083817.28
2022-09-25,360259346858.07,158574740489.23,67958406853.26,44216290548.63,11467768425.61,49589400501.4,24556855663.58,8113072988.22,1552690712.73,15273923717.71,6047944320.57,5128038285.61,5516020772.38,6948259923.11,2177356641.34,3866856028.37,2874111239.29,6465041548.81,3750011986.73,1548030126.05
2022-09-24,362826506171.96,161469074852.23,67958076847.45,44389589746.59,11867593382.62,49713335644.33,24361892063.94,8389312728.02,1583499424.59,15456926001.25,6177862514.07,5214459647.33,5529331474.49,7032633872.07,2262068882.91,3754332251.44,2915678263.6,6587080201.3,3812859636.36,1586324118.4
2022-09-23,369718966324.75,162707764850.43,67953444671.54,44630120017.99,11939083169.39,49740906430.96,25281849965.96,8402822198.25,1655612280.36,15806751682.96,6081444331.86,5313759603.04,5582565735.12,7209385357.76,2303012270.29,3661249190.05,2982038119.55,6801499268.03,3924375284.31,1628472189.25
2022-09-22,371923967755.44,162617761175.93,67968530325.41,44448461252.44,11489673166.14,49906300345.75,24181658724.79,7906993347.74,1795951377.65,15709058102.27,5960047339.09,5234078388.68,5565365787.49,7218132236.96,2235338806.6,3499352769.96,3043450230.37,6575468117.22,3811508397.76,1591186090.71
2022-09-21,355314855623.96,153404799857.85,67968428582.21,42720828474.81,10914413725.93,50010199691.32,19781367192.79,7615814270.57,1639115380.92,15079724851.93,5719399827.43,4916137150.54,5466959511.54,6889078956.48,2099513700.85,3300071203.83,2881797054.22,6150916343.53,3649085530.5,1548939944.64
2022-09-20,361876433047.07,162176944252.62,67927770088.16,42975342722.64,11125013748.05,50213230569.4,20696344827.17,7750170210.88,1703310701.96,15105002743.81,5780346200.16,4929686955.95,5518279442.56,7207125406.18,2165181408.48,3385790430.75,3006416343.34,6404687889.36,3728811717.81,1544862090.29
2022-09-19,374373522207.39,168666096121.15,67930765402.74,43894998284.41,11568250432.08,50015034269.87,19295117861.89,7776109587.48,1823377855.94,15501693540.53,6039140337.31,5117881890.11,5572581903.48,7285022884.14,2152342949.16,3594931414.61,3193003395.38,6690823355.02,3765007767.53,1575897006.81
2022-09-18,371970445843.4,163478613611.79,67925116253.37,42966238264.79,10998783712.55,50190456315.35,17853819362.86,7631164741.5,1935729134.53,15285735911.44,5832050551.52,4948268478.13,5622583149.21,7206244607.16,2145417688.93,3690798258.49,3072972328.51,6580625182.12,3762427538.6,1521855173.13
2022-09-17,385513277844.78,179913195986.61,67930189531.4,45053322422.87,11947252004.49,50212373449.25,18784590638.59,8253483488.2,2007766318.59,16651995880.68,6561214020.3,5465934085.02,5753028923.05,7897804208.75,2344369622.78,3984498537.86,3448528708.28,7244979964.98,4116032564.74,1638730004.26
2022-09-16,378693173324.34,175325880262.72,67922151759.86,44312018097.58,11401260515.46,50237341232.62,17772325398.84,8016372777.34,2010915724.58,16206589909.2,6344519176.46,5339591172.34,5661057606.01,7708941429.48,2292561586.43,3757862041.06,3308719007.54,7040264369.34,3975216073.11,1609074113.38
2022-09-15,377311288517.09,180110291827.78,67883668012.01,43691241396.31,11698209082.79,50365831402.49,16259959472.56,7799886203.11,2032876060.16,15916654286.39,6424992401.53,5377747289.52,5657626325.33,7740081393.09,2259423000.0,3709518404.71,3287828803.35,7199690329.08,4010828872.1,1594166054.3
2022-09-14,387631908834.78,200044200373.76,67892953530.34,45075350228.14,12062868030.95,50834222718.82,17044594426.56,8115822873.22,2112571194.32,16454422063.68,6696948367.07,5653859992.03,5690535593.58,8046879731.73,2305273764.07,3664878793.91,3548314668.62,7553344650.3,4280531533.51,1641943625.78
2022-09-13,388682319976.46,193422316197.85,67885003163.97,44783501315.67,11815911870.7,51370240179.25,16626554285.85,7977391521.17,2172343979.8,16027304492.54,6734560679.35,5638010017.14,5643282217.69,7967250726.32,2282307345.97,3504587592.4,3492612864.32,7462718852.03,4205932934.62,1671228877.16
2022-09-12,428373958242.42,209669571067.84,67737997534.69,47378094637.04,13226280441.44,51430360844.23,17909722399.37,8478271266.07,2248434330.24,17143865605.36,7070122699.39,6312006912.36,5895284486.82,8554082166.38,2468587006.94,3808700920.7,3973841589.23,8123022607.11,4366283427.24,1798324999.3
2022-09-11,416840289162.08,215523920726.08,67670904333.27,47620609271.56,12352902118.72,51601695543.86,17694152749.41,8452981187.22,2272133054.88,17424373509.97,7139366303.57,6108060998.98,5920754258.75,8591192714.54,2497152103.12,3940359449.32,3821653580.37,7813837574.47,4428570473.84,1863424748.95
2022-09-10,415117548315.38,217263495408.34,67565211593.0,47912171545.45,12403867342.36,51677959746.59,17821814164.15,8593943121.82,2340379189.76,17515633783.21,7297974098.36,6060267411.16,5973489784.57,8686313870.89,2545923761.49,3890248413.94,3756425180.93,7915008936.16,4512650455.59,1851473939.63
2022-09-09,409363809141.16,210255158289.96,67562079308.59,47337502118.33,12267250689.15,51724537122.64,17813656402.91,8493374187.58,2302225303.8,17190844173.37,7108878784.18,6029690458.74,5857761226.96,8667120374.3,2545220703.67,3808460306.43,3760223920.01,7786715361.11,4355734166.55,1817786498.72
2022-09-08,370071738762.96,199992630006.38,67552613240.04,45267601400.07,11863418423.13,51678540040.61,16891985461.13,8089886556.7,2259661216.43,16382573043.44,6708969181.84,5647757971.5,5655737659.04,8240338192.99,2437174689.07,3641309872.58,3653472694.1,7373628308.2,4125550854.24,1660673113.17
2022-09-07,369299496559.04,199305881389.89,67553051342.8,44974585825.43,11546558098.3,51689106056.97,16749087225.87,8106725009.2,2279147917.14,16382850423.84,6731341097.42,5610716449.8,5710415758.78,8023576489.07,2274138890.54,3481593412.21,3406125403.75,7344212740.89,4083300146.82,1657669511.83
2022-09-06,360616650169.4,190949580969.12,67549022274.09,42378199797.19,10811183863.52,51591236187.12,15996480398.32,7825361372.58,2035098114.22,15828529693.52,6592194985.1,5369579341.8,5613123792.23,7676259735.09,2156254963.41,3280125814.23,3168083113.94,7152330046.67,3862208122.64,1592481894.41
2022-09-05,379258182345.46,197707916935.92,67552969301.48,44639749525.86,11262941461.85,51856082836.62,16530280699.51,8323436798.79,2053740652.58,17060980151.84,6920911551.45,5721389289.49,5815657736.56,8203561239.15,2408535371.78,3620162320.2,3286282556.43,7698701432.36,4295786342.3,1726399928.87
2022-09-04,382576542382.13,192853381586.06,67554552922.52,44987580579.3,11232288701.6,51881772221.09,16472643158.03,8388285911.62,1796849390.56,17196438526.17,7043373460.54,5596931299.35,5867913136.98,8207842547.61,2264069153.32,3512933391.38,3289456778.1,7763819651.46,4329799698.37,1711903308.82
2022-09-03,379595440556.6,190294120192.45,67555369461.95,44815551874.49,10879255849.53,51862761777.24,16381795218.55,8317606742.03,1793669934.07,16420612567.82,6757780215.99,5558436753.51,5830217140.94,8110459660.99,2255665063.27,3362547140.32,3233495660.78,7720796320.96,4274885189.62,1662079073.92
2022-09-02,382212933183.84,192760741605.53,67556398533.41,44757554222.55,10920704686.95,51758902179.34,16445851060.42,8177162497.1,1801754119.97,15537756338.82,6684012898.39,5553867196.45,5782379045.36,8126875221.64,2229923160.49,3403482882.07,3236166891.16,7570538165.35,4338847859.84,1609828767.5
2022-09-01,385208305831.58,193834454491.69,67551112128.61,44919072541.51,11045834220.48,52026303625.38,16541923560.01,8274909579.98,1803061824.8,15637621559.46,6753252613.14,5685198261.07,5843181764.29,7996006410.07,2236346020.24,3389913050.97,3363261073.53,7687418965.28,4088738819.98,1616748510.72
2022-08-31,383710102294.98,189843590076.15,67550878447.21,45051509128.88,11000112739.2,52361614842.28,16277583809.84,8136711789.01,1820711404.44,15076088551.5,6641897869.55,5632024035.66,5857798332.25,7815923201.41,2210077357.91,3259638722.24,3380299341.14,7221974020.01,3827402071.85,1597068208.05
2022-08-30,378850670474.32,186176738543.12,67555218504.49,45404396097.05,10978850937.97,52389264489.75,16227920583.87,8162617342.15,1789659376.57,15255737191.98,6687319233.79,5514895094.13,5976947937.54,7787661682.51,2196773134.13,3223473745.33,3244415391.73,6909000094.42,3770205606.54,1600791390.32
2022-08-29,388422039679.33,189722196186.3,67551842855.73,46178176758.48,11346995761.15,52286365353.04,16571829586.12,8475982410.22,1710836133.83,15212378660.78,6861615992.8,5515873087.93,5853700451.65,8095475602.85,2291686399.27,3295305894.5,3117284365.57,6933316879.35,3962716760.33,1710811124.32
2022-08-28,375367382007.85,174741315285.27,67551567244.39,44569560737.41,10618466610.71,52200895875.09,16005208825.41,8197164607.5,1638927358.8,14515263479.98,6463109789.49,5253869084.65,5679257770.7,7606224392.15,2173855571.35,3079234910.83,2896102378.84,6652117597.23,3808902983.19,1607732424.86
2022-08-27,383478483268.59,182154372410.71,67550972480.59,44819743903.25,11020331826.17,52247371780.88,16612156192.69,8436101140.55,1650120490.16,15359990973.38,6676895629.89,5722928116.77,5811298874.04,7832202756.0,2209808045.57,3213843050.91,3019214286.3,6831058504.24,3768629071.4,1612679570.63
2022-08-26,387636192940.59,184136247398.11,67552565041.06,45109604571.79,11084618357.38,52231683583.77,16761909294.55,8434158603.74,1644581984.56,14716473043.58,6814154872.86,5871196379.21,5695688536.64,7691373508.04,2227621093.67,3188774358.17,3024904906.05,6477994535.74,3746540882.75,1467405395.65
2022-08-25,413267825941.47,207155539271.3,67554946894.42,48656681716.07,12334274836.21,52124656171.99,17313091252.5,9166756287.44,1846109295.75,15688611612.34,7649876525.96,6561541595.78,6051796472.93,8467249713.39,2503259735.39,3357142088.47,3328869644.59,6944553072.46,4033673279.52,1625420475.86
2022-08-24,409308514098.09,202323303041.31,67552197027.5,47828378769.14,12209076679.09,52274401409.57,17147061678.57,9020351172.95,1775234499.87,15462346898.32,7164144816.87,6562595538.96,5991946613.32,8409275818.09,2513327943.23,3358006426.11,3284445529.51,6542999280.43,4010908900.09,1639301581.65
2022-08-23,411833237128.08,202998758194.89,67549037360.26,48244669167.3,12449504399.49,52296995169.39,17193965184.52,9123709367.86,1797819114.55,15786340360.85,7309311392.28,6705030270.48,6121814928.83,8479950035.89,2556940030.32,3409447669.95,3304794715.96,6689389205.89,4053188201.03,1632763523.6
2022-08-22,409340103013.27,198061389784.82,67548459256.49,48491385289.17,12384788098.88,52249298137.03,17076526811.99,9073510289.95,1601290415.66,15568723181.62,7233988538.78,6436038089.79,6057468696.86,8215146984.91,2353059035.6,3310527850.03,3165963336.28,6516860033.49,4065287990.09,1629206837.12
2022-08-21,411906673576.29,197650970990.22,67549185033.32,48732933148.16,12754468528.38,52546676703.59,17050167031.87,9213780846.68,1422580033.21,15730006876.07,7412142560.04,6548313562.25,6096681387.8,8253429674.3,2285000770.77,3335334552.12,3243791120.72,6596276264.82,3939708787.23,1648997941.43
2022-08-20,404848126556.26,192465075465.68,67547786550.07,45770274443.46,12313396664.42,52436961015.42,16666962364.28,9225908325.67,1425879831.43,15317406139.92,7080738740.86,6356041128.64,6078753128.13,8022760923.29,2196210761.83,3249766193.9,3185196661.45,6328251536.57,3846700195.95,1613412826.61
2022-08-19,399309311305.82,196835222642.57,67553636975.95,45129050400.63,12518976237.59,52458216235.83,16543927022.62,9013526602.56,1433555423.08,15303585956.31,7240497353.68,6408391333.78,5921030976.0,8180561593.06,2194491894.35,3250849573.13,3259061063.16,6209602641.35,3835215242.79,1635903675.93
2022-08-18,443947256035.75,225368717991.11,67549411288.43,48101290422.99,13793882541.16,52851395623.54,18317336208.98,9960773255.88,1536961143.75,17395723706.17,7428212229.29,6912489685.12,6231735319.72,8973024276.18,2475264914.92,3610968938.73,3718828127.59,6913428808.26,4261652267.93,1753817920.19
2022-08-17,446283604019.97,223635240252.1,67570901709.35,49471881411.5,14094071905.93,53175025561.86,18749023129.31,10634135573.45,1441890446.99,18119143799.63,8104709843.03,7262610496.9,6303507351.78,9264161039.59,2561051537.94,3784042036.11,3799655938.63,7102637850.0,4284476585.66,1879438704.13
2022-08-16,456730745422.92,229117813778.87,67573718501.8,51050928255.19,15055409667.57,53466912634.93,18627048239.58,11537534089.51,1508310574.01,18823499412.83,8690636446.51,7739861374.68,6441988494.19,9796100461.39,2614977625.1,3980292531.97,4032137709.98,7519407000.8,4352777618.61,1986788121.06
2022-08-15,461560003436.79,232274942656.73,67426669678.62,51609739346.29,15287214697.61,53486877329.59,18465237280.96,10178494868.42,1519662841.28,18703480035.42,8400812581.6,7958327852.45,6370043390.62,9748725395.62,2632914244.07,4070883048.69,4132743080.37,7649887241.13,4315686246.97,1989803362.83
2022-08-14,465024405299.05,236222871624.36,67303183168.52,51303090207.75,15662657782.88,53593155481.32,18498504133.53,10837495194.11,1524197616.93,19354043699.41,9285829503.27,8039834069.17,6505405779.45,9918526404.04,2672688204.72,4125055883.39,4281173785.84,8042610047.27,4491422017.7,2046783691.17
2022-08-13,467007252128.58,241628050423.6,67063136721.0,52252321197.9,16209730478.88,53812175801.21,18572869961.48,9663785944.35,1538828143.12,18887553431.78,6935316084.16,8294168711.59,6459637682.26,10282828420.05,2762765653.19,4293431855.16,4448126609.11,8234960813.77,4522495672.01,2086966218.58
2022-08-12,466578839477.74,238664195002.23,66922412524.56,52840320750.57,15808543966.16,53828415473.0,18672677481.03,9598095936.08,1532337642.61,18251801161.42,6961518436.41,8361173205.08,6510252483.51,10489023699.51,2739438406.81,4387472707.86,4530988319.79,7504233676.2,4463776194.22,2139667919.72
2022-08-11,458043109398.07,229369148921.19,66785051255.91,52241044211.27,14926562728.09,53885216633.14,18700545845.72,9410391234.37,1474033883.75,18027733510.83,6763845633.18,8136230581.35,6499298942.88,10186600605.81,2736945232.98,4214588131.14,4353235267.28,7403759550.08,4390433427.46,2072387684.61
2022-08-10,457833729141.91,225750054992.92,66534778465.85,52994635915.65,14760621904.89,53936090863.89,18421841323.72,9445497251.71,1481721976.55,18128278210.02,6788650859.19,8296411576.39,6498613432.59,10507693444.22,2719538385.61,4257174191.28,4448367794.84,7531716897.12,4368626631.84,2103651512.49
2022-08-09,442835162483.49,207597034307.44,66490423396.56,52420465015.19,14066091186.82,54074361689.62,17795137985.59,9170891403.84,1494308418.0,17343618705.45,6615882909.16,7812772554.23,6327929628.38,9846546164.59,2579062512.58,4117247941.72,4050086363.91,7155502846.88,4201959316.7,1955987595.42
2022-08-08,455148536623.69,216409762110.47,66488266389.56,52402408715.76,14692531939.71,54114505483.92,18310139569.97,9294235029.92,1472162384.64,18208885733.93,6748176298.86,7951010151.02,6479225087.64,10242994927.92,2747298037.7,4060114417.2,4141848902.0,7404476554.23,4437701008.23,2062829018.01
2022-08-07,443014963855.4,207103611495.11,66486127948.64,52099211446.08,14089000374.03,54275863425.54,18008096794.91,9146340282.66,1367928665.84,17796329481.18,6607752112.4,7933884703.3,6435238348.72,9552753760.31,2705486996.83,3900988631.96,3757935580.69,7285073636.08,4331682642.2,2053471234.53
2022-08-06,438890198160.7,206143302111.46,66484866944.19,50832352961.96,13878612969.51,54273899723.09,17962887586.29,9111077388.98,1326118517.23,17256192057.88,6569970024.1,7583263263.81,6420437952.02,9405872105.54,2714671829.32,3663952131.41,3697225426.67,7290269379.65,4318200106.98,2065527703.52
2022-08-05,445137234251.88,211067071405.44,66479305701.16,50851172981.21,14047846392.7,54259900726.87,18205780800.2,9255729716.69,1273396860.24,17460046862.6,6656955385.45,7096659516.0,6453370926.59,9732448632.78,2702746190.61,3693201988.18,3916895448.66,7453558534.3,4422901767.76,2093393730.89
2022-08-04,432532599006.89,195930417588.61,66435250615.25,50128462927.42,13448585170.91,54234240749.09,17952280004.62,8936277229.38,1172919091.9,16865071108.43,6496580261.51,6648684351.43,6371793838.35,8925043511.93,2576706298.01,3454379358.62,3323692397.31,7166077511.64,4241523608.6,1995124317.42
2022-08-03,436633304289.21,197208540574.77,66426156141.24,48136066763.38,13361517322.59,54342010865.19,17879768856.56,8782181926.41,1178930756.25,16902834365.23,6499990160.8,6561595106.16,6268400760.0,8833062857.92,2573833386.88,3421660661.21,3396849702.93,7132481876.58,4096350049.22,1964321238.65
2022-08-02,439128030641.55,198900803867.57,66318191562.36,45790901617.14,13775725523.32,54447561090.85,17984627629.68,8848290321.8,1151792710.64,16769374021.9,6467873022.54,6501447349.97,6319158465.99,8755813115.19,2564984081.89,3384966840.11,3233774654.85,7063853750.76,4127030994.23,1992652321.18
2022-08-01,445527356895.96,199152780196.11,66211457617.36,45745482573.34,14479875105.09,54386015942.88,18369217305.41,9117834245.95,1152643454.41,17352979970.35,6587015628.27,6727284386.26,6463849977.75,8092256920.34,2644555649.99,3559007422.74,3212360122.88,7186377449.4,4218111265.29,2087051277.19
2022-07-31,445941074223.04,204771722888.53,66219690038.41,45751935452.54,14677221207.36,54455842443.43,18392533898.45,9057728540.13,1201304853.06,17544584313.12,6430388289.44,6751945512.83,6372029570.11,8538285441.2,2678355071.06,3215871450.76,3174322182.1,7458425920.59,4244150997.88,2244869853.8
2022-07-30,452020722098.65,206508772876.13,66076050872.9,46390292373.49,15140706452.23,54450310040.21,18745697940.82,9239676912.25,1163482835.26,17732414110.83,6542610633.75,6888705283.13,6390581699.93,8106606130.96,2775033555.55,2974697920.4,3258879350.37,7469257624.54,4281294375.23,2066853722.55
2022-07-29,454837507676.2,210313498731.77,65954484239.93,47425624149.65,14507890772.49,54596569310.23,17822893715.83,9142229129.1,1103087203.38,17758863195.02,6454630567.4,6972213440.41,6404164489.29,8083916827.06,2913730130.4,3029558022.91,3270735721.23,7542604600.61,4314998950.43,2013973667.12
2022-07-28,455565748691.77,210050435904.08,65859438469.56,44737841992.21,14825668370.91,54705059373.55,18050137973.04,9168635568.08,1087362666.99,17419281356.26,6507185583.05,6883742268.29,6447353735.44,7763602583.35,2960323786.13,3319229639.52,3262308724.38,7518677541.05,4494558045.76,1815125336.39
2022-07-27,438095993233.22,199168822141.52,65864311290.14,43803772187.37,13947675591.36,55097211800.39,17360873681.11,8891667873.32,1079754985.67,17232465275.52,6307655999.3,6650127191.54,6346637925.55,7571216926.61,2431204257.29,3203041122.77,3094265792.4,7194053411.23,4174533913.47,1778567923.34
2022-07-26,405770108604.64,175483010009.7,65849395954.3,40166261134.24,12518295028.05,55114570592.18,16331071436.37,8293527878.37,1014473866.11,15867807805.63,5950291930.85,5869208212.04,6039259978.71,6682539830.42,2269239970.69,3181582583.27,2795123616.54,6266760976.93,3808695636.99,1643171520.12
2022-07-25,408078695877.99,175898851084.4,65850377989.74,39551586360.04,12698416310.34,55002566512.28,16306869205.01,8266123803.84,1053882642.81,16068223904.63,5902721335.44,5955306657.65,5902299094.18,6685153680.13,2282422930.85,3269091647.24,2830739401.9,6230480271.17,3849023096.85,1554608745.52
2022-07-24,431888879541.1,194630191920.21,65843592647.76,42248561528.47,14183909251.88,55099824864.28,17367749270.94,8985046174.94,1120105194.47,17335593946.09,6373758866.72,6775821345.42,6187915054.25,7321801591.45,2532081745.87,3210070307.38,3240074402.75,7056102025.81,4140312228.09,1650958909.53
2022-07-23,429122209145.36,188503496052.2,65843625428.07,41861049913.34,13844645600.58,55089683676.33,17381325243.14,9038028050.75,1119353205.92,17462510199.17,6378215855.35,6713326207.05,6189361033.82,7240442638.27,2346922947.29,3389301731.66,3205935994.67,7009340230.88,3994097116.39,1657892401.28
2022-07-22,433866028177.06,187035568058.3,65844714442.34,42411928806.02,14044360902.31,54998691728.12,17336011343.62,8963661596.75,1122649668.58,16422232145.84,6438847840.48,6733037058.93,6198186158.47,7218569299.39,2362064534.88,3297511033.46,3217991762.04,6833333622.39,3976003117.85,1620998213.77
2022-07-21,442435421338.91,191800749216.26,65851555937.77,42828999086.96,14932954715.8,54954728530.24,17743651633.38,9281622159.19,1124627872.2,16879583100.64,6594323758.95,7109387709.63,6288674283.25,7435729800.34,2351874263.27,2965490946.26,3249717001.57,7265425818.39,4111739336.58,1723762123.19
2022-07-20,443696738856.27,184901273324.09,65850754946.39,41679672949.97,14547886502.65,54814266868.59,17426926095.13,9302843117.13,1147364798.73,16573944657.12,6547641546.77,6698770275.65,6249326436.69,7371766844.14,2329622132.21,3072441179.4,3101554496.65,6667729043.39,4050348601.26,1674236209.25
2022-07-19,446690803766.25,187650624167.51,65872333238.98,43370248284.55,15517763218.69,54720683139.11,18042875062.85,9155970621.56,1181503519.68,17502086599.11,6686594885.84,7021834968.0,6391512590.41,7705665028.48,2456094399.89,2955708299.23,3365290338.29,7412630066.93,4102753661.51,1828483139.55
2022-07-18,429412153274.1,191975962096.47,65881601523.83,43249792275.79,15119057277.04,54782196399.29,17702130474.69,8983802898.71,1170899843.68,16713962637.44,6589034153.74,6837965887.36,6385660934.89,7588783273.5,2325751327.27,2927867437.92,3031318897.29,7700780576.66,4147769307.15,1882339651.79
2022-07-17,396808327004.88,162763136859.6,65858779417.22,40467949153.98,13350831260.73,54805466618.9,16601593222.53,8372496381.55,1179269120.87,15093249211.09,5896858291.35,5848580199.43,6233233495.89,6837597553.15,2115355534.07,2885717160.09,2601420906.66,6029225312.88,3941804801.64,1797107950.63
2022-07-16,404639672831.08,164446216963.59,65861447016.27,40752933390.25,13671687076.48,54822440364.86,16961727489.03,8528066515.41,1156134931.24,15432698160.16,6053068464.05,6020653464.08,6371109891.79,7086865758.47,2095427499.49,2787855765.89,2689996840.09,5819581855.7,3899224404.72,1768051106.67
2022-07-15,397861215081.44,149901581969.42,65856939532.33,38953638621.15,12934991344.33,54833444056.68,16172471779.92,8363846887.38,1139065295.65,14928029674.72,5954954421.15,5500215505.2,6202333290.17,6720969771.23,2028183622.95,2823474586.52,2586714671.29,5642153869.89,3663504590.06,1691519386.93
2022-07-14,392755738689.37,144828136302.19,65891859462.06,38886774289.96,12823564044.08,55262142341.0,16108927504.38,8277852717.69,1151590445.61,14885733803.97,5819715755.02,5595976324.21,6184977449.9,6635136930.17,1969171695.47,2896637524.52,2555763411.12,5665530326.01,3622124669.13,1683790790.54
2022-07-13,385908229967.86,135338329617.66,65910300973.28,37639386788.21,12064347013.02,55363386612.89,15650128125.4,8219302651.19,1106013100.53,14781352901.66,5781006291.08,5333218468.86,6125904451.93,6389405483.02,1956447468.12,3037555563.16,2442649660.61,5091900471.76,3504704943.04,1609613407.95
2022-07-12,368936762200.6,126162583560.77,65947568115.87,35996786604.69,11320200696.56,55305921346.89,15066558641.8,7971764742.53,1177058208.04,14181983703.45,5460848823.46,4774878821.26,5978105663.78,6220336190.39,1864564768.75,2979703473.16,2334360181.63,4322572270.94,3361487743.3,1559379237.84
2022-07-11,381264246558.41,133322814435.65,65939816627.8,36877493642.58,11559735103.83,55556318719.39,15194070307.13,8205244619.11,1225947500.99,14694033565.33,5674362996.15,4923542377.64,5985108895.99,6455217769.77,1898152693.41,3102176150.66,2360394285.74,4512030173.39,3448250455.98,1545653357.14
2022-07-10,398237577323.43,141954129136.53,65955599834.56,38313853886.01,12670817158.63,55548556605.25,15743541093.96,8923774474.6,1301295973.09,15718939989.62,6159322708.88,5426065716.04,6256044022.34,6773510351.5,2046003981.52,2960913467.33,2578549915.28,4574032251.95,3687774051.01,1570883300.35
2022-07-09,412185216767.56,147839484293.34,65960474522.33,39715666653.85,13144005205.28,55549471066.38,16676069389.02,9222195946.82,1314748819.15,16159383361.47,6384247037.66,5641491058.66,6458266850.21,7171322542.07,2132604292.0,2952986521.04,2780025532.53,4720685314.32,3828251396.2,1698304353.18
2022-07-08,414819851681.33,148494701910.38,65953885059.93,39309048934.76,13213057612.3,55534621688.32,16515377535.09,9188379817.54,1313090642.34,15772942209.14,6173416698.0,5605414588.89,6383272509.78,6983420571.91,2083343028.71,3004329416.47,2623890452.6,4854244874.09,3644435923.19,1688426828.1
2022-07-07,413013947459.11,150310328516.7,65957735256.27,39438657384.24,13242839648.99,55552024620.11,16540655944.68,9369320422.66,1321741915.56,16214105231.39,6203721049.73,5726942058.24,6348423813.78,7219557040.84,2133599140.62,2898757554.42,2704180704.04,4504179266.07,3684905998.53,1525532753.63
2022-07-06,392200896304.73,144146515577.97,65934748154.21,38941548229.67,12726514304.75,55795878195.32,16063036114.63,9098925996.1,1295120561.21,15593466911.57,5746039574.4,5418009988.36,6250587869.05,6843904414.99,2028837178.28,2907990257.52,2547653093.66,4205695624.08,3558638806.25,1362449656.98
2022-07-05,385349780369.64,137763639218.72,65983553009.16,37691894304.9,12145804296.82,55805558925.62,15731938097.96,8909478414.94,1306007521.94,15529315133.1,5671962915.78,5110202971.23,6306969905.68,6764343197.56,1993403429.61,2835199201.27,2471761498.19,4097226202.76,3520790351.35,1333527865.77
2022-07-04,386119553712.38,139753790719.31,66022632507.78,37810723921.29,12633208223.93,55819676986.38,15894714860.59,9216941149.42,1363921580.73,15851699427.73,5758700104.91,5070749902.77,6218651380.68,7084690171.0,2066252572.18,2920759002.57,2567088006.45,3936090037.55,3690926187.54,1355008925.69
2022-07-03,368272636367.55,130354920626.23,66169266578.19,35754443110.54,11465283748.5,55823349220.82,15552125745.52,8912747929.93,1339420784.02,15377222959.96,5512757228.88,4707781238.09,6127028339.99,6758841572.73,2017394601.93,2900796088.32,2411707835.53,3688244673.68,3600711101.74,1268811950.19
2022-07-02,367208487556.97,129459761679.57,66163322796.97,35600131897.25,11456182205.95,55800988591.05,15256090645.15,8848907882.76,1363728189.82,15396854405.96,5530692239.86,4614458067.96,5990144091.29,6741102976.31,2034510361.47,2953172555.49,2402353358.65,3947693232.14,3565923148.62,1269308079.72
2022-07-01,367709366218.78,128626459283.35,66157189642.31,35270351269.03,11260787475.62,55812506572.96,15164098193.89,8779456011.56,1394231843.02,15124139829.11,5489890381.34,4542941886.13,6006650856.21,6646336024.22,1937667332.96,3063313374.09,2424272986.14,3693034625.87,3610009106.32,1264415556.3
2022-06-30,377526215552.49,129526314725.35,66336678355.72,35806656571.72,11517442144.91,55797830063.86,16023213662.23,8767624633.04,1333711622.57,15481130857.48,5664369258.74,4780289763.13,5989244853.22,6952423128.43,1962737735.65,3150155998.37,2412310347.74,3822218392.42,3788572489.79,1289942130.32
2022-06-29,383598071095.42,133353794240.87,66750375720.81,35804105858.09,11615355558.84,55822963264.6,15903810210.35,9216360366.62,1475707317.38,15712129431.19,5590158809.11,4967964748.61,5996279032.71,6922057750.98,1994551792.88,3395817085.72,2468436692.44,3965225484.55,3772278597.27,1305108469.82
2022-06-28,386949194397.61,138878854101.83,66756834295.86,37052010145.28,12108802089.26,55810439381.76,16307549066.38,8750529447.15,1589797882.55,15937844503.93,5475796782.69,5112886741.82,6108115560.38,7219255727.28,1970907823.11,3404394725.56,2467412258.33,4092336072.72,3728756112.17,1327046701.41
2022-06-27,395606854741.09,144823390350.2,66806562259.11,38150322787.5,13179917589.26,55811850973.26,17076467746.08,9584039487.25,1571941714.72,16390096572.95,6072580838.43,5447476942.16,6203983860.8,7647921300.13,2128497317.14,3269673623.2,2696197139.3,4262646688.93,3948216780.72,1397686252.45
2022-06-26,401157940864.2,145556215206.34,66827166314.21,38183748927.98,13507861443.26,55876331532.72,17348594104.6,9708405808.71,1302016840.9,16527043912.83,6033779546.97,5549945968.05,6009178176.49,7738240731.06,2159981093.25,3098091072.6,2729115680.76,4486627307.07,4014947870.27,1394153895.2
2022-06-25,410202265385.35,150833549827.69,66837248865.23,39135965106.44,14504821341.08,55887416457.46,17768795974.1,9088298080.24,1326870566.34,16833937440.86,6475986263.62,6018277629.09,6004598717.32,8032704477.75,2201743266.16,3193851673.56,3010492725.68,4804705995.11,4162336685.24,1526507194.92
2022-06-24,405018505024.32,148805951209.82,66932224077.7,39225384796.77,14463467673.44,55790164168.69,17770272991.81,8905403066.43,1337024094.25,16940683942.67,5969315536.3,5785219772.88,6096020358.4,8103984591.11,2187664077.68,3270464268.88,2887388918.13,4898518614.94,3951744583.58,1481646146.86
2022-06-23,402219959760.78,138670376992.79,66931473859.16,37382875642.25,13080320647.23,55699388575.68,16220625761.54,8495221692.01,1342684085.79,16298242541.71,5662072284.04,5146218760.06,5896947085.75,7690370963.84,2218649759.09,3081807425.99,2566655150.76,4492590665.59,3935114389.32,1404193954.43
2022-06-22,381240087223.77,127505209521.79,66920425462.93,34984037889.49,11686937663.0,55869774140.24,15594753282.95,8187305661.22,1290572025.63,15561076679.99,5302788334.03,4520564888.92,5839538085.43,7316492038.68,2163947949.73,2771860459.99,2360802635.83,3653142480.81,3676586826.03,1315852933.85
2022-06-21,395025644879.73,136394173950.59,67433922183.48,35839071092.05,12371813460.88,55824727400.55,15886801531.91,8699404142.04,1337625920.55,16174353904.81,5814780627.93,4737846608.35,5998876020.3,7646037006.24,2270342193.09,2971672795.8,2521401829.61,3351646760.06,3775140884.84,1399214789.44
2022-06-20,392888024958.72,136722871083.63,67853470373.86,35420370612.84,12130694927.92,55744749203.39,15631560627.04,7983700626.1,1328713062.49,16608404988.08,4465645568.38,4816502133.45,5657302815.0,7788920098.4,2272025608.18,2959129961.04,2455258822.28,3206666831.31,3732265686.58,1388167182.6
2022-06-19,391988917193.6,136710815909.94,68102975881.96,35091574388.42,11724330826.15,55900557576.71,15762422675.41,8012737056.9,1122235012.73,16341966396.16,4505347333.46,4549822131.1,5689379150.29,7423345515.3,2295118437.47,3420712064.92,2362097901.84,3065443656.1,3831898795.64,1314438117.54
2022-06-18,362685324229.12,120451036891.42,68140021287.09,32172584769.48,10890380857.35,55376383864.93,14894007804.33,7033163720.19,999357911.53,15391124998.33,4239457811.13,4170513386.73,5636621276.16,6970452288.55,2224882331.1,3156641874.75,2221713512.21,2773789890.9,3332456147.5,1233605383.95
2022-06-17,390391528176.49,131697196726.13,69157599589.84,35250160629.64,10525467559.69,55096486737.85,15536563814.23,7561531503.19,1053144968.08,16450717357.02,4488398126.73,4498865278.63,5539713605.69,7203719714.4,2309085550.51,2749340897.74,2421318145.07,3199325796.67,3362995607.01,1307285477.96
2022-06-16,388664840556.76,129406748347.93,69963896405.68,34212852053.16,10266933100.9,54600368573.75,15085737176.82,7300746596.92,1039022036.91,16026795414.09,4370216391.42,4420959432.58,5467279686.57,7011790613.92,2088328433.57,2961543782.78,2298328511.25,3055982666.4,3152150714.29,1276003192.32
2022-06-15,430432160005.57,149446989787.47,70795502508.22,38108309619.39,11802105691.48,54285391403.79,16615670711.24,8358269935.78,1130373115.33,17992876268.8,4836295759.79,5117448314.0,5822999304.8,8404575635.14,2435567371.66,3276605542.75,2735660285.26,3482809035.07,3560275348.13,1433137008.86
2022-06-14,423429131864.08,146821604379.69,71524221503.43,36446891127.3,10168590806.08,54112329915.45,15573376110.24,7375399854.61,1158459737.8,16349268634.77,4509653456.34,4647704353.53,5161873396.82,7273972694.96,2410977029.9,3757882096.4,2406857016.77,3307863594.01,3252580674.63,1341381039.51
2022-06-13,428759852105.36,145949007640.7,72192315410.0,36330072070.84,9647671921.01,54295283677.74,15025141138.9,7153731599.11,1168675525.93,15631922420.9,4406850515.84,4501324406.85,5903124670.87,6923126949.42,2418814062.49,4332233016.94,2484348625.29,3404311454.08,3052632554.14,1298636583.91
2022-06-12,510252464820.78,175086938731.69,72428255698.57,41790885362.78,10516559194.38,53994300101.34,16702074996.9,8535532361.61,1343189225.19,16770325342.17,4746801185.57,4885529960.66,7072035291.84,7357483711.5,2808252028.6,4071123579.94,2633324274.02,3993219914.57,3399775617.62,1357096866.15
2022-06-11,540698499860.06,185298897901.53,72424278519.53,44001019654.37,11569435497.55,53849159413.65,17356403263.85,9273062891.35,1415746440.61,18657652295.61,5114782050.23,5563079071.42,7028106788.27,7916610625.99,2995938392.93,4077937684.08,2892791130.89,4284929614.35,3685851914.73,1412332918.21
2022-06-10,554455834485.63,201677680445.43,72438004110.59,46704839625.51,12681410990.12,53876437572.68,18454292631.75,10010509251.32,1526714389.53,19381277867.28,5562614821.17,6202748587.22,7325219743.49,8545349188.73,3204935627.1,3720355177.23,3185636614.17,4733894119.1,3993269884.29,1450995932.37
2022-06-09,574029141738.88,216770182920.59,72380852348.12,47337201876.87,13665953108.87,53858822347.83,19352904029.72,10525631751.28,1569352317.83,21354114841.38,5802110690.1,6858174448.14,7514002757.72,9117423825.38,3351640001.91,3566545037.54,3596340797.08,5041550654.08,4243554776.67,1501628901.43
2022-06-08,575953219487.92,217202109118.55,72367104628.92,47124362846.3,13274759591.59,53788697783.07,19368563788.58,10539276547.26,1537543765.02,21772549802.99,5819595752.44,6882995984.22,7482670433.68,8891939335.55,3378869839.82,3454044640.49,3585010882.32,4832817356.91,4336890701.43,1527547020.67
2022-06-07,593857882016.71,219659418080.76,72378077914.79,47406019787.29,13425918916.85,53852349677.87,19709597575.99,10681746081.75,1581698623.26,20772850135.08,5902097528.12,6920815272.31,7610562216.27,9113537058.07,3480539904.13,3204820368.02,3674677722.9,4906258391.47,4502678847.0,1600935872.23
2022-06-06,597927548347.45,225114630766.06,72493493260.8,48231368639.04,14424637593.92,53715354692.21,19482794690.58,10949258722.37,1601542201.94,20558149019.23,6070241899.65,7298432751.95,7616532074.0,9374863398.34,3545559675.12,3362936503.33,3874037040.73,5032292801.81,4538285784.97,1778443139.15
2022-06-05,569996838236.88,218544227813.81,72492412161.34,48809157475.71,13075923614.97,54094982708.32,19113884341.16,10776704001.94,1559639851.82,19133051325.98,5936850198.71,6785877568.64,7590707469.74,9228925960.86,3435437031.63,3234702060.56,3751565247.81,4757398372.57,4452591445.27,1717000074.41
2022-06-04,568564420350.11,218086698231.5,72493599862.39,49249419808.26,13229166675.49,54082579265.59,18965420645.79,10849474463.9,1557123873.8,19106277156.42,5971515483.2,6888897813.64,7492016256.08,9313458900.77,3599386317.61,3546783235.06,3748820826.09,4739153079.73,4490104733.6,1815249822.83
2022-06-03,566088081691.13,214853197852.79,72478209424.9,48721504698.89,13000761217.06,54022580107.69,18890841705.62,10672323805.92,1517504491.0,18991447265.27,5938509899.6,6459260792.75,7564481467.68,9260462403.85,3496777520.66,3482921408.71,3692602631.76,4693485157.94,4412984245.57,1856335642.14
2022-06-02,580603466872.23,221979536503.5,72488874871.39,50305926892.06,13895197381.87,54096133447.34,19593540143.1,10981446413.56,1516674781.07,19839578551.47,6161614864.49,6928560486.88,7851246669.35,9774743863.3,3606204669.36,3134861829.8,3941886709.52,4928177026.96,4538696831.53,2232469194.78
2022-06-01,567842680885.87,220675468263.59,72484737695.44,49065391380.88,13690214127.7,54048575673.05,19244684532.48,10753779788.03,1532471982.0,18649236556.38,5991983817.53,6459605984.32,7782002460.48,9353744327.13,3555077523.93,3069371631.52,3757443876.31,4787851113.32,4433807015.54,1784680341.79
2022-05-31,605797887876.49,235021820715.09,72494046130.53,52327838987.6,15539526232.56,53918517203.92,20394341357.91,11391726302.2,1684772667.87,21095465849.46,6439763510.06,7162228423.51,7909708182.02,10237441300.88,3885441618.04,2929640900.76,4167149964.87,5267680865.37,4816685345.7,1934210474.04
2022-05-30,604513442525.64,241543951896.92,72491971143.14,52534837419.32,16018826337.53,53758684526.5,20215892251.16,11657855629.75,1681920566.06,19233725200.74,6684586199.82,7498921669.87,7822431870.78,10325039438.35,3754498866.03,3086061597.12,4033655225.43,5228547725.03,4866216692.07,1897585888.9
2022-05-29,561034743433.25,219209358147.19,72477658382.78,49958681901.87,15248168487.39,53728403269.24,18806261247.61,10969956872.2,1545324501.79,16271803266.11,6314902096.27,7088371097.43,7564027713.24,9856709916.59,3535116674.53,3258362887.48,3626235711.32,4762166639.05,4487429143.64,1667525913.28
2022-05-28,552958193308.48,216813374963.24,72464869930.35,50259172862.7,15049997720.82,53699047371.94,18676059698.4,10857677366.47,1531629931.02,15718441823.39,5921450603.79,6740897368.69,7634419480.38,9546220231.49,3415013148.67,3378349594.34,3502133343.5,4677311855.35,4439019523.79,1693240539.88
2022-05-27,545388222663.76,208627071822.52,72454786683.75,49141803579.94,13909019555.02,53562595189.69,18456779481.08,10790747448.47,1501239744.09,15374540946.49,5724162947.81,6071113835.46,7575096749.57,9018478727.3,3320625593.26,3282429579.8,3347200721.1,4563471115.01,4332860870.47,1622728518.93
2022-05-26,557547946793.11,218157454743.17,73194993573.56,49793586181.54,14760880598.92,53197144152.26,19007056733.33,10381705601.83,1573386857.23,16224514598.43,5837381542.27,6377399588.8,7764264576.55,9066990855.18,3452569824.53,3435787137.95,3666235952.09,4782147705.49,4491777182.0,1716113316.7
2022-05-25,563145244691.91,235174141323.92,73200049460.31,53184993616.09,16278899688.53,53419227603.5,19616910102.64,11009702755.8,1697824726.32,17379444292.14,6371484591.4,7372517335.32,8007114050.73,9744031900.58,3635320669.18,3296205432.81,4007230357.52,5135676779.8,4806901533.83,1818331097.55
2022-05-24,564895173841.06,239278614833.62,73209654828.01,53585763496.1,16845804589.15,53292785641.72,19758431074.2,11096233387.82,1673863981.3,17627919620.29,6447316426.13,7859900401.46,7628171006.98,10054722308.41,3734333891.49,3217846066.07,4156315560.39,5259924815.18,4947698992.82,1845779421.75
2022-05-23,554268758109.31,238431020387.29,73208261018.08,51719705364.07,16643425149.94,53322677856.51,19563044261.99,11045237304.92,1674984306.19,17336429150.0,6410730662.21,7817959596.75,7258172631.29,9764157772.89,3656236543.0,3371432098.41,4055055950.02,5103970014.9,4855075194.28,1812703928.2
2022-05-22,577568895835.72,246986847793.11,73206667557.65,52184792531.31,17898175243.17,53139292857.27,20417096592.81,11423643528.01,1817128500.87,18307396577.87,6552300442.48,8566713401.5,7473363176.14,10059589553.82,3793751185.91,3187593988.89,4353787099.08,5393170982.7,5048354743.26,1928715629.42
2022-05-21,560565793081.53,238662541734.67,73186680227.48,51018508604.91,17064668695.33,53061574510.82,20046598080.25,11205743624.09,1758434774.79,17831941057.93,6451834412.44,8037696979.85,7166514508.84,9868392734.54,3666284033.52,3607860396.06,4247283517.6,5162803936.5,4902789953.99,1871504737.71
2022-05-20,556131920268.79,237041503832.88,74113219855.82,49368297712.32,16800346868.61,52925462319.99,19875640538.28,11141299047.65,1788942172.31,17515756703.96,6393672083.1,7791999505.77,6931434156.84,9564457272.89,3640141370.62,3464471929.84,3988118351.14,5060807517.69,4828588924.12,1817994410.99
2022-05-19,577316228899.3,243906956357.43,74136836036.55,50091997950.35,17707717284.5,52731228912.23,20302962987.42,11505546740.73,1920375395.96,18037043683.97,6500526049.87,8175388588.61,7165600972.73,9916882263.12,3746989666.68,3708571947.49,4217007339.93,5238166203.57,5069893985.12,1914057369.19
2022-05-18,546936441379.51,231594842725.92,74120116280.78,46932136433.51,16785534281.72,52254317671.08,19635318935.42,11097791216.2,1898172374.42,17065797554.68,6330801981.43,7967226455.78,6924293697.43,9388596954.72,3585061749.0,3402020743.2,4069467435.88,4989783650.82,4669932826.48,1744606049.81
2022-05-17,579391415566.42,252562157297.15,75669482317.72,49956785094.26,19271673602.95,52257410413.46,21156072906.6,11968648399.93,1976830662.32,19503757289.04,6893178815.61,9256538524.0,7059633362.29,10897183478.22,3940609015.5,3337850319.36,4595833820.29,5778361547.97,5130178441.96,2012471494.23
2022-05-16,568643328349.1,244357879748.28,75659604369.58,48609208955.46,18086298370.03,52005779139.96,20424915691.85,11653943119.72,2014766987.75,18828281214.34,6584408930.48,8765521021.18,6754785477.74,10492669465.74,3761458423.85,3067911827.99,4500707839.15,5383624066.13,4724926520.71,1888217916.08
2022-05-15,596074575228.33,259186464086.69,75681576735.6,50943678220.76,19846538361.82,51148192672.29,21627310018.46,12317527158.07,2003352994.74,20167153400.06,7154572502.27,9833667775.34,7089172173.58,11649063178.34,4090048393.52,3230271040.39,5073560049.78,5862815861.39,5028037304.84,2150530159.9
2022-05-14,573129618194.88,248356265277.91,76614556564.97,48556546861.02,17681477160.25,51108110209.88,20679924722.93,11913357724.72,1924488474.37,18197419582.23,6902805146.78,9166355845.08,7117850153.15,11209697889.19,4026540142.62,4009016513.65,4594207740.17,5454024086.4,4846196382.98,1992811529.92
2022-05-13,557525025253.19,243274721466.96,78628680640.5,47445706445.34,16391692820.69,50579540928.38,20469313381.79,11718876379.25,1904851272.42,17850954700.12,7038424118.42,8642513566.0,7285616991.04,10362966455.51,3856100287.83,3863521835.26,4446425465.81,5306202533.47,4776311505.77,2128891837.23
2022-05-12,553017241734.59,236882074239.28,80975547638.47,43988002572.9,15054952460.05,49597238718.09,18622029265.89,10968022313.45,1833256955.22,15983742074.2,5963006321.28,8164029389.82,6617955336.23,8636690004.86,3701245637.16,4665439459.42,4380163173.69,4721401130.49,4525671465.81,1663444466.97
2022-05-11,550870071633.8,250186937448.08,82804472064.79,44078705120.02,16910528275.47,49009770946.84,19983884939.41,11221387238.65,1802176458.84,17301359976.37,6576096266.46,8327305145.4,7312516735.02,8844945616.61,3704768741.38,4782133202.63,4349928290.99,5229630505.05,4664769119.38,1692502014.63
2022-05-10,590565398299.36,282924938115.3,83149842394.66,52138741396.8,22475117995.43,48444732861.08,24830250476.85,14391789568.5,2174522693.9,21229119363.76,8902175779.55,11985333373.32,7560776496.83,11217411955.74,4420267312.33,5043630112.89,6540997315.32,6988698226.13,5636570861.25,2436264344.79
2022-05-09,576716899022.88,271054331836.52,83209783933.63,48876789613.91,21297991170.96,48710396541.75,23830261964.06,13907076455.73,2147258009.47,20592042144.46,7899007392.83,11289501815.37,7208256318.69,10633301983.93,4231066705.21,5098529926.7,6488037481.08,6451099505.55,5476583292.91,2273545040.41
2022-05-08,648302121215.01,303859041426.84,83205227593.81,58028429298.74,25222885523.02,48681199304.73,27387673911.87,16478661440.15,2380599606.31,25012203839.59,10101043008.59,13856723017.18,8626071847.17,13089449126.74,4988863041.9,5672116071.76,7594991498.27,7647501916.04,6601237923.43,2696505354.74
2022-05-07,675729532873.68,318142976736.13,83230797431.24,59707794714.96,26474257127.71,48561122684.4,28152438112.71,16919774365.6,2179872339.31,25767047427.52,10590483047.35,14834652097.64,8235369874.52,13604551348.93,5120909689.88,5193813125.34,7088097486.97,8015295145.22,6642353108.6,2737606560.26
2022-05-06,685953792235.64,325214199379.47,83235897877.61,61931654721.29,27365865668.53,48818135775.03,29130104990.04,16968658298.92,2238572342.47,26493407296.0,10984913053.16,15338643865.26,8755038927.48,14135323180.05,5240142704.28,5220597158.82,7310018365.46,8195260725.46,6797608065.13,2827154109.62
2022-05-05,696088266356.37,331722438859.99,83151407127.21,61845010683.84,28284629323.7,48847546127.07,28951984893.79,17038840265.5,2310393371.59,26703424885.6,11140278927.29,15892520069.27,7577730834.69,14399921302.51,5283938556.24,5282820439.71,7600099259.93,8356618234.83,6805832186.17,2885147812.16
2022-05-04,755491473700.31,354781969604.05,83153531242.58,65719415308.72,31005535019.26,48922769160.45,31252541255.17,18017851487.04,2414052868.66,30334822293.18,11974855697.32,18032335029.01,8763116429.73,16102734247.02,5713612731.76,5135725843.92,8789529375.46,9191276375.04,7462070397.57,3239725217.26
2022-05-03,718385701942.79,335783385599.7,83161656879.3,62612768112.86,28689978615.15,49044522714.04,29130203226.36,17183527162.46,2290038240.06,26028116860.09,11160146514.95,16026063411.92,7349727999.71,14544117179.92,5325154060.87,5590228627.1,8130955088.98,8445060700.85,6974674926.3,2892417932.23
2022-05-02,733170725790.51,344664213658.6,83149156124.19,63624245327.85,29271114445.84,49153599585.43,29549544282.7,17371642650.79,2290750647.63,26431509847.09,11353245688.0,16256352169.58,6989480607.77,14792400451.6,5431746735.78,5913654685.26,7966362298.29,8457866008.05,7068667690.28,2926593148.1
2022-05-01,731986764311.88,341049885442.05,83162272400.22,63724060207.07,29986417059.76,49298296906.65,29240494806.07,17615033707.19,2319386199.4,26676154076.98,11848512411.93,15810356887.26,7204837036.5,15190677414.54,5418553401.32,5946483901.66,7988583206.31,8642885732.64,6979716923.76,2945671390.7
2022-04-30,717596901508.72,329245687214.6,83165743151.14,61680787861.13,28422718817.87,49363696084.79,28242161687.26,16923138964.04,2309074791.17,25539225298.63,11080308922.64,15323840330.09,6377935573.69,14339591541.18,5308887759.0,5769705488.1,6968194529.99,8129464406.24,6749500613.23,2806913065.04
2022-04-29,734589762489.81,339508249528.82,83154548440.4,64177999275.0,31400352078.57,49380238148.96,29411859156.98,17914168301.01,2510901238.03,27161353316.54,12181423665.73,17034745170.56,6456030378.26,15962038041.43,5614232801.98,6285338112.28,7595654622.88,8952252980.92,7044371099.42,3180721444.61
2022-04-28,756698317681.63,354099998306.72,83168755928.8,66407717793.9,32764948307.2,49454880906.08,30997252969.75,18224002849.92,2754809041.11,28485470786.26,12599034219.32,18082575069.8,6478413480.73,16785406016.31,5843045275.94,6205353659.92,8464898313.43,9723990410.8,7250308768.56,3409714476.39
2022-04-27,746531438328.55,348272874148.14,83185571672.91,63914091442.25,32829333026.89,49570925341.17,31379920579.48,18534076574.85,2764665310.61,28360842945.14,12863885038.97,18764482000.36,6424636972.69,16737511424.97,5854194322.42,6231647624.74,8744876080.95,9871402282.3,7054133166.11,3448586259.82
2022-04-26,725113482674.14,338514769949.36,83166582940.29,62940507764.24,31962849254.72,49496598055.57,30869089729.34,18277666836.92,2578391633.36,27923948977.85,12611624905.49,18445669690.46,6292597775.32,16443789086.94,5636281184.31,6355698231.76,8611794721.63,9749857815.11,6903743485.95,3377653668.1
2022-04-25,769607056243.23,362714896494.35,83138281147.93,66021090787.74,33772914316.27,49903250953.21,33405523903.89,20956499548.28,2457200149.29,30321103824.22,13389600683.38,19573159797.27,6639425674.06,17894917101.94,5995326215.01,6346074234.19,9713631686.15,10570900949.76,7343716368.12,3636518339.07
2022-04-24,750755023763.86,352230955093.53,83142781297.02,65164719261.28,33101881730.6,49890528149.94,33613015003.12,17505501096.18,2466577208.29,29916574843.13,13147634356.28,19233384465.34,6676854623.6,17933115344.58,5868659227.81,6549360048.55,10189812884.3,10505097606.84,7338396255.41,3644452665.53
2022-04-23,751045477435.14,354042065765.69,83133137926.18,65580599125.29,33605175877.36,49892540348.0,34044327571.96,17809878000.82,2498070658.4,29977242757.18,13243180690.22,19587649603.99,6875607585.81,18499998573.43,5969477226.42,6658781759.09,10392020815.55,10674881894.73,7399502387.6,3712749665.53
2022-04-22,755827581232.71,357225521174.06,83088666666.35,66451690521.19,33561079113.17,49902262354.91,34597013608.51,18095627231.02,2623462512.72,30618776352.77,13357509097.7,19911385367.25,6788128412.43,18071841212.39,6112428072.54,6555740769.47,10563030414.56,10934080974.48,7405504624.57,3739107081.91
2022-04-21,770762297842.52,359913941107.04,83010873378.27,66130679967.59,33935858708.04,49906402633.05,35269702729.11,18091691994.37,2685912250.85,30718519492.18,13367778447.68,20158577186.22,7262714354.01,17960112940.4,6015263119.27,6428380663.21,10559577173.25,10774644840.25,7502723481.06,3698963240.95
2022-04-20,786828424698.83,370747899752.64,82870631126.49,68307615204.82,35176593429.43,49884716882.41,36183721879.75,18690437664.46,2450463571.05,31637661421.82,13632790541.84,21014611204.32,6366985440.92,18851682495.04,6297634167.41,6608433096.02,11258085508.15,11070441963.67,7851236858.81,3834126882.52
2022-04-19,789227424712.82,373881545796.19,82844266767.08,68966079720.24,36205329781.76,50049208463.92,37284568266.27,18927465460.24,2435736392.15,32177436406.21,13961287081.1,21554980078.14,6440955117.61,18662100179.29,6481475947.21,6594421567.78,11775110852.31,11151900107.09,7978903707.15,3918710795.5
2022-04-18,776330593865.92,368239502263.89,82746424716.18,68848474347.75,34030862759.18,49918940263.91,36968648413.79,18611806558.34,2419134351.99,31617034027.96,13866757266.23,20869681224.15,6257447942.73,17943868855.29,6474053637.7,6372822208.39,10944024587.18,11097074828.11,7796783878.77,3813070404.38
2022-04-17,755201997822.58,360466921073.66,82744322400.81,67264889167.11,33448341308.02,50008804043.12,36253212424.26,18502130208.75,2430355625.19,30966833579.45,13569126236.94,20310057428.33,6123244444.74,17559628611.83,6258307665.0,6624015647.25,10596542530.73,10463955826.98,7642964688.13,3697001224.81
2022-04-16,768615440639.72,368723505201.94,82742809447.49,68932688179.3,34063156158.3,50106118276.87,37634094415.45,19066403328.34,2466871807.5,32154042902.66,14069993453.7,20895398307.58,6298263322.37,18398681106.07,6533982134.17,6525800245.82,10750895066.63,10861080185.24,8019805669.06,3940233445.95
2022-04-15,771033872659.18,366106878800.64,82714140171.04,68902190653.88,33733487009.15,50172530768.33,37818615459.21,19373412830.45,2457657770.57,32211230516.37,14205908932.95,20775167498.47,6291273378.37,18122990185.34,6484437371.49,6422674966.19,10766911771.82,10903945007.7,7786204933.61,3763468717.83
2022-04-14,759245303310.83,363537133350.8,82659371722.58,68467932858.5,33037638422.19,50347096657.85,34985591016.07,19093992476.17,2417180495.15,31458690204.93,14142086264.72,20609288800.06,6112853790.74,17708082150.32,6426050509.46,7168021446.76,10940440066.71,10718258724.73,7526297715.93,3694762147.93
2022-04-13,782617115810.22,375344730158.78,82636519751.44,69865882646.91,34446417329.75,50573406243.55,34842663677.25,18584575504.73,2410060644.43,32898493640.26,14749599175.55,21462593174.25,6253475114.61,17972461924.8,6509778345.47,7207463906.73,11262967075.59,11088886367.33,7740680059.93,3795162612.6
2022-04-12,762819737793.6,364715602736.26,82592281332.67,68337523386.66,33876639836.21,50634695378.39,34494341129.36,18318689126.51,2419533329.32,32238576330.61,14811676696.96,20485867566.86,6095116718.04,17564966530.35,5797689376.12,7068204370.54,11003376171.57,10876195871.01,7343768616.34,3675154749.97
2022-04-11,751274786459.3,358739023178.63,82563674915.1,65070349746.27,32578478203.32,50795899323.44,33455057716.47,17864668009.11,2373044492.84,31067541492.32,12155480726.66,19899813771.62,5919576467.64,16975394025.27,5610428292.04,7367215744.34,10670499141.69,10410078422.29,7187457582.24,3553176299.81
2022-04-10,802293412896.68,386471827350.58,82559031739.45,69116334130.67,36612845093.25,50992961339.02,36419765609.96,19838945900.66,2331773252.55,34795020604.41,13481316383.31,21951204829.58,6357708089.4,19045769297.98,6108422149.11,7204925706.53,10502715806.2,11121529729.65,7786718743.08,3791613136.71
2022-04-09,813175789801.6,392450014876.45,82541639609.02,70530128696.02,37016030859.39,50978738973.67,36755308792.83,19144853674.13,2244928049.32,35271935757.0,13513176588.57,22673110240.55,6503262090.76,19541810718.1,6205921677.25,7833495081.77,11624419109.03,11360929462.35,7898196393.89,3997354255.66
2022-04-08,803736501494.4,384004266017.44,82515647934.74,69625982491.63,35976774331.26,50917565720.41,36296665540.36,18912034530.85,2221461130.7,34641111042.85,13054802227.53,22451694388.65,6356322989.32,19159911660.65,6153569117.98,8160823071.72,11679678220.23,11138880834.57,7764650534.94,3916677823.04
2022-04-07,826814841542.56,388917301310.15,82463568990.05,72122470077.67,38753887597.37,51061579331.2,37930537445.09,19383473009.77,2231997450.09,36854215825.63,13620441528.16,23564043164.31,6550742630.49,20172682054.09,6408884092.32,8450172354.6,11548525002.92,11746776723.51,7998274756.92,4198036884.92
2022-04-06,821131605926.81,381466903809.28,82436692722.52,69373208034.88,36769287681.34,51057860406.94,36645998000.54,19027194282.82,2065032921.22,35533696286.92,13383112499.69,22231075342.15,6434699321.33,19593212093.62,6299994980.63,8127445681.13,10100662290.57,11317680391.48,7873643875.66,4058229849.91
2022-04-05,865734982990.98,410298423739.01,82403954415.35,73505457938.94,41322645994.4,51387143232.25,39357366402.48,22939641521.21,2154524211.54,39517520585.12,14671518445.43,24392972576.86,7059192972.25,21519070367.51,6964132801.77,8085041819.4,10633068454.26,12358664866.62,8625563716.89,4573978028.31
2022-04-04,885964854050.1,423413008036.05,82350687394.75,73893866574.4,43113299130.37,51724834039.91,39819890698.98,19713668161.29,2233080226.39,40923596992.69,14543730546.86,25540760586.21,7200581361.22,22376344892.2,7150916383.21,7897595397.86,11336528416.2,12800874798.08,8740073172.7,4752856031.26
2022-04-03,882703992270.53,423557081705.01,82324402977.5,74360146489.05,44563278264.24,51633984578.71,40575582678.21,19430050406.2,2306616410.92,40012506060.12,14709211244.45,26224674828.73,7438923131.82,22919985030.75,7206901807.13,8037115958.16,11077741569.59,13102616373.19,9025019996.76,4883345990.83
2022-04-02,871556728552.73,414159902496.97,82111176333.58,72148650721.99,43095052896.48,51598278622.22,39707657921.16,18429681146.7,2285023931.84,39002558741.09,14170610711.14,25659149422.46,7448456083.78,22363274073.74,7102219872.88,7926613854.05,9762581076.62,12832739137.5,8742461714.29,4543525761.12
2022-04-01,879359612625.13,414654032151.08,82008115264.48,73741849988.5,43780520759.42,51654176342.4,39843448344.78,18748428963.92,2334314367.69,39320320850.13,14352022003.53,25851074089.32,7615694201.49,21743520212.58,7170275199.05,7713611507.03,9678138246.04,13142216648.99,8738682306.32,4669022098.01
2022-03-31,865202119215.74,394425928251.04,81958643216.59,70821236649.88,39896242151.66,51365407020.97,39198153818.12,18285489531.53,2298256091.56,38525050494.39,14186510283.89,25911179849.38,7512332330.64,21037919495.88,7306098141.18,7868890176.06,8803998507.43,12454828323.6,8656106959.07,4515767551.04
2022-03-30,894116777851.54,406821918324.81,81694472102.84,73094686973.76,39256767638.77,51740455616.81,41423775758.52,18999790005.12,2363470284.31,40162593158.99,15036772352.92,25599265335.4,7432319249.88,22189274693.23,7221845453.48,7388984805.77,9288720746.67,12973365674.4,9176644473.28,4723334545.16
2022-03-29,901733146417.05,408798491703.04,81576423460.34,71744167466.98,36318284406.6,51796986017.3,41288330509.41,19166891229.01,2442572895.77,40171531363.5,15020321826.68,24814285795.08,7055760338.34,22206886611.53,7105310333.33,7278303840.25,9346055782.61,12897654477.04,9098201719.67,4791044561.51
2022-03-28,895273041065.34,400900140647.22,81408280831.76,71064748023.01,34611838729.49,52116603385.63,41543592039.5,18926447924.05,2368943634.96,39465734601.52,14534985727.58,23947379997.67,7025243533.31,21697561066.48,7002441672.21,7552301854.31,8353180104.13,12786753379.93,8948776145.65,4681695889.13
2022-03-27,889385706663.3,395441924035.78,81362292667.85,71083302848.75,34798921340.59,52083027076.47,41256704402.5,19201643339.57,2324885028.62,39869330421.37,14041471287.65,24006949474.72,7034548746.59,22169044497.22,7161859648.86,7378873395.11,8721182629.6,13041615028.76,9049850375.67,4738550513.49
2022-03-26,845283757076.22,377571096914.82,81342084335.67,68675332555.24,33066454393.94,51975504372.82,40074334007.64,18025649264.32,2318113579.29,38805199846.11,13406983201.88,22972947265.5,6728608476.08,20628513457.82,6883007772.02,7215699403.8,8396475290.73,12404909394.25,8733095757.68,4176913679.22
2022-03-25,842351457245.02,373143966536.83,80991583550.87,67831809808.11,32057254186.25,52258941156.7,39706449500.54,17381607142.44,2255498300.69,37027658835.15,13253532540.61,22359767734.38,6556195990.05,20292073668.41,6936840609.77,7008787281.51,8085761858.07,12164398671.27,8675282714.12,4052903906.04
2022-03-24,834943671214.36,373268685628.38,80933303631.62,68379307291.51,32993555965.64,52458248439.63,40564997432.83,18116185138.74,2253647628.54,38096317685.33,13526904312.04,23400359188.03,6668749312.31,20981607893.32,6962481144.73,6795989992.78,8520718124.87,12543234641.61,8850106216.84,4193220608.74
2022-03-23,814620088888.69,363981070562.25,80857795208.91,67468320449.4,30479406012.85,52434965774.66,40320473827.39,17211007773.74,2267719654.46,37336914012.42,13425008365.28,23052156344.6,6543254549.45,20743071907.81,6927935617.51,6993542246.36,8237830273.85,11977413434.19,8562147242.37,4105480274.13
2022-03-22,804437952235.7,356983458903.94,80782526607.96,66759172803.66,29008521073.72,52678557970.86,40282456861.78,16249675347.47,2232849707.59,32919083335.65,12878105657.3,22446402046.53,6448949835.76,20000652959.5,7164050746.19,7018490997.13,7275913845.9,11586033163.96,8592857321.64,3887204875.42
2022-03-21,780074755650.18,347920723063.29,80809353322.39,65460178434.57,28434031532.64,53010892417.24,40333234043.34,15832853887.53,2233009310.59,30907828322.34,12602125094.85,23101880348.5,6283645574.35,18561820037.65,6374407799.62,6735076713.21,7155866747.61,11286229887.02,8118865847.88,3658763777.21
2022-03-20,783260570383.75,343377833604.31,80781817395.22,64522408664.11,28388486843.57,53000906379.48,38791824340.84,15808231747.9,2261657178.93,29569834894.15,12697232753.07,22636838970.74,6248746824.55,18407139481.68,6216854319.63,6863359249.47,6985084542.62,11266425868.34,8025097838.84,3608613840.5
2022-03-19,801124017583.09,353637851553.37,80454326017.98,66022524778.06,29606972590.62,52900449880.47,39429560357.2,16393940632.92,2282444937.46,30375978939.77,13264112789.24,23939264929.68,6296648110.07,19119046128.56,6229048679.67,6404698732.68,7417048931.26,11760142668.92,8132145626.94,3773084227.56
2022-03-18,793688176484.02,353488093017.08,80464642698.7,65657938329.52,28763415972.67,52848506643.16,38413837887.17,15828383189.35,2266799495.23,28761040866.85,12267578636.45,22890472665.11,6274397245.97,18755999342.59,5815063133.24,6258615023.39,7455221487.46,11540683066.98,7833854564.81,3642822902.02
2022-03-17,777515183730.32,337789077518.33,80161745462.12,64696833098.49,28140573242.46,52711355977.18,38184631422.91,15456398814.97,2252162402.89,28199952006.09,12191790304.26,21223275655.9,6183755864.28,18518822609.93,5635990308.75,5949915434.38,7027932725.22,11152462613.64,7706907839.54,3574627306.55
2022-03-16,781131586213.32,332615747238.23,80125518666.37,63657170376.73,28109416349.47,52406637826.13,38126427532.13,15510325926.1,2369654786.52,28253650678.88,12449312538.15,19782653330.19,6213023997.66,18816710742.01,5697757787.49,6158062364.72,7075802466.76,11292789640.82,7779385658.3,3498094345.52
2022-03-15,746821744421.1,314353415766.38,80108424576.0,61362152714.5,26801674174.95,52388465220.77,36840914666.88,14963114196.03,2331434632.44,26960637776.83,11884993823.03,18628933748.79,6153717586.28,17607547985.16,5506912982.93,6107643629.22,6621667724.14,10614749333.95,7473328700.15,3368459186.26
2022-03-14,753013859089.57,310784628714.7,80099251910.81,61665521275.93,26226064256.96,52457686952.33,37219191685.47,15130807238.35,2220904217.88,27081802423.61,12094639055.88,18356925399.38,6117409472.63,17476155790.62,5503808047.31,6162529502.3,6570412119.64,10561203463.91,7380717480.59,3442500545.64
2022-03-13,718481905385.96,302142844336.01,80088619803.15,59747472766.45,25492592996.77,52427364797.9,36579969142.85,14807135517.01,2167518359.55,26646535268.34,11836278667.57,18132232300.22,6038123248.06,17033700978.49,5329937456.81,6545556197.18,6393467005.33,10446055342.1,7131324198.87,3354208454.03
2022-03-12,738459914963.88,308802688253.24,80069194735.0,61544034491.52,26068188197.62,52357594339.02,37792455204.89,15275143421.65,2282388122.4,26635767714.1,12168155988.87,18905998303.18,6069944299.46,17928438684.2,5534750239.74,6107322588.28,6680774237.7,10726648473.15,7390140684.91,3416152346.2
2022-03-11,736353069777.4,306945646022.22,80063697721.83,61453823266.97,26076896379.72,52466163975.4,38540442556.04,15337034425.21,2231752333.68,26616389147.98,12127949430.65,18962225970.85,6130233414.76,17514149106.87,5477389832.63,5936962311.48,6620189537.65,10780450932.02,7328799898.09,3403352206.46
2022-03-10,748513363763.29,312725132202.93,80078959352.74,61449692683.7,26486185022.16,52536559831.18,35357243522.18,15507241029.11,2231552323.15,27152129609.04,12427268569.92,19691666939.29,6089791685.36,16768226632.04,5508890064.03,6229036607.82,7136101644.47,11031031592.59,7166745105.34,3467121285.18
2022-03-09,796787661848.94,327284646384.19,80051824533.93,64982649307.01,28458658754.55,52430328412.87,36784575059.72,16131156179.4,2181424719.35,28599369316.31,13101058071.22,20670419803.68,6188798381.88,17644759483.7,5859833644.85,6548541670.32,7504029025.52,11549316944.9,7465237612.71,3647453549.73
2022-03-08,735156346354.69,308901634237.01,80052159025.33,63067760639.57,26160615238.91,52445992705.84,34566738897.35,15526365774.9,2383681213.22,26981592497.69,12568886533.51,19386426770.09,6158648538.1,16743075144.04,5403874456.0,6404977862.02,6267652723.5,11077690640.32,7023040508.7,3517500427.6
2022-03-07,722305696827.83,299399838913.97,80032902659.29,62966388746.27,26381762345.94,52411937757.27,34677454030.17,15536372135.76,2174040025.67,26851258162.78,12547510711.69,19103797428.9,5969131280.86,16227405713.94,5224336909.1,6957090597.96,6272362688.17,10856014015.28,6900277989.88,3434300344.84
2022-03-06,729062407067.33,306229430306.07,79732529564.38,61920633562.54,27115147513.75,52838496192.22,34810891621.79,16022053796.04,1981265284.07,27739380365.39,12922909175.39,19267144791.28,5993655739.75,16767936113.35,5378921458.95,7142887449.33,6540502881.66,10914235773.68,7089739674.79,3471398955.34
2022-03-05,747638613405.07,319352820652.92,79734998187.24,63549043022.58,28456383337.09,52875394063.24,36196925892.79,16583255865.61,2174282173.93,29151081060.71,13501300577.98,20376044908.09,6147160738.36,17097686360.39,5585709305.59,7161455051.39,6771320311.56,11457920433.02,7325064635.02,3684796188.26
2022-03-04,742617908334.96,313604105838.56,79528727937.41,61800046681.94,27999802538.36,52857732691.71,34172122881.09,16264250993.48,2217674176.5,28382229734.44,12903818630.52,20081442974.13,5919742918.18,16548946161.41,5508246444.77,7059536068.52,6705520976.99,11204796056.56,7074135850.21,3663456602.89
2022-03-03,805466458784.89,339605220817.13,79758387195.54,66467864023.61,30629630122.78,53373089894.92,36066709499.0,17195482632.31,2402167875.87,30384707881.6,13756672328.72,19361256760.88,6100270223.64,17795511183.71,5986925429.13,6376672590.47,7103703733.67,11974759285.97,7768244936.03,4144634396.84
2022-03-02,833361543694.83,353421574640.23,79479184547.22,67532807578.37,32268084488.69,53425217457.96,36848808010.54,17643869528.38,2463607003.17,31596566410.45,14208587316.22,20520135588.82,6257727512.84,18362524076.33,6086929138.25,6860519635.81,7104660739.7,12358937455.62,7697621841.51,4025477570.52
2022-03-01,841491170715.62,356060928141.81,79451956861.47,67447273335.69,31614901348.26,53528807318.14,37633560932.48,17769657471.98,2530838064.82,32393841347.96,14864696351.36,21361247243.18,6320391293.99,18645993879.37,6235325708.85,6696247128.92,7595082683.09,12253938906.86,7849740880.43,4016892248.68
2022-02-28,819414782676.49,349638704203.76,79603976462.85,65322240556.92,31852723642.32,53459100424.87,37498438054.98,17665969469.11,2552002676.67,32309122793.98,14143212898.53,20763113170.48,6282405383.9,18705825243.4,6403975774.02,6195922366.71,6254853895.66,12177144738.92,7913795841.82,4181804451.1
2022-02-27,715351995827.55,313983181396.22,79587144285.25,59529719165.32,27371485041.05,53370799001.14,34619021225.69,16333292542.73,2514811371.78,28881334293.5,12870127090.55,18452974295.41,5906579508.43,17256381347.7,5776501465.24,6261286014.61,5459058634.3,10952514311.56,7189905623.75,3573743457.05
2022-02-26,741789694058.87,333024181662.98,79571654148.26,61694020170.39,28838878172.64,53290419666.25,36008637870.0,16934990912.19,2743957618.87,29876789059.91,13407920359.15,20139377451.55,6057054404.1,17800681671.92,5974275424.71,6550724191.17,5838087818.35,11422057533.56,7547345495.32,3676278643.78
2022-02-25,743827806937.97,331001574996.18,79521157339.58,61904739646.81,29625083070.9,53268559752.4,36868338076.57,16925550870.11,2703199498.32,30210158117.33,13633916781.93,19872460664.27,6053871731.93,17036045207.85,5858643462.82,6322428758.39,5728066515.56,11688571513.89,7617907131.95,3668838429.41
2022-02-24,727072550320.3,311035019269.95,79525180253.12,59645892982.87,28536069021.84,53126695517.06,33385746486.69,16426325928.85,2699681435.02,28709774071.21,13105005934.27,18805020786.08,6219495738.43,15970062775.83,5713113520.57,6841270864.43,5428809837.6,10851434529.2,7266114353.03,3444109761.31
2022-02-23,707390766255.17,310077026339.98,79454771410.92,60521812716.15,27151072801.83,52797597466.3,33504378573.9,16961450436.95,2879539830.08,29227073591.19,13722000037.76,18103656760.05,6203958331.43,15810719771.34,5494392546.06,7248718186.16,5480584018.04,10864359620.1,7386308122.08,3601374347.33
2022-02-22,726121533658.47,315899223813.38,79410542602.12,61804434179.17,27650979800.77,52724134664.8,34659333455.94,17453195149.43,3003940865.63,29894483579.77,13705662514.27,18310475754.52,6376961827.7,16358536727.32,5577052607.76,7113667284.13,5737241781.58,11030835894.96,7494119090.68,3712961528.61
2022-02-21,703124071471.97,308026942925.47,79085306874.9,58890751691.92,26582210816.1,52570580877.24,33730672759.75,17046906167.4,2726898756.01,28859436745.3,13217016787.54,17175455646.78,6067910362.58,15991004129.78,5399637368.63,7272386927.12,5461811290.33,10611373740.37,7209588155.11,3677688281.01
2022-02-20,728812385562.03,314553542349.48,79051748940.73,62880741279.17,29057463086.35,52596647717.64,37318724162.96,18158368479.33,2879855279.42,31370229673.31,14007748881.37,18971728612.82,6316407905.35,16720220594.35,5756181898.32,8020484314.32,5926693075.95,11417788006.76,7723216341.64,3870509611.78
2022-02-19,760839429983.53,330676602381.7,79042970275.36,66053898766.53,29247783190.97,52611021920.66,39439647397.07,18733858191.38,3014055904.24,33549313160.25,15105710766.61,20874476389.84,6468225282.92,17670024926.31,5924671355.6,8088539852.28,6402304761.28,12291430405.07,8062187751.72,4139185042.5
2022-02-18,759074084513.82,333274482393.4,78738713000.86,65975568166.84,28790343296.56,52527599037.41,37682867753.25,18410465958.35,3010609158.3,33529541469.45,15455107416.73,20565591472.7,6426729002.37,17624044527.04,5904530086.87,7444083768.55,6550282327.17,12017852079.26,8025593311.02,4067708975.49
2022-02-17,768654436206.64,344691405366.36,78713531339.39,66451246799.16,29847059423.82,52549613919.64,36785413823.76,18381811283.05,2971986931.34,34282047860.63,15453784566.18,21617068118.8,6358951638.66,17884983440.96,5939135799.12,7348799513.79,6651028892.42,12479999468.98,8101712519.74,4094614554.2
2022-02-16,833531932919.55,374117832127.45,78672234449.94,70656455985.08,32541672669.6,52610584516.4,40180105121.68,19780608769.45,3259950654.93,36469879050.33,16980455090.56,23388646827.36,6765237226.74,19555210854.24,6366833458.31,7449451503.58,7131871721.41,13848281275.28,8926909807.41,4559735293.15
2022-02-15,845117683686.87,380300250254.05,78515924560.63,71398038455.96,33474369631.93,52510487682.59,40816850707.26,20134237625.93,3319264642.95,37229777645.73,17154816279.4,22732164943.51,6803629843.36,19894466412.69,6514042472.82,7558213868.4,7323379654.61,14031532537.05,9176898885.16,4494365469.36
2022-02-14,807375855006.32,350792159064.23,78499268282.59,66651161135.65,30767492261.56,52442248485.75,38372052718.71,19370268896.77,3273394706.97,35281250024.23,16242599693.6,20119241302.66,6569893195.53,18482304643.22,6289804057.32,8184633663.54,6711426635.54,12403882623.98,8691113989.54,4296213957.9
2022-02-13,799950408997.29,344772260795.08,78458775425.12,65862892979.34,29629765453.55,52360369755.16,38757348317.38,19761029254.19,3309940634.25,35153676037.03,16622010390.22,19193208560.34,6561416688.58,18597584972.02,6356662694.64,8706335345.04,6620109426.93,12487206685.81,8787953885.84,4101864386.74
2022-02-12,800797790300.71,348785733007.45,78470179413.9,66606405568.46,30479311443.29,52312479507.43,39337817274.67,19158278828.83,3285672719.25,35547576316.12,15973139523.43,19927968096.98,6462136914.21,18584998263.16,6249381216.59,8605283993.94,6806380156.56,12707706991.54,8820467615.17,4138900539.42
2022-02-11,803848273502.66,349944259218.48,78442064942.77,66116449645.91,30613785508.22,52218551391.82,36363472397.74,19216979542.28,3183297822.1,36291724605.52,15742431641.38,20047360551.27,6519287917.49,18726915344.9,6084246722.41,8815643337.1,6871885990.73,12820691263.09,8774099637.33,4086581454.76
2022-02-10,825745116529.95,367845386120.69,78091072164.65,68543142479.62,33715605750.72,52130795964.59,39701428233.05,20151243811.29,3433797640.48,38714772900.16,16930856525.11,22353899996.84,6988892876.87,20378752051.3,6487858448.5,8424596590.75,7472960425.16,14176036417.74,9403750663.8,4406417688.61
2022-02-09,840369284541.11,387161915315.85,77984817276.25,69756144859.93,36197167002.57,51825713830.66,41644223971.77,21110912243.86,3480700073.41,40136899887.77,18030336670.4,22081075735.17,7107064040.87,21658021698.74,6563490610.57,8314027995.4,8234144075.61,15247364919.98,9756599758.96,4615812491.84
2022-02-08,836154543908.38,373154427924.75,77971083989.46,67495894817.77,36047442124.76,51563153536.34,42006172832.56,21015761197.96,3392866465.72,39596449768.79,17061230337.39,21240951208.33,6937118192.6,21419754153.42,6381353326.55,8147187735.15,8117070368.04,14538743901.74,9325370841.79,4619436243.92
2022-02-07,830838884165.06,375485569685.83,77952000451.23,71533416663.7,37240734078.8,51290055120.03,39596604271.1,21967396206.04,3479078224.89,40204912879.04,17870122155.33,20392700548.24,6979316915.32,22086726718.47,6505237877.83,7555332294.87,8542205601.66,15064963649.42,9541211262.92,4802851485.04
2022-02-06,803744511638.35,365288302066.81,77961684799.0,69274003460.64,36532195892.1,51054224335.1,32700536071.05,20400845319.47,3407203430.75,38433324420.15,15596217120.71,19306314558.71,6739624754.35,21631280299.9,6167371486.13,7387711707.84,8539028615.63,12981893615.01,8867877410.74,4680527998.06
2022-02-05,785297889648.0,360130344738.21,77955111126.63,68391365209.9,35923375177.26,51039228857.56,31910303814.48,19521265248.49,3332132779.69,37855752268.43,12362147306.91,18936619776.32,6592435972.64,21101596793.04,6088702323.14,7950506937.62,8127122921.28,12790961535.77,8482327380.53,4471022134.66
2022-02-04,786396684547.64,356379709501.22,77998586948.2,65886476169.97,35380926661.26,50870604117.67,31372230240.4,19569340519.61,3313716434.11,38133784027.37,12184092079.18,18945342289.87,6556801509.8,20170974812.01,5805762234.01,8051443980.17,8220933121.6,12615403260.66,8412020793.19,4459195107.11
2022-02-03,704010232687.46,319980125796.27,77979777937.74,61238131890.31,31947820324.83,50820489156.62,29067008485.25,18247613016.72,3208635935.39,35475035082.77,11358234375.19,16689038879.61,6073357301.67,18578842342.89,5312051402.91,8298074554.8,6885033918.59,11566495759.1,7671625220.17,4148316122.07
2022-02-02,700155817835.89,320384932826.29,77970345723.33,60675734271.32,32067089980.85,50428692188.26,28712954960.78,18207055086.68,3331444036.27,34536426835.61,11326230298.33,16631677882.75,5970234712.73,18563427017.69,5285534596.88,7568311984.13,6892182262.67,11504114370.37,7550467073.48,4321132496.79
2022-02-01,734039224254.88,333395296200.47,78013631849.01,63646536971.37,34630740596.89,50069388438.9,30037662360.1,18922976039.17,3431010440.88,36540985140.24,11934872724.89,17995815191.85,6094574697.56,19370583047.12,5466579349.2,7529728689.95,7062620691.24,12292807867.21,8025814828.3,4012522619.65
2022-01-31,729073641687.68,320959888865.31,78158330892.59,61964576589.82,31427675610.77,49848162626.13,29556246105.58,18813396718.37,3174590054.18,35321862362.27,11764748944.3,17147869340.97,6020618165.29,19179329186.52,5416821339.31,7089447000.5,6994775864.58,12265406995.93,7620639244.65,3951082392.66
2022-01-30,718325967803.39,310798780839.26,78144090895.92,62350221471.32,29398127131.31,49800880429.14,28793982069.83,18503745857.41,3033629029.76,34824144096.38,11581538525.33,16646915885.32,5979231501.57,17946811831.48,5510735345.28,7131499705.2,6489825165.18,11977483556.33,7565012829.25,3837190669.58
2022-01-29,722469136409.99,310001494765.15,78141712211.6,64252345526.96,30320117871.33,49739175192.8,29450587008.74,18979306846.35,3281352984.73,35565918918.28,11869150547.75,17659509212.83,6135416110.89,18477848039.18,5669250369.77,7251408977.85,6917343311.85,12646249138.23,7704932617.92,4011599209.86
2022-01-28,715731622071.25,303999533600.72,78195565135.5,63749004174.93,28760488350.73,49645733198.52,29239432357.02,18793645244.52,2792193528.03,35265091282.45,11703251838.29,16436994238.99,5863146950.0,18111790312.04,5629606203.0,7277952267.31,6701908801.35,12528755957.64,7607426184.54,4047336632.58
2022-01-27,703456873492.62,289156264093.83,78219016112.46,64410112333.39,28231276793.03,49373594427.0,29060812990.43,18739393113.35,2681508485.01,35013736960.42,11683051726.47,15841160466.73,5742068979.02,17909565228.73,5491156147.54,7736122598.82,6553723102.13,11875658059.21,7434279243.1,3895044540.43
2022-01-26,698006361955.82,294496473175.08,78206885444.47,62043525508.76,29051998871.21,49632437387.58,29695823921.47,19076582109.91,2606110003.46,36205391031.54,11623395386.56,16158817982.72,5728276624.41,17852311852.19,5499255574.69,7391633808.57,7028199946.18,11850008196.15,7456293256.21,3936875392.2
2022-01-25,699907393886.04,293019902304.06,78204897226.35,63507103572.23,29821092633.51,48579858784.84,29480540847.05,18978385082.75,2741887582.86,35015220285.78,11567450308.37,16624907483.89,5688488576.22,18120743007.68,5542283894.42,8138196500.18,7541384345.02,11607819864.3,7509984203.29,3989998700.66
2022-01-24,694196560316.9,291127719900.53,78294417929.41,61319239192.53,28841432696.05,48058913063.46,29221617471.4,18281756840.75,2882340915.01,35787820754.1,11641287546.39,15395009089.54,5603853354.78,17812719381.67,5541933565.58,9431322982.14,6633657538.24,11228244016.1,7615197811.04,4120820440.93
2022-01-23,687012848062.33,302389263380.59,78350199961.53,63393933785.32,31336377846.28,47651385218.76,30014890499.05,18821109378.43,3229788026.71,37644141351.38,12325072655.08,15847028100.45,5861547467.79,18594909764.05,5723344745.08,10112621408.58,7272595039.75,12037638847.98,7787951669.71,4226299775.79
2022-01-22,663374008017.03,286866655647.36,78264128275.46,59127680060.47,29621569901.63,43264434004.35,28453215896.1,17630908216.69,3239147619.01,35777545097.48,11262143262.45,14595034987.37,5771305385.42,18003429665.56,5526519278.85,10742956545.41,7037868195.41,11392263745.15,7532801997.32,4078237696.7
2022-01-21,690368973093.34,305050189406.68,78288391849.61,63251925838.25,35215581863.4,42797813923.9,30348183253.28,18924184093.53,3644111782.33,37673165251.46,12204919394.7,16108748580.43,6201428313.78,19402273903.81,5976964895.65,11134002279.26,8172641291.51,12645400138.08,7946260522.48,4799495981.15
2022-01-20,770304579439.02,357862901301.66,78344671135.27,72652270853.79,40002152189.39,46367978526.68,34289841109.59,20591006964.87,3806342686.65,42195174137.75,14514579019.84,19320350213.5,6896971088.65,22699398968.96,6790016346.41,11933568002.76,9409739212.17,14590845223.37,9054919065.6,4947349082.04
2022-01-19,790406427117.58,369113617588.73,78352919536.27,76419685289.83,42659386705.75,46051186882.59,35258733500.78,21539828360.09,3900814457.62,45002629539.93,15012072816.67,20257304830.39,7054233479.01,23829846981.77,7026217058.78,11793313835.2,10013525777.58,15072129000.85,9509006509.2,5271331546.46
2022-01-18,802313747480.14,377202294415.78,78337429210.63,77935945161.14,44479908451.96,45737305224.55,35872752052.55,21955041359.81,3969726148.76,49134518162.59,15446970049.8,21017605036.38,6973437373.41,24856312585.42,7243282257.38,12040331706.46,10909633336.36,15565048859.27,9853484850.73,5855536859.82
2022-01-17,799910089279.2,382914238638.7,78428435742.03,79348951879.65,43958119358.99,45483737542.2,36354642921.48,22705991526.47,4000491667.49,53445773893.74,15822970156.85,21197628637.6,7208498640.41,25407800220.23,7225020913.71,11615859732.59,10923510614.91,16249026707.09,10531292918.01,5884483950.93
2022-01-16,816211499220.99,399392136112.46,78432253976.7,83138350006.06,46428403266.76,45434277767.95,37127364883.24,23506016725.99,4337048310.64,47180439513.25,16757400981.5,22539370537.19,7115107615.69,27321509197.89,7368907939.1,12505556226.92,12341069954.78,17037734958.06,10173678293.37,6183042157.55
2022-01-15,817364571824.4,396916629872.55,78449911429.28,82564578042.85,46411116637.6,45273082060.91,37245043056.78,24557692457.72,4386415326.2,43459390227.37,16956487945.19,22802416203.13,6979828688.74,27392322839.56,7414848773.16,12464929084.32,11861591853.33,17212302127.78,10270087564.11,6464495398.59
2022-01-14,815850639036.09,394425210961.65,78416520725.78,81710448741.25,45895557120.56,45171641830.49,36905410370.69,24351532219.84,4524994162.05,43280635761.61,16938470838.66,22075108351.45,6890547720.16,27368651504.26,7320119537.43,13021752041.35,12393044819.5,17095548261.4,10046035855.43,6450122993.12
2022-01-13,806189762638.47,387027270411.94,78428105054.1,79235401456.04,45522685149.78,44946411341.34,36584041452.36,22825039684.97,4493840142.27,41327204612.47,16273870573.39,21847164221.08,6748845854.35,25508077149.97,7156963979.84,12873687002.84,11882828933.93,16551391861.34,9483562472.06,6208854071.83
2022-01-12,831836978396.02,401752380545.64,78413876540.67,81233396503.74,47297750723.43,44631425710.63,38070557828.23,21446441060.28,4326569849.41,43719232102.71,17416089292.35,23414613863.03,6931461888.37,26980168088.86,7276550446.65,11896974940.32,10653548574.81,17137874576.1,9836504305.2,6833761603.23
2022-01-11,808834801011.1,385726806147.91,78307519116.75,77315387871.35,43687287951.14,44101728591.33,36660803431.39,20351628612.01,3590570865.88,39716965881.82,15207333361.14,21865568557.95,6612880651.5,25226657069.98,7009284192.16,12123866803.47,10979926910.23,16882544827.81,9128177250.66,6716790728.5
2022-01-10,791484886193.63,367219283311.49,78305814909.78,70879440367.19,42328403946.82,43821519566.7,35175473469.02,19019598832.5,3274716102.13,37804751044.15,14704911995.42,20651031290.18,6473614907.4,23484694234.94,6899755821.49,11851401035.9,9389267722.01,14840096952.09,8800375414.0,6747560844.26
2022-01-09,793156354744.0,376068612893.65,78312801194.12,73192856244.13,43849094270.11,43635467097.35,35897214432.05,20041892126.48,3382493974.54,39340035970.12,15553511774.42,21773594951.73,6749014194.47,24321430602.01,7146466623.65,11884366626.27,8191890326.37,15153231168.34,9109263739.76,6917510381.49
2022-01-08,789758782727.02,368192421486.96,78300284652.97,71765554064.04,44370497800.92,43501587470.13,35572883103.28,20159802406.67,3467315586.58,39781014812.87,15257928179.9,20516116650.7,6693576450.23,23730670840.71,7092225917.17,10986803469.54,8380967640.57,14296129049.42,9027887393.37,6319240934.62
2022-01-07,786389774193.77,380204321962.34,78445946781.82,74691631586.51,42449507269.48,39702380216.57,36304923988.97,20567044267.05,3814291520.0,40586227606.37,15931057953.36,21176611209.45,6938509517.74,24615650590.51,7315484274.3,11009238864.88,9080514602.0,14711331548.54,9120728567.75,5796081448.94
2022-01-06,816685390313.23,406971721363.93,78557505244.95,78942916084.03,46546249337.82,43076362784.11,37174268617.94,21255601395.75,4280969884.91,42872127591.4,16887454458.53,23231730122.14,7242685925.15,26428435081.56,7566875962.76,10195701248.52,9655314603.06,16122092575.11,9467618737.77,5862947189.05
2022-01-05,824368284529.82,422636379036.13,78447516646.57,79240041765.17,47990806949.28,42744624582.67,36841776824.92,21150408010.77,4082210339.01,41405570495.31,16722624278.55,23877434060.93,7270236621.6,26463314353.96,7608717494.71,9650793465.6,9283221422.36,15725950759.07,9437794079.45,5894783312.77
2022-01-04,868383282082.05,451591466825.1,78254281727.37,84652601973.37,51940766392.62,42619659433.82,39201627718.08,22395156790.51,4225606513.15,43940063350.93,17837039432.35,25164823257.18,7761099091.99,28420292061.32,8100105835.48,9149802664.69,9655914394.12,16956345869.77,10180447321.85,6456916061.68
2022-01-03,878946596803.07,447650792403.77,78350771577.01,85424866706.51,52670374804.04,42567699046.2,39591978497.78,22565727867.6,4138993494.33,44255641774.59,18168398066.27,26360473692.32,7850899636.47,29731174495.55,8240310076.7,9326340559.28,9897623796.61,17424826383.55,10293746768.89,5593057801.97
2022-01-02,895688387523.14,455713570380.85,78373882136.14,88637570485.46,54552495291.77,42562534941.24,40838984413.82,23138181422.91,4261404654.94,46129061735.77,18692252748.3,27588210907.88,7922357701.96,29361884232.16,8484083046.99,9201420821.78,8672087026.25,18259576689.35,10486459759.57,5210070133.99
2022-01-01,902104193384.61,448537615143.01,78377058040.56,87963039449.39,55188725653.37,42454938451.84,40380448983.19,22956735266.08,4638720186.87,46108724312.75,18742539593.12,27805319077.81,7803062412.71,28228553768.1,8419725269.33,9523004240.75,9119330844.51,18442951471.61,10446644958.21,4893626602.92
2021-12-31,875939356678.79,438128003490.89,78351698939.97,85353536222.02,52704777818.62,42167723552.94,39510117215.0,22619859306.95,4506780502.31,43873068346.53,18345763035.56,26594317968.82,7679502984.65,26387798239.44,8157602539.36,10732830951.42,8772517649.14,18101393667.25,10155516013.46,4664461431.24
2021-12-30,892386327928.88,441792512826.8,78426036720.6,86554742526.0,53463776631.16,42315722030.27,39913518999.66,22728274240.46,4620468649.08,45554286343.55,18549279007.17,24793581918.47,7937041446.39,27225379612.22,8174211882.48,10745755661.49,9238505970.22,18320897700.95,10277205859.33,4736386219.76
2021-12-29,878478755241.58,431593692097.51,78172502926.53,85735918898.45,52792756553.19,42116774929.12,38823298887.23,22257556938.2,4700067213.61,45495743681.3,18462658538.31,25053574903.59,7788792783.93,26412190147.29,8146317112.29,10330356692.11,8931234403.95,17682505615.22,10083960340.63,4577140275.32
2021-12-28,900076230596.97,452043198574.35,78239798810.67,89226607256.25,54886552517.09,42130122777.19,40546296041.7,23100234623.93,4731218588.1,47938891423.21,19186725256.26,26079374124.36,7869703325.5,27560476546.09,8325597514.1,10028100182.63,8023978926.07,17884389356.97,10108832345.68,4726359383.84
2021-12-27,957746390396.12,480134213400.66,77987159401.21,93849249477.84,60402404760.01,42113330114.33,44027073353.12,24903022221.76,4739218262.06,50639301327.22,21395866527.15,27632130940.18,8251010478.04,30524765895.1,8811854389.28,10340511577.91,8796533955.24,19514813142.37,10800278866.53,5379022374.16
2021-12-26,960899995734.95,483620188465.03,78020576206.35,91239389442.48,61170181005.51,42392023711.46,43789189735.82,25210069507.96,5412565031.84,48735884302.67,21036265565.3,28024471317.76,8309592456.12,30943660939.7,8564343857.78,9300373094.23,9724360291.45,20411914262.07,10806756315.89,5099743666.64
2021-12-25,953678082632.84,486650526450.39,77585577449.75,91294641312.65,59662757325.28,42461297279.72,43962148014.83,25294647054.82,5310833309.81,48650577236.12,20704095047.59,27977248817.6,8301667571.07,28479573482.62,8643687426.18,9085299118.98,9050081243.85,18709510972.48,10929862990.1,5207579329.17
2021-12-24,961051547919.03,481210199545.08,77684840245.61,90389882920.8,58757154429.9,42479522272.02,43355016374.03,24756713054.66,5047114046.68,46584872386.95,19868788402.96,27963599135.28,8242850843.86,27789985731.59,8553561813.66,8755262090.89,8855219972.26,17506436511.83,11180496718.76,5243901495.59
2021-12-23,960290824999.58,488291028083.54,77376569364.11,91528095407.17,58665132084.69,42567802578.18,47216781863.91,24471601383.84,4282207867.26,49339215655.41,21187499773.67,29479202285.47,8418471004.55,28749513369.33,8623341061.62,8804271219.63,8176641691.29,19009892484.99,11319797810.12,5141771106.83
2021-12-22,919476035254.11,473270048863.82,76244880265.64,89012591911.86,55091892244.03,42367574953.75,45106931979.03,22973441291.27,0.0,44432758847.05,19245115958.13,28328439397.61,8059866303.45,26878031988.9,8300355878.16,9115479351.81,6434345371.53,17725206080.43,10765829887.34,4455063691.98
2021-12-21,925255868119.28,477751386114.63,76248825086.45,88189598447.11,55528846910.14,42350941007.18,44773731359.42,22700770658.3,0.0,43771331723.98,18068777573.03,29995570703.85,8037056793.11,24881264842.4,8300872314.8,8542200186.13,5487695097.11,16838512397.44,10727182011.12,4407178467.6
2021-12-20,886331446164.87,467428565000.54,76211424950.48,87264103150.22,53549206661.84,42175121656.87,41569511380.44,22187467082.63,0.0,42315400149.18,17129616417.38,27580963221.02,7896431784.01,23751949220.84,8149583828.47,8773322419.04,5045214905.33,15079225135.71,10566938258.71,4145159259.91
2021-12-19,883011296029.52,466037604378.56,76288982077.53,88399940789.77,55490684848.86,42061885365.57,39453059810.79,22484087905.97,0.0,42517012629.68,16906095915.6,26185067589.88,8101504285.91,24483473496.76,8197971650.78,9206853140.92,5257597930.41,15737173172.5,10596915193.66,4315817796.33
2021-12-18,885650029984.18,470530555465.84,76315372017.49,89053694755.99,56309338311.97,42054588147.74,39091417282.49,22856139974.72,0.0,42444386081.57,17255843111.05,28213860368.65,8194149959.71,25174144309.22,8255121868.39,8213584613.12,4903941199.84,15802591669.48,10299857452.35,4503305415.81
2021-12-17,873389147689.22,460810766340.59,76374887436.73,87688418216.99,54051400551.4,41940262861.47,37764335881.16,22404370137.39,0.0,41670994227.87,17140694754.84,26996109660.74,8118407001.33,24356694085.3,8061017397.48,8301309700.93,4901015290.72,15070305384.14,9989893078.27,4434521528.04
2021-12-16,901005821507.54,470613962761.47,76714174322.53,87778523352.75,54464842600.88,41848848719.26,38092182469.48,22991185451.31,0.0,41487451594.31,18007048709.06,23930386445.96,8702889790.95,25719604205.29,8302174183.57,9553420357.92,5371979770.83,14678125905.87,10307468785.89,4632461297.03
2021-12-15,924244252416.86,477201243361.62,76413929324.44,90243922552.7,54891602839.72,41738776191.92,39093865517.7,23999770133.17,0.0,43872405818.76,18589864799.1,24603175371.99,8923256889.74,26808590171.83,8474650272.3,9316518231.74,5708587787.41,15027755811.37,10622931705.6,4937125679.08
2021-12-14,881018067730.52,444724220346.82,76482724188.45,85273644407.31,47195656244.52,41709185089.77,37620617955.13,23874710730.07,0.0,40878112490.21,18669418988.3,21224906833.01,8719729098.93,25843389034.1,8033580246.1,8678861333.98,5405194466.49,12766635376.99,10106992100.42,4655653762.26
2021-12-13,883345705454.11,449291443953.47,76468184174.62,86905337453.29,47750795299.2,41510923682.38,36989642588.05,20878641253.24,0.0,40962130906.27,18082852489.75,19240680073.52,8660854809.43,25648527095.51,7980673562.7,9483108516.92,5224055377.7,12890621673.98,9999504092.16,4769738896.59
2021-12-12,946823114554.82,490816832310.18,76236307022.1,95214089646.91,53355770601.39,41641107198.52,39750263455.57,22509584243.41,0.0,45038273235.45,20121128551.62,21418494910.69,9285401288.9,29241216672.52,8681477637.36,10687988124.69,6086747303.41,14779394454.77,11013058759.26,5234879597.14
2021-12-11,932873019895.84,484824810239.99,76198643000.49,94129640886.41,52899880536.66,41543268059.68,39655263405.8,22391739980.72,0.0,45271176047.05,18900184556.66,20999059326.6,9334251127.08,27429746856.23,8701297923.97,9849966006.76,6681139512.12,15101800395.95,10931506061.4,5116115351.5
2021-12-10,892777676312.29,463886245129.88,76288819968.42,92235504806.71,51620385025.81,41446740749.87,37849684984.53,21780509218.65,0.0,40505599768.73,18430328959.41,19607244929.83,8960448435.36,26125338345.46,8312835117.12,9286142598.94,5746975615.94,14855059525.0,10277187139.14,4908377689.55
2021-12-09,900835068960.13,488911369092.64,76393597729.83,95351710277.0,55684626345.67,41057642130.7,40692779515.98,22448852701.7,0.0,43122628895.55,19064824391.65,20751091372.77,9045989214.78,26617160219.38,8505428377.37,9096095659.58,5633127096.88,14802686742.73,10497181703.04,5209375029.32
2021-12-08,954312404510.55,526774233711.52,76158492809.71,101347173539.11,59816592761.11,41040527966.07,40788933386.8,23726781532.08,0.0,46616487129.45,20271688843.0,22634261450.56,9420751102.16,29499486445.63,9098695916.17,9652026468.07,5351007706.57,17128677390.17,11424668392.3,5779796541.6
2021-12-07,957948940989.36,511968714781.49,76088188608.24,96692935325.44,58553880777.85,40925079964.24,38676090001.14,23413812863.67,0.0,46111593528.26,19932162269.97,21838785315.52,9191453138.95,30164489131.53,8990579002.79,10877365450.3,4370280894.09,16616644396.34,11220809725.35,5427243432.38
2021-12-06,955680910791.73,517093472535.58,75618184220.61,98288607021.07,59381122509.23,40821838661.72,39134367676.94,23622619472.45,0.0,47484475983.68,20275974410.83,22653510891.15,8904250433.44,27898644953.58,9001422156.56,11459057794.87,4167095470.9,16007409780.89,11191517540.08,5562270422.4
2021-12-05,932695365142.4,498007875686.39,75159692180.88,93038857104.01,59983315118.45,40884696965.56,38062181528.72,22674128031.09,0.0,45909141522.15,19887113761.12,20824940381.43,8593053134.85,27958507597.7,8579712750.12,11841592727.49,4186982256.18,14363566604.27,10811735664.36,5566238311.76
2021-12-04,929467386769.69,488613645061.96,74158158188.15,94922740404.34,61472001398.34,39887866490.67,40019838915.64,23677691148.0,0.0,47328341458.77,20047271132.87,22542419005.4,8854914114.7,29004056664.3,8964558244.39,11834850684.78,4542854839.0,13905084338.3,11269700623.96,5827956824.76
2021-12-03,1012490599978.63,500552313217.43,74148904348.49,99185970165.24,64558936438.34,39066278160.74,43573524974.92,26473530911.78,0.0,51853884912.63,22185182615.94,24218637933.38,9568114155.27,33221703932.54,10070919190.97,11683610359.6,5181835125.65,15925390809.27,12999452638.5,6950488846.2
2021-12-02,1066829261573.95,534956208693.67,74096067529.44,103328330617.39,71518119084.14,39019708604.28,45908803254.81,27759160913.72,0.0,57144405938.41,23143586067.01,24157894735.59,6980751607.33,35313756223.76,10620856556.05,11593002817.85,4675906247.72,14937144387.8,14061528504.97,7365947405.75
2021-12-01,1080977744339.22,543871223794.94,73597111083.23,104746377980.81,70205130263.47,38881387966.0,46787835444.72,27724626414.52,0.0,51559334595.59,24277197069.26,26819275072.91,6943812070.1,36316517302.68,10802015894.38,11261823081.14,4831353256.41,14101630437.05,14438687099.92,7499175709.81
2021-11-30,1076689232562.09,549085770690.68,73326868494.88,103862047714.48,63474034537.89,38665241931.35,47100211146.6,28413505413.92,0.0,51798875263.6,26054609351.87,26938334988.87,6923061463.54,37488998751.01,10791551117.15,11141110983.75,4968554240.07,12536171348.95,14371062922.13,7451760590.78
2021-11-29,1091773828973.52,526931291116.82,73159690251.51,104135632934.2,62150466026.05,38541894019.94,46779851695.56,28471528061.68,0.0,53384738086.59,24986763954.33,26918031628.25,6926665946.77,36701070077.02,10896784547.78,12228695048.09,4779393391.49,12764194320.47,14221530819.18,7683464883.58
2021-11-28,1081180416261.97,509016708179.06,73130412909.53,101976683739.37,61015258055.83,38387942291.41,45685317112.38,27449446663.88,0.0,53063159815.76,21466193295.14,24753981281.82,6815018615.59,35320893262.36,10749063246.97,12263284311.02,4747371298.25,11598699396.46,13770000646.31,7639325173.56
2021-11-27,1035176249679.13,485548014480.93,73201616332.7,100136862347.56,58712372882.27,38220203206.17,44667017449.99,27165443265.15,0.0,51506221858.92,21601931100.1,25355180305.93,6695849383.32,34749655542.75,10654064069.77,12578283913.09,4700509317.18,11333279218.35,13479881414.66,7695251181.86
2021-11-26,1011613083341.81,477672051592.7,72576651401.61,97603244497.47,58202794170.77,37937431336.93,44157315527.91,26572754940.97,0.0,50916646186.21,21134490577.19,23240701779.11,6587238121.96,33958808576.47,10511556967.46,12496704655.68,4641424854.66,11458412814.1,13457927337.85,7190019550.48
2021-11-25,1081500188674.24,506472632400.82,72521103183.87,100702892060.97,62683039784.88,37241839584.4,48662772244.55,28609064078.54,0.0,55011662854.13,21833797598.77,27454574162.45,7055268029.62,37978296993.94,11585741547.7,13560165105.32,5236810191.1,12450073104.33,14889321612.38,7594912407.74
2021-11-24,1062661698465.23,502285105696.07,72546086348.75,96977406578.93,65288283323.63,36748218929.49,49143202950.14,29333301177.91,0.0,56180210405.1,22138559012.59,26913361826.72,7215766987.28,38880424604.11,10572314136.33,13232280624.81,5505033416.0,11705973417.56,14485140972.5,7474607852.1
2021-11-23,1086985075773.01,514217959090.07,72502136297.75,98652799495.72,67389034177.97,36730937835.37,50321301841.37,29953124651.78,0.0,58314922817.97,22981176650.58,27719516852.62,7368576145.2,40284389769.76,10800731377.94,13198076569.24,5613476337.23,12214066772.86,14939334346.45,7672314318.94
2021-11-22,1062772703759.45,484275218142.14,73119514151.9,93263023437.12,65536232117.61,36425782121.37,48886029570.33,29046082287.77,0.0,59182804392.01,23728860931.37,30114621584.53,7296175426.12,38957904618.1,10537622052.71,12347963907.47,5214384946.72,10844494703.1,14438663293.73,7584501278.56
2021-11-21,1108812311532.82,505690293990.14,73150326010.52,97627756571.23,70258708496.89,36182453344.08,49996674605.72,29922574810.22,0.0,61288481315.92,24262477308.24,28328813992.68,7658774902.65,41483968548.71,10888982855.74,13589643088.24,5440095716.09,11150616190.95,15307773830.72,7911859833.44
2021-11-20,1127014430118.11,522236291600.81,73072400756.33,100721213323.59,66198655325.79,34413994855.31,51763863310.18,30804609034.78,0.0,64019276234.35,26150836114.75,27705581116.72,7532347364.14,41538007383.14,11048045423.76,13604520624.41,5495326911.53,11584058859.18,15672511289.39,7927791957.99
2021-11-19,1097177697853.12,508960524907.89,73043258985.86,97000012440.75,65368257587.92,34424055195.46,51473654740.71,30812818409.06,0.0,62122307074.44,26662780698.85,24677286671.23,7453436707.03,40748531330.86,10881834311.83,14901311411.42,5286015303.91,11233350337.25,15053755921.0,7637367827.01
2021-11-18,1074900976539.29,473663292938.19,73759198735.58,88777841988.05,59331802493.28,34413875739.08,49137485490.9,29259708950.11,0.0,59575111736.63,23290865061.83,22084338772.18,7197130059.03,38560988731.13,10488133197.41,15723322069.04,4824466585.48,10402175518.62,14105770500.94,7272740289.0
2021-11-17,1139519389071.77,507579384615.9,73766127377.52,96426540285.24,66373496997.63,34419196128.8,51699946365.63,31384994445.42,0.0,62480316693.84,26415442380.64,23747350980.54,7970099917.03,42177828956.48,11258180971.44,15857503160.71,5155015479.05,11349794392.9,15834818019.24,7817997557.64
2021-11-16,1135559300073.25,499090512786.75,73811209880.71,98383134422.08,66531928023.89,34438997312.78,51447319559.6,31350283910.83,0.0,62536792150.7,26625049378.04,21582702422.38,7846421282.54,40391318337.81,11332067306.24,15933795569.78,5311094686.29,10851610255.98,15908733710.24,7770733832.99
2021-11-15,1199611097093.65,539410730882.72,73975829727.32,105593244416.98,72029066275.99,34412056738.16,55240642586.96,33894398676.54,0.0,67145756131.69,29273338571.59,20607860765.18,8857280718.09,44133651158.94,12581659537.67,16164779149.7,6048563776.22,11745453802.71,18125863846.43,8519332050.59
2021-11-14,1235578996842.01,547499259423.06,73886983972.76,108573881513.51,72293544193.72,34412186959.28,56053003302.56,34734180476.45,0.0,67957824618.31,29224920448.81,21016118864.42,8380364276.05,45825480831.19,12828749038.12,15935343830.0,6463943249.33,12008894892.81,19175487237.12,8791227413.77
2021-11-13,1216695126358.11,550408539446.39,73922537749.41,108438116767.01,73293750860.85,34452935911.36,56210559815.27,34571355007.85,0.0,68365870423.01,28379901646.53,21425175664.49,8071110062.36,46543679603.71,12605243934.87,15711026286.97,6046773939.01,12113726084.05,17799967207.72,8796916104.35
2021-11-12,1210715199477.56,552199380998.48,73868299503.29,104524694777.29,69224723049.23,34400121895.17,56088750725.02,34265081094.79,0.0,68121624437.1,28727647335.7,18663761156.15,7730216959.75,45310935971.64,12629722104.66,15997932073.35,6157235110.08,11843288425.63,17347313091.05,8443725878.59
2021-11-11,1225643127559.63,559621726329.96,73906630908.4,105066764551.19,70963380125.26,34419380137.18,57456775920.13,34493067257.77,0.0,69445593360.05,31099397160.69,19398729593.36,7828915855.54,47055807775.15,12793770380.49,15010507436.0,6574801830.31,12093133396.53,18140330755.58,8770203669.66
2021-11-10,1226431510692.86,548414296327.06,73816222081.81,102629087022.66,70752977716.34,34407916104.79,56186000040.88,33768684076.3,0.0,69988669426.48,27718901544.91,18789403838.22,7652364173.74,46289156534.83,12598508789.59,14887021356.55,5825300082.4,11722788454.71,18012588741.63,8674873872.46
2021-11-09,1263667113597.4,560049280555.51,73281103380.46,105950520457.93,72397587680.03,34644691101.45,59272552244.73,36119765787.45,0.0,75671964740.6,30129935015.06,19485420030.13,8200230820.06,50148648567.37,13535583123.89,15274221435.59,6096018296.31,12191703489.12,18124027080.15,9218612375.94
2021-11-08,1274831490851.01,569094330696.6,72567454669.53,109140493552.58,75198457438.49,34340631539.01,60376473907.13,37282199614.75,0.0,70710468517.61,30350374972.26,20086784069.57,7879915350.31,52685834984.13,12072800029.23,14347476620.63,5729443890.49,12978615205.83,15763973322.69,9608582066.23
2021-11-07,1194778776481.15,546381671971.19,72645304847.63,108496484780.5,75574730064.5,34343466491.14,57323540669.27,35160145471.21,0.0,67297292605.34,31236713863.57,19320327631.82,7494547381.87,51628651803.81,11353084984.61,14796080549.85,5518123700.15,12853999197.08,13925853206.53,9419333483.51
2021-11-06,1160769349886.67,534616843812.57,71956744229.62,106104537237.02,77993805663.19,34230082628.23,54259491823.57,34573523024.55,0.0,66789319721.52,32154139227.6,17333294515.48,7351849355.64,51363225863.24,11132811060.96,14923116976.22,5434932448.5,12859280456.14,13636063216.73,8677090843.84
2021-11-05,1153128571127.63,530378899238.44,71885804651.77,101523193207.3,71196323358.43,33939729942.68,54686911054.63,34512857268.21,0.0,66110796820.61,34292144666.63,16381553545.59,7432464445.01,51250107001.44,11313786091.62,14599223761.24,5528411462.18,12938153937.88,13749851029.61,8678239174.22
2021-11-04,1159231375022.08,536356841434.36,71456885650.27,93364822673.81,74482231057.97,33733503397.49,56592297184.32,34748832408.18,0.0,66037574031.46,27110472215.66,17467232891.31,7411566356.57,53212483900.13,11267002126.52,13868352159.96,5646872428.15,13044145344.61,13984729037.01,8071035614.69
2021-11-03,1187808286560.22,544555114009.3,71093956852.52,94839595201.18,73130864696.12,33615607745.88,56912140279.91,35553771397.3,0.0,68659957140.12,30284912499.01,16616308365.47,7586072532.17,52779895411.29,11544077450.3,13774306313.95,5816477493.23,13844038949.6,14268699440.3,8196201960.02
2021-11-02,1192577136210.09,541846540463.14,70603256690.6,92482499526.14,66278399298.22,33352731217.82,53494011976.35,36040264985.77,0.0,65588365275.09,37845787119.84,14887970005.12,7695891014.62,50990054196.96,11302388200.73,14307655393.0,5559309209.79,13143419747.08,13827403710.56,8265260846.85
2021-11-01,1150606762880.22,511040780622.95,70265729006.64,91950123402.52,61255124966.6,33269412394.13,51381421184.11,35852731431.07,0.0,64877257646.37,39352018192.2,14334601728.04,7205259480.01,49361441373.14,11100353663.69,13934957623.94,5398996633.82,12915427640.86,13607653391.08,8188118397.7
2021-10-31,1156485845063.1,506663636947.23,70286558907.96,87464591883.46,61003141449.57,33171892682.46,52339587880.11,36972572649.67,0.0,65378981994.98,36919669978.73,14161740161.71,7275355636.81,42211209861.97,11261546530.93,13316571525.8,5381570711.79,13126444169.15,13211081241.41,7855251747.9
2021-10-30,1167178054166.51,511045675622.72,70356560217.37,88057857875.99,58865399787.94,33065596789.3,50962128039.07,35399026232.13,0.0,65097982190.81,35725281817.0,13749245777.2,7246755853.37,42216877082.22,11045781046.65,14984214986.23,5547062604.19,12672655948.96,13117910599.18,7547250816.92
2021-10-29,1173512442368.29,521512615610.04,70073573281.63,88341575257.17,60301394603.67,32896230027.63,50847132315.3,37968488517.69,0.0,66919365996.73,41083235078.04,14268504811.26,7125748212.01,43526198978.6,11209060009.73,14964421278.04,6116593080.36,13706915331.16,13520298151.26,7887814994.88
2021-10-28,1143165999365.16,506402198178.66,70104033235.33,82068758214.17,58672510570.23,32728125215.62,49780694861.64,39625626100.84,0.0,66122316372.28,37597635458.5,14193080384.83,6834126374.01,41341738932.59,10943207674.83,13724649241.14,6002601913.94,14439135355.06,13080499929.61,7525154391.09
2021-10-27,1102757767323.44,464175061360.67,69814305403.3,74895051000.07,55333662363.87,32595877698.95,46801415837.96,31345412555.48,0.0,63628716011.51,31584857463.05,13551289110.38,6499925293.43,39908527307.6,10369121924.94,14503272162.06,5718154503.95,11921285964.6,12346310169.43,7111014479.66
2021-10-26,1138177770429.86,487840182030.03,69679506337.56,79735125436.73,60161132950.26,32514225378.03,52097271165.58,33721240628.93,0.0,71131807474.22,18873201368.6,15171386688.93,7251150941.62,44326385394.81,11549649634.15,13213016403.26,6498721511.76,11741916782.29,13593341683.25,8145485871.28
2021-10-25,1188575312422.11,498030801217.41,69530658274.8,80839354325.09,63232871503.93,32489370564.66,51413671451.17,34901100603.25,0.0,70592880798.26,16646744537.77,15381442493.44,7216719242.55,43973573157.39,11739038192.7,12989575433.19,6482081732.0,11325440335.95,13442569876.71,8521681255.52
2021-10-24,1148743134467.63,482628847456.41,69589618742.79,79502953196.65,60902871289.69,32598764545.06,50903113917.36,36522677815.63,0.0,69870632222.33,14141224200.14,14212535568.5,7111051021.02,41859199395.08,11666031637.02,12599367608.1,5056235440.1,10644264143.34,13138607693.0,7564903341.15
2021-10-23,1157410091262.62,492462196227.16,69631360685.09,81049752404.94,59473993982.71,32582792875.82,51382650889.26,33181970118.65,0.0,71298035792.59,13366985766.96,14419776112.13,7218968873.92,43502840639.16,11884523190.37,11917950826.68,4893174876.23,11105411108.89,13508993414.78,7926319648.45
2021-10-22,1144131483274.43,468623912328.3,69604690731.71,79838228572.25,59091364718.46,32392590607.1,51095191252.34,32188474500.05,0.0,70882898272.26,11015819813.51,14418921083.97,7153503058.9,42909696193.38,11773234719.75,11811498534.73,4767107113.87,10240841241.59,13129945471.48,7840460857.99
2021-10-21,1172684282558.37,478500948879.97,69344665875.21,78606195339.83,57226164606.39,32295726591.45,51139376561.02,31943997845.93,0.0,70303519714.74,10853217803.39,13505728604.94,7131702404.23,42314336450.37,11775445647.2,12195790144.14,4928026391.15,10144077151.23,13544567336.48,7767004943.15
2021-10-20,1243927428206.55,490444280908.77,69038991301.08,83570766546.53,52904574749.84,32354261359.76,53550188925.46,33482738012.49,0.0,71915719980.41,11557490332.45,13120233525.98,7385531629.3,43797814152.3,12164714977.92,12511746180.28,4554741244.03,10295221995.47,14231300482.08,8153743329.93
2021-10-19,1211242526570.5,457545764473.57,69051159569.88,81423791416.11,46912067427.29,32216464474.04,51194671132.94,32385126268.56,0.0,69514488332.87,11067397476.63,12516017012.49,7209572995.61,40869997018.89,11686423319.68,12381275959.57,4276792866.78,9892220415.4,12996363879.33,7609081164.78
2021-10-18,1169039169042.88,442286890171.49,69037389230.44,80917073472.26,47254003671.84,32684542303.69,50808473633.53,32578462312.09,0.0,70017890990.88,11329880573.87,12220283752.88,7032665886.5,40672140920.42,11536369816.58,12204803120.49,4094061398.29,9940688185.2,12762357822.27,7618492679.13
2021-10-17,1160077513367.6,453838694183.69,69055366954.44,79129584115.39,47991515199.99,32806986014.16,51259722973.64,31338963692.18,0.0,70962068078.22,10971365280.47,12353091320.49,7072101805.8,41551364025.74,11545773151.51,11730425654.5,4061115587.37,9788926944.5,12635437075.83,7666440230.78
2021-10-16,1147551202766.88,451814143160.24,68763846920.91,78291740271.32,47304541726.99,32769271351.14,53211168217.19,31255918528.11,0.0,71656618668.67,10145016362.16,12662754037.83,7072121656.26,41238969124.77,11821348963.37,11277865418.77,4084878651.94,10122263515.29,12803248119.99,7979812113.02
2021-10-15,1160726409229.75,455566504000.02,68530894530.81,79646957973.64,48823235027.52,32734586020.66,53466835375.55,30790379742.97,0.0,72872028898.87,9932790525.49,12391359720.22,7058735365.72,42621071490.06,11786459790.32,11568779109.43,4086214323.62,10640233066.49,12982379709.34,7485550934.8
2021-10-14,1080160001108.42,446474897130.95,68801425559.98,79364447301.09,44950465986.4,32803029241.6,53080820684.69,30588468217.34,0.0,71414773628.51,10821817303.24,12353914641.78,6962361559.92,40248895610.37,11278493630.91,11747457930.05,4168253329.08,8488597473.5,12383163434.6,7430641723.97
2021-10-13,1081611750762.48,425218703480.39,68785721496.1,79150456720.45,44438380256.27,32807107600.23,52815266691.03,30624714119.36,0.0,72017812511.41,11493637028.61,12149353103.2,7022123651.99,41100019970.04,11219315124.5,12557282918.83,3478368497.55,8341171937.04,12210767604.75,7505600665.81
2021-10-12,1055926265435.37,411781081166.19,68715693559.52,74630567195.13,45806350192.39,32965716044.35,51573371752.85,29788167318.16,0.0,69719392505.82,11467663873.91,11974331874.28,6844158649.15,34723058753.82,11085579384.26,12078691555.14,3480874798.83,8225259910.97,11877400613.38,7489086498.78
2021-10-11,1083079138638.61,417956526086.89,68452149144.39,69517303384.57,43418344986.26,33194654372.22,53259748518.61,30477765029.37,0.0,71502489557.91,12146361299.63,12182863607.7,6962601850.96,33760036185.32,11356026011.93,12249993634.95,3545246829.74,8356585684.51,12331707318.98,7539813228.1
2021-10-10,1031909532688.09,403822590445.88,68474173177.09,68107150217.46,44350090749.45,33174239300.06,53286170975.52,30251025151.76,0.0,70394554935.85,10352841553.14,12466804950.48,7004591505.14,34038321014.34,11069352861.43,12251468199.79,3540696211.89,8386485915.37,12048025335.26,7533485264.48
2021-10-09,1035558748271.88,421440173778.4,68403339065.76,70878080193.3,46957713349.71,32962651033.05,54291223685.59,32457934030.57,0.0,72618035247.52,10546131176.11,13341933154.81,7371622928.49,35876191828.74,11594192798.43,12436520422.58,3823602964.83,9078312484.91,12344932113.32,8281656562.84
2021-10-08,1016664484565.87,419983193014.46,68223008800.67,70466575273.11,47593592988.14,32896966758.63,49749449084.16,32093380136.68,0.0,71647321594.64,10798481768.64,13331793001.05,6999010762.9,32958379330.19,11240561056.46,12124599647.43,3855623074.59,9030525455.31,12090366289.49,8233511876.44
2021-10-07,1013573258667.65,422788897811.69,68069571311.32,73772100892.59,45995023049.22,32658564781.85,49989786894.61,31967965605.1,0.0,72950602786.66,8938464107.18,13545058991.08,6844533010.29,33552562106.59,11549182354.54,12580965599.8,3933757480.19,8517244891.14,12281494110.25,8521405924.09
2021-10-06,1042827678808.09,421867592041.96,68045603913.53,73207096123.73,45922341980.28,32444978081.43,50440520123.31,33571360570.88,0.0,70846013182.97,11042110368.88,13242323656.6,6845006238.63,31888552906.48,11672836052.83,12301445744.44,3695766181.39,8391375159.49,12275698498.71,8824442282.98
2021-10-05,970325310417.27,414510299768.21,68053975157.92,74435300873.32,48902559643.88,32367230101.61,50747746963.68,33157592575.31,0.0,71517567923.52,6825495884.4,14241553492.7,6892421027.58,31037106893.78,11206419020.53,12005032205.6,3791132236.24,8771030099.24,11943799546.91,9093738962.49
2021-10-04,925033195573.56,398156802049.06,68013044673.11,71584155969.25,49659370563.36,32165722524.82,48760908472.51,31685535495.81,0.0,70111961206.81,5328215309.82,14353839760.71,6700651680.09,30656561011.38,10405095856.91,10914017781.51,3603610094.46,8486562679.24,11506287370.68,8173724048.67
2021-10-03,907791525235.94,402619122253.95,68037739842.11,72384475441.53,51403969858.99,32215973731.74,49329658369.87,29169261268.23,0.0,72177771731.77,3372010281.69,15137441435.11,6806296678.92,31706484564.48,10761235991.61,10410859507.46,3791683772.88,8843328492.3,11397285466.4,8367621356.42
2021-10-02,898547418742.88,399433404741.12,68043373482.37,71979183952.19,50362758463.23,32114373984.42,48558526830.16,28822319548.28,0.0,72104749117.94,3123246763.69,15248344677.73,6709258856.66,31723128810.89,10423607500.79,10056576193.55,3696265311.85,8651419018.81,11304207106.7,8272741640.11
2021-10-01,906127699407.78,389475327627.18,68036169183.35,70893833853.8,48133442239.45,31894088112.81,48743111955.39,29329208155.44,0.0,72318306216.7,3039555375.29,14884850536.09,6788442584.68,31571702942.09,10247148409.3,10495385869.13,3686491755.04,8448436246.29,11089758625.97,8628932254.52
2021-09-30,824619217607.52,353421264860.04,68478158940.78,65078675599.6,41975552359.31,31516505613.66,44536153773.63,26858356705.89,0.0,67743028884.06,2845757151.54,14707628657.92,6408240124.34,28225628136.29,9477230794.57,11194215992.03,3255376389.81,7520409633.44,10223028689.15,7507988194.79
2021-09-29,782651228474.32,335894451616.18,68486858018.12,61872678074.92,40274326399.43,31403451376.46,43400740797.17,26149714476.91,0.0,66155279377.02,2768190036.22,14433178042.06,6158828566.04,26935490133.84,9154620290.4,11158499486.78,3134704181.29,7335636436.8,9673696671.64,7403414753.08
2021-09-28,772639687708.88,330459005351.95,68563533868.7,55995113612.14,39121381241.42,31166324336.98,41780353565.36,25874539190.03,0.0,65330142193.23,2754932631.94,13551528223.17,5958106907.06,26006743667.92,8948648483.51,10592958246.66,3006569003.73,7008286326.75,9385225435.2,6810591939.79
2021-09-27,795216175345.08,345350983221.6,68578183307.62,56526197212.51,40665406680.26,31149349304.82,43152397719.64,26326505939.78,0.0,68430337770.62,2753894590.69,14650986466.43,6168565617.26,27427155374.98,9221475326.17,11543624303.36,3236457998.55,7250745514.24,9702463950.33,7065065676.55
2021-09-26,813490665612.76,360390447457.19,68592692453.23,57869701517.49,40359412132.89,31087854743.24,44135149070.76,26941578027.04,0.0,70755984056.52,2801217701.52,14728794674.22,6285721557.64,28470590053.41,9497413984.22,11107842807.58,3408889774.65,7493094870.55,10055671731.6,7114098918.23
2021-09-25,804192450113.33,344263323578.02,68610768667.03,58827802627.75,40483409213.9,30827790149.91,43977267938.92,27422234955.37,0.0,73736998317.73,2893005947.56,15063561401.73,6498257381.95,29472512109.27,9765292234.19,9719898181.01,3560243808.7,7488158389.46,10091757112.35,7454928925.51
2021-09-24,806470363646.76,344941570041.98,68648982437.73,59741824472.9,41439741431.76,30692894330.71,44191347619.55,27525951862.38,0.0,73087531026.55,2911495428.63,15949166712.53,6616336240.5,30459262324.99,9683914898.56,10626227335.14,3716714516.13,7509829440.32,10161866342.68,7508628327.58
2021-09-23,845122403459.78,371237859100.94,68634938032.45,64534425210.93,44498459172.56,30324405124.77,46812952763.1,29544289996.0,0.0,74678910367.08,3017669930.37,16834092689.65,7109090366.42,33128088094.59,10413087084.96,12424233355.61,4283020907.11,8153019233.8,10935302551.87,8245039117.24
2021-09-22,820218503579.13,362060838608.72,68672329780.59,63797974297.11,43948674199.42,30043634857.48,46908062027.37,29544423841.02,0.0,72576277647.06,2858550750.44,16342408141.21,7077955657.76,31219133373.01,10324800321.09,12875398411.24,3632040689.28,8190009645.59,10774673085.29,8139920428.59
2021-09-21,765958488766.83,325153006768.83,68743562132.39,57929028274.84,36826034434.14,29751605605.91,40940000990.62,26411886848.99,0.0,63660598897.59,2720454528.58,13000731743.2,6323139477.74,25989631600.68,9501834394.97,12559764150.74,3103960249.75,6964301401.32,9905412165.44,7288177472.16
2021-09-20,806395852718.37,347997332693.36,68286770510.29,60859875927.32,39239569157.84,29399011474.33,42759674554.77,27203107588.53,0.0,66100876507.88,2752807061.94,12485386911.35,6517037740.68,27703407745.29,10196146928.74,13481886102.2,3538292992.11,7492992447.37,10444382703.28,7688648229.32
2021-09-19,889472404519.71,391520172702.2,68322670124.27,68679211877.6,45292491129.39,29443458704.74,48880060223.91,30623676761.58,0.0,73092414722.9,3191582380.94,15436740280.93,7434245052.66,33381499814.59,11485211571.7,13912673744.24,4644409220.45,8744754197.12,11731144962.91,9314914504.24
2021-09-18,908584317849.46,403535591620.76,68248097521.86,69072258020.13,50219084923.96,29361887022.31,50150029617.16,31703190099.57,0.0,75900412016.42,3093869218.13,15202502311.62,7591219348.16,34465398414.44,11879203603.81,13897560390.57,4204162647.04,9088654830.46,12102841320.55,9542593549.4
2021-09-17,889514744351.26,399552923889.99,68229975196.62,68370034173.7,43810237550.64,29278648588.82,49680556383.25,31508621022.3,0.0,75174817961.04,3322700307.14,15405524491.85,7536006585.93,32611237718.22,11696677479.71,12167410615.31,3841623457.46,9462470593.82,11994382403.33,9197455921.58
2021-09-16,899179151780.33,419815044703.82,68284536755.32,71399263250.39,45259139924.99,29197463466.73,50888059285.64,31850013221.83,0.0,77563238778.64,3390030625.15,14944835397.53,8318840004.34,35106026008.92,12054476764.7,13279698402.99,4026525587.19,9203989735.64,12385151700.63,9441512199.56
2021-09-15,906532479371.11,424937147896.76,68292662682.25,72538191092.64,47209150397.35,29235937120.72,52279978058.44,32521833771.87,0.0,80116833026.89,2669586607.63,12694100642.16,8664948145.38,36010492842.41,12297164708.5,12222857723.08,4275150142.99,9422141505.47,12632225219.78,10012122564.19
2021-09-14,886095283701.37,403015177032.15,68293871708.09,69648451199.9,46905809822.7,29231599754.97,51124757110.01,31600960340.61,0.0,76751688390.19,2626623469.85,11361967016.65,8475017278.06,36911568244.13,12060764320.88,11927412370.36,3948936766.74,8759684725.31,12225011908.52,9253467100.0
2021-09-13,845980481365.13,386087569776.34,68276669006.67,67097343215.38,49682465101.01,29322935000.62,49598337463.74,30967125430.75,0.0,76912685433.59,2566907278.3,11699453602.34,7509465128.95,34336146319.65,11592224932.82,12604639685.26,3720279176.01,8299475052.81,11981022615.47,8949059584.12
2021-09-12,866636671661.83,400686506366.53,68319955757.68,70059881720.23,51204891389.06,29218183032.74,52158563410.7,32894764663.21,0.0,82681831819.46,2722822657.11,13054057024.25,8073763876.49,35329994513.65,12198494777.03,12231789072.16,4060283012.74,8845817240.46,12231380256.24,9683805217.74
2021-09-11,850381828070.53,384209314701.34,68357438258.55,68184168764.64,52475356326.26,29207633497.72,50307743576.21,31685950200.83,0.0,84354310201.85,2675632560.95,12592515683.65,6836325507.33,31202175781.45,11982138392.79,12665738775.18,4103561764.25,8750903087.63,11927929156.21,9445872957.14
2021-09-10,844367023726.79,377261165406.28,68371489554.3,67527500370.19,52738113947.81,29140454557.73,49253083572.93,31492303152.75,0.0,76410709668.1,2760326974.28,10835706425.92,6511938190.98,28852482175.16,11859843004.19,15670911167.86,4431972447.84,8677792167.48,11634715749.34,9032290866.01
2021-09-09,872686454371.99,402569602098.02,68555654589.15,70831094067.26,55154395897.84,28884990401.41,50750034997.25,33144164826.68,0.0,80630329647.91,2879016359.2,8981659741.55,6666095946.26,29464990900.29,12458561245.06,15093614987.86,4390765002.05,9094952423.15,12040622754.59,9643297714.83
2021-09-08,867002908108.75,410741599781.82,68641866578.69,69795896083.67,55944567503.59,28600632584.62,51277350704.47,33733354640.65,0.0,79263635426.85,2638289904.84,8161927429.68,6649808035.65,27364631229.26,12476204915.51,13469254853.73,4664556201.64,8865417446.01,11997092038.68,9668282544.13
2021-09-07,880498621997.79,402365928842.67,67574681963.68,70198688492.41,50680710099.99,28074315082.36,52364743397.95,33286919895.74,0.0,80144528591.93,2382768782.27,8282527574.62,6110776710.42,27480130277.45,12664973433.67,13868605348.84,3920654391.0,9004161851.39,11889601198.29,9583630908.87
2021-09-06,989965076456.3,461261434463.52,67476760357.41,83383364627.79,47900300587.91,27808275285.28,64666529504.63,40500682556.03,0.0,90695322490.65,2853856175.93,10353198991.04,7431978429.58,33885035194.23,14776650704.47,13463661627.57,2728397921.35,10929903456.69,14653919356.27,12463072223.99
2021-09-05,973354882472.79,463997267858.19,66796325582.44,84845287773.55,41399255561.46,27797091080.19,60760906594.86,41252120931.83,0.0,93187277515.34,2984980426.78,10595363408.11,7534770701.84,33981408465.07,14395929745.59,13351380854.4,2749703735.29,11104723325.82,15442148516.17,12457122104.39
2021-09-04,939286123132.94,456394981337.27,66800542675.38,83745429070.11,40517769039.13,27671106176.64,58446890874.13,39262373461.92,0.0,90689687422.65,2942718087.43,8338094607.34,7285530299.9,32014866194.37,13366202844.7,12011323245.6,2715881038.94,11464607886.06,14175482516.75,12362945210.49
2021-09-03,940757184680.41,462538485146.88,66504380619.84,82152548426.19,42693513644.54,27622556170.47,60106394915.11,38849891032.96,0.0,95025501145.67,2791503805.16,8083327008.76,7274846588.76,33256018167.22,13426709508.89,11216677958.19,2756867913.69,9629370082.8,14216035274.67,10350054247.73
2021-09-02,927590865738.06,444924932307.03,65773150088.52,81365050657.65,37259468690.41,27496820759.16,58472249962.86,38804148951.47,0.0,94871892668.32,2796874499.4,8384915807.39,7160639949.8,31419551545.54,12522227680.99,11564767021.49,2452436034.86,9546907569.42,12256930934.71,10159422838.56
2021-09-01,918501510157.03,450017458312.04,65621760343.21,82398701800.94,32279142628.13,27506771008.6,57474640799.6,38596297312.76,0.0,92281796867.9,2847004199.21,7349242699.63,6815597311.3,32727865351.88,12370554297.59,11526877581.15,2450089614.8,9570461338.33,12080365344.6,10408000867.64
2021-08-31,886869903602.64,402902770209.73,65525232498.32,78085988882.73,31578154528.76,27409390665.12,55273333180.72,36501701126.43,0.0,89122172068.62,2706333607.37,6914672867.4,6364242719.32,31079140407.06,11992377093.71,11656446917.64,2353793856.59,8686403315.76,11458702008.16,9893658897.26
2021-08-30,884727824088.59,378293803192.32,65522751178.14,77257414150.61,32162385737.82,27402274775.09,51231708606.43,35668338011.39,0.0,87858366394.85,2630950485.33,7229019298.3,6176428105.09,25721225333.25,11895592521.4,10931014611.88,2371612748.95,8510907549.13,11176034426.27,10196105893.14
2021-08-29,918057300166.45,378558550046.26,65569682754.79,80753365779.88,27485451270.32,27229668411.97,53064210217.42,36844303304.74,0.0,91806666152.89,2810348819.77,8302197933.02,6348387811.56,25413296861.3,12432021418.81,11868168034.68,2472315084.06,9203224390.29,11661964188.37,11333100843.73
2021-08-28,919372790254.05,380556000846.32,65550529675.9,81747712352.06,28135310599.42,27136566621.64,53281544266.3,37431722049.0,0.0,91533563952.24,2856147879.86,8762218822.0,6327225331.53,25644216560.54,12188934283.25,11524353995.11,2526311131.07,9443737716.97,11712018984.98,10218514895.3
2021-08-27,922265559163.93,383584756114.77,65531997329.95,83143541972.5,25615973857.46,27145260412.66,55280177530.94,38581365941.74,0.0,94642300754.23,2950276302.88,8732090955.03,6325222198.52,26239739782.56,11961736782.88,12778232875.71,2353830759.66,9816722708.32,11747419341.06,9855315736.6
2021-08-26,882436522912.52,363573005236.06,65539794636.92,80538665906.31,21902216867.74,26997705548.75,50014517958.77,35233146562.3,0.0,81505551589.84,2761765366.13,7215688828.27,5959935351.61,23683627114.17,11436531080.63,12540478208.27,2163622450.3,8924411906.61,11220152876.07,8902149617.39
2021-08-25,920337950861.22,378139623272.58,65484939225.64,84536988740.4,20923790993.99,27053658215.06,54538542684.19,38285607715.27,,88011861282.32,2961901394.83,8025551229.9,6265148910.65,25613238123.99,12225123037.32,12468328032.51,2467756088.86,9884462556.68,11855479601.74,9735674738.52
2021-08-24,896704765696.58,371945926397.26,65023956988.2,79292664751.48,20541377499.51,26986738088.89,52902333463.73,37822315546.0,,87464149416.78,2958714167.24,9620414359.64,6063821068.35,24769917525.17,12000198443.54,12844347953.06,2228347107.77,9552787629.84,11586706056.33,9303645471.31
2021-08-23,931244272409.32,389112198984.67,64878785045.74,84050123966.8,21708006369.5,26951786181.97,57962916947.4,41639590273.88,,93729022477.81,3239575211.86,8067278162.45,6445266261.97,27544879795.94,12758413457.06,12071142195.37,2415306162.16,10510132605.95,12489843236.77,10193040900.83
2021-08-22,926961622395.32,380025418317.4,64683626346.54,75502522647.05,20875322466.34,26978962721.11,57054490733.29,41248734626.28,,87185854706.52,3247795192.26,7560311292.37,6314110590.43,27392362947.28,12661912984.57,11378995037.52,2405027639.87,10502778101.59,12436886133.33,10058660211.13
2021-08-21,919092181742.55,378102594336.23,64672719579.56,75480119803.3,21137257123.5,26984409308.33,56531735089.87,41484604092.93,,78245021572.24,3211898835.76,7604601582.95,6306359370.48,27527130272.69,12726226481.04,11666779189.59,2689698772.23,10236676949.72,11997857419.16,10023883597.88
2021-08-20,927189789031.53,385190199131.35,64249737413.54,76491644162.41,22561143908.43,26974934143.22,58704239544.35,42880471225.34,,78960066968.57,3349683646.49,6803795069.04,6490022816.3,27797349624.47,13057260362.52,12525883408.95,1928657831.72,10028512557.18,12257684234.8,10536180800.51
2021-08-19,877875534875.42,372932559773.41,64156640436.02,72465188472.13,20840771192.88,27312503776.96,57292421910.15,41522413508.44,,78010364968.24,3287050777.11,5318975579.97,6320866274.98,26218252225.07,12401743485.72,12445456024.01,1959227225.21,9489378480.74,11714643330.59,9180317472.27
2021-08-18,841823296232.89,353837223420.22,64087079445.26,66960819021.1,20779131388.78,27490083894.12,53261223014.1,39762275951.02,,67743285953.04,3168220651.37,5189593575.85,6074064888.8,23643268473.37,11940879289.72,12111578108.23,1942318607.4,8645108039.54,11174161329.49,8031594893.08
2021-08-17,839796717682.57,353182540848.52,64060738588.65,67575770398.46,18392377588.0,27457299189.31,50975782194.47,39195683497.11,,61897198170.97,3186601666.18,4085030409.42,6101780113.81,23229294875.79,12022591232.24,12369243837.42,1627105258.93,8730436320.98,11270686994.99,7667585362.38
2021-08-16,864345726182.62,369734989543.8,63674580897.13,70192312505.57,17874089307.34,27422356452.81,55283063915.4,41975879555.28,,66807041752.01,3574633338.11,3329606536.2,6425201916.47,24212138384.16,12719354290.14,11075948682.17,1510656095.79,9219703421.63,11939005326.69,8388569113.13
2021-08-15,883882942187.64,387728432649.61,63387480053.32,69708780300.7,15386975520.95,27646951090.44,59793290470.88,44683830216.5,,69656279630.58,3385353275.59,3262295618.57,6671379353.66,22861284470.57,13233118496.36,11533484485.74,1405862883.35,9471115312.45,12342845252.59,8691949438.55
2021-08-14,884769956069.2,382406961576.14,63283790778.21,68773848341.72,12629306462.57,27708639296.85,59433670764.96,38355126380.54,,70379942143.05,3207757867.9,3135569346.59,6639974505.93,22543643240.71,12967604780.98,10919949096.57,1409305653.88,9311712849.96,12196454712.78,8800539361.75
2021-08-13,897802604441.08,389010223399.93,62962101943.03,69095056332.72,12769451326.05,27688323953.31,50593330595.19,37526158135.02,,68594469934.59,3210016152.34,3132281821.46,6408303981.38,22394248037.44,12305349096.28,10795913177.9,1463970596.0,9773028332.4,12234825687.92,9322708443.29
2021-08-12,834546790666.29,356323695445.66,62978856324.25,64870459487.73,11689996880.35,27841394099.71,44772072920.2,34527992952.92,,58569010527.75,3010270470.29,2875267447.25,6029380563.47,20457691347.7,11383625097.72,10243993226.05,1422398309.07,8516258274.9,11022927951.34,8756826703.5
2021-08-11,856398622621.77,370427827540.63,62598215467.61,65868866789.7,11872222934.38,27978307289.38,46998944149.47,34699880781.85,,57739089111.87,3077385324.43,2906432332.43,5975556797.68,21090422605.93,11687446230.73,10949005228.01,1274313230.71,8855027841.61,11410421067.08,9226839326.76
2021-08-10,856195142352.03,367745684863.99,62575930044.81,62539308798.48,11079929651.03,27995949123.89,39512827526.75,33657993935.47,,53683896484.96,2989550000.97,2854288123.78,5350058508.37,20302281119.16,11144973291.47,10605702538.5,1216913105.74,7462673072.52,11044915110.89,9794230765.43
2021-08-09,870805373889.23,370765447257.17,62478778000.31,59683071427.58,10569548742.83,27899912657.14,37995293623.39,33598450960.93,,47450567060.68,3020165021.35,2816357011.3,5305343372.49,20261260622.63,11146407675.59,10654598841.68,1146628890.82,7269558632.63,11115402634.82,8827389705.48
2021-08-08,822545074286.19,352685939542.19,62215698170.06,57513752130.18,10271294579.9,27689009820.37,36147218021.42,31391121978.51,,45828707112.82,2874781544.37,2570268504.82,5149767466.71,19326877059.68,10461252669.52,10715902908.61,1084996041.01,6968322214.45,10002728109.08,7562307693.19
2021-08-07,836730623771.7,369437242138.38,62125115800.62,59813296938.93,10742861246.16,27599195419.38,37889814539.54,34041721738.03,,47227026591.45,3081318767.78,2734546034.65,5385662184.72,20589958156.62,10969258579.8,10577277524.96,1182535033.04,7503796939.62,10404381721.54,8466203840.27
2021-08-06,804022903682.01,338237757599.68,62024692415.31,57525898861.56,10754484235.02,27543087106.82,34651347981.71,26761760342.84,,44992820384.01,2491835906.92,2554816692.99,5151108766.77,20022520893.16,10466781579.14,10402018627.05,1070396271.91,6954804416.98,9866099681.1,6603697463.72
2021-08-05,767423192906.2,330757177808.48,62006129073.25,56809110535.38,10184408504.33,27597530813.37,33991279559.74,26273456617.36,,44469171551.34,2451824161.4,2400170728.76,5025828520.22,18771856341.67,10318767991.89,9802400540.33,1060278465.68,6852638069.2,9574726406.39,5748914981.1
2021-08-04,746313542791.34,318705809705.32,62005927122.23,56312250831.08,9750503201.21,27499266031.17,33867793512.02,26338112359.09,,44161819918.29,2463477576.01,2373327239.32,4829419275.99,18797200556.32,10268798096.03,10080107543.52,1039610155.67,6773732417.98,9520460893.91,5381968358.42
2021-08-03,716341544144.93,292673137937.0,62008996562.2,54265847924.73,9268701566.69,27469376801.21,33008209336.62,25614379877.55,,43791682791.93,2433372774.19,2174047238.77,4580637289.84,17001294556.0,10099603349.77,9886184370.64,986223720.09,6555677724.83,9231275573.92,5263866825.61
2021-08-02,735995665488.55,305247273084.98,61971514570.16,55670696489.75,9057674911.36,27412686038.1,34235061801.12,26609268618.8,,42028573156.54,2504573036.56,2255921927.08,4635833240.08,17668053413.67,10230661822.31,8541377587.08,992968657.47,6744801647.83,9445862330.23,5503851776.07
2021-08-01,750472428208.37,299564961374.28,61892139970.21,56071010565.43,9339020650.69,27421062363.66,33619230716.94,26715951374.76,,42274401646.46,2496092151.28,2233279592.02,4537330584.75,18050367644.59,9926443814.56,8402047389.18,1008898598.8,6761867778.07,9394436650.26,5601144550.19
2021-07-31,781431379811.19,296532997873.12,61807856352.58,56082037720.48,10040503857.97,27333627420.05,34631811110.68,27219722410.76,,42401988601.9,2468650414.29,2356847737.58,4592991511.97,16510914748.5,10301331512.69,8609274872.77,1010316181.07,6955736121.29,9674641375.94,5711284072.71
2021-07-30,792829863258.04,288404129263.74,61814962277.26,54293025181.95,8831801353.86,27287652617.89,34832471452.59,27283032724.21,,41972555572.29,2483346328.23,2254457532.81,4534034397.44,15515350363.76,10393574412.33,7986754710.49,979984289.72,6870657181.55,9730834708.37,5770732826.61
2021-07-29,750980784072.42,278318371380.67,61814160010.57,53257314436.78,8528409074.04,27215938746.52,34642507877.9,26731261931.49,,41175159881.72,2480336158.75,2153108831.22,4426533008.29,14922418708.23,10121677044.64,7399549666.91,945046880.15,6575516318.07,9433537630.69,5641502319.12
2021-07-28,750706646106.7,268421055913.65,61802823604.28,52698963344.23,7583522025.52,27304058305.98,33597124069.42,26829420692.7,,41156576292.86,2443858512.53,2113316789.02,4336613705.85,14234561488.41,9591695172.24,7375784140.38,931324746.19,6509734862.73,9334430991.67,5568132581.46
2021-07-27,739612127373.17,268599779831.34,61793762522.81,52728212361.16,7651658236.06,27204659952.84,29853187866.78,26892542421.08,,40962783554.84,2491288830.21,2055185446.42,4312373213.27,14072265523.11,9443651341.1,7290012178.99,930169608.56,6657692700.22,8986068605.86,5604059987.96
2021-07-26,700734471386.38,260978030148.04,61826003587.49,51194069379.25,7717450000.29,27131284207.5,28944383704.91,26697377235.79,,40323473450.73,2495811676.36,1981458874.35,4195961684.5,13653247605.62,9078251228.32,7077869400.63,898512418.92,6509111186.79,8768763474.36,5564575640.86
2021-07-25,663401935102.73,256042010286.39,61820395074.48,50850719806.21,7679861962.98,27044509769.76,28053282512.2,25838253837.41,,39362500129.5,2507256990.05,1938115785.21,4147655558.85,13414861392.89,8572907551.26,6718275615.48,900119453.32,6010689353.63,8517473114.66,5830238824.97
2021-07-24,643518528650.53,255761140995.34,61853483878.38,50789466926.55,7825408614.85,26999412512.37,28213825525.21,25764256255.98,,39522561922.83,2544234617.78,1926396584.56,4109476872.35,13502601229.31,8650032642.83,6061526354.06,891059297.41,6070681183.24,8423398594.69,5950263476.17
2021-07-23,630147722704.14,248204064165.49,61830467019.55,50320554475.35,7773950586.67,26967762374.21,28185910678.1,25428016013.85,,38651366081.46,2558819329.53,1913730606.39,4014850168.79,13101084438.53,8567607202.2,6384125821.79,805083120.19,6070073153.71,8293948518.28,4743726591.25
2021-07-22,606316858335.4,236545322692.78,61910483687.92,49371952333.58,7552624200.1,26949041232.18,27398591366.97,24973475960.47,,38005877809.05,2554511153.71,1867045247.71,3961456090.21,12866359134.95,8323572374.61,6821209438.17,804628473.58,5619401919.9,8059405733.87,4629673653.18
2021-07-21,602489309201.6,232520574469.63,61948246001.44,49185357931.43,7258448090.07,26885112476.74,26371148756.06,24847259522.89,,37427098011.51,2578830409.65,1796687747.49,3856943241.48,12027225307.55,8090344828.02,6758571490.81,755480575.03,5652787334.27,7840731172.25,4550546496.03
2021-07-20,559244324356.11,208735078073.53,61972639034.93,44519723680.15,6404131917.0,26774885942.52,24489903049.33,22293165688.46,,33844708095.15,2322160371.5,1663936714.56,3622981951.62,10729927135.88,7509848988.82,6715806516.14,698376769.62,4387449150.22,7169174709.56,3909522632.9
2021-07-19,578178147283.49,212189036786.93,61990025875.87,47081500515.74,6665324427.36,26665047721.02,25795497464.92,22650379923.0,,35921750170.32,2440550007.56,1753452729.69,3830140769.86,11159601952.29,7812449540.77,6876554164.91,716442037.55,4645741182.72,7554023623.03,4227963667.25
2021-07-18,596513309276.78,221300983040.97,62022722460.77,51250407821.83,7293572047.71,26652079403.79,27171802324.92,23780392195.53,,37926948421.57,2627102207.38,1845676260.4,4016619355.35,12381218060.61,8262378761.42,7430843497.95,794279328.42,5035683647.64,7977715524.36,4432969451.35
2021-07-17,591536476391.97,221657905577.44,62018448880.79,46106267206.1,7285326694.55,26590988918.95,26917870004.62,24285670257.48,,37561799510.81,2686074942.78,1884141862.14,4012606475.07,11998090708.82,8212960701.79,7395972652.46,801929127.73,5073693574.09,8012097000.12,4417529698.42
2021-07-16,589415807378.21,219480196483.44,62042373958.49,46487957302.36,7189451552.23,26433052628.85,27303612344.17,22485395252.6,,37607081947.75,2619068704.92,1872615844.5,3990200781.64,11763040292.21,8264139319.99,7695997792.5,764812896.69,5144300696.48,8079782735.39,4437388419.6
2021-07-15,596124462728.63,223049018142.77,62052952032.27,48368804767.43,7757107711.86,26327287498.88,27588649221.54,24119278080.2,,39192389323.86,2723566061.93,1956926498.66,4135926143.23,12764879953.74,8542812773.62,8052775502.33,796659325.69,5550515941.39,8376864628.76,4920596116.81
2021-07-14,615635042691.74,232727182406.46,62093784456.48,47473117237.03,8528371236.2,26668074912.88,28669334327.32,25738852157.8,,40444089747.05,2850535325.69,2033171619.71,4290189082.53,13459171564.09,8788417499.49,7984288917.49,822478047.15,5879161525.01,8748745625.92,5047709470.42
2021-07-13,613343664759.66,226371110382.25,62179203342.57,47381788202.82,7939526439.05,26470020785.6,28632301527.4,26085611532.15,,40534617720.69,2806584510.97,2054305305.8,4252192395.39,13836156757.83,8744541071.78,8169601647.21,802334455.59,5986580775.83,8766047577.75,5326037661.29
2021-07-12,621827984939.73,237619933340.13,62222250092.01,48535151627.45,8410343322.64,26302479127.59,29096477844.08,27131951859.53,,42137184440.75,2986403496.59,2101179631.12,4315624500.18,14498570643.73,9034042299.38,8050611945.1,864556837.0,6311486463.8,8913992723.33,5112091965.52
2021-07-11,642138104626.48,249601597225.15,62219396885.77,49410249319.01,8772884240.23,26133666247.64,29362251755.45,28147268915.96,,43068287170.48,3103829297.43,2140341355.75,4430213503.31,14857096978.13,9359953643.61,8637112664.15,894611164.39,6597402754.33,8961233126.25,5433583167.57
2021-07-10,628615338753.45,246276605890.49,62205664565.52,48506295821.07,8666774458.41,26093576850.37,28878759908.11,27891519499.9,,42683018964.1,3028369600.76,2073455506.88,4398293423.62,14670005644.99,9346108921.34,8775355704.93,869643639.2,6519696863.59,8943975129.85,5286113959.56
2021-07-09,633784072786.63,250363856990.67,62184374701.0,48559137599.7,9069188074.96,26080004230.01,29402391753.52,28663595548.98,,43110752873.76,3122765328.31,2162842354.64,4455662369.39,15031111363.57,9468952165.25,8028559994.48,860279873.14,6655496548.88,8982978740.5,5555805488.39
2021-07-08,616492852697.27,247225603541.86,62295592080.27,47629732460.0,9052578353.24,25929528897.21,28767723727.23,27062076763.33,,42493280928.5,3166020196.64,2089650222.79,4379977408.8,14707952103.89,9222941659.64,8418044028.48,867538325.65,6604921064.28,8831912211.35,5513386126.66
2021-07-07,634802817185.2,269950094549.35,62372374453.52,50252717804.6,9976177348.95,25816261454.22,30084411207.13,29213771028.56,,44824477554.71,3381290978.72,2256911227.02,4607344245.72,16162251359.45,9558193552.43,8101640621.22,946357523.53,7112849672.06,9169859958.0,6209567108.07
2021-07-06,641899161593.76,271028619181.2,62333837884.45,49241956385.46,9343050096.63,25673216975.57,30722840710.51,30552518423.82,,45301575642.27,3450506443.68,2303064232.69,4653233598.79,15467724813.64,9610384321.63,7990090706.11,930020002.29,7134124757.02,9277626785.3,6324318893.75
2021-07-05,632696207199.7,256297846064.35,62415504732.49,46394729480.24,8992833088.02,25547238479.82,30193951998.35,30183443827.37,,44881335857.75,3287801931.77,2073640581.19,4627367273.68,14593231500.31,9485721166.71,7958193564.13,894645741.66,6943911250.06,9216722526.28,6335177716.27
2021-07-04,661574836314.86,270621669241.05,62342742987.58,47216226923.61,9354354086.58,25511718609.01,32069596319.4,32117665810.76,,46583637655.57,3440746987.86,2129381621.62,4822576838.98,15335470065.51,9886724704.55,8491232801.04,943617422.85,7235477777.71,9672815312.51,6413946278.18
2021-07-03,649939701346.23,259447545607.53,62371147504.5,45759384867.05,9400215615.43,25504372338.91,31051722073.03,32104908914.69,,44943241986.05,3415064651.35,1983482524.21,4787776587.88,14890349403.41,9489937323.62,8475020673.96,927657170.83,7051246125.96,9364007879.36,6682229829.68
2021-07-02,635450784106.09,250552745326.39,62375915504.17,44100157948.02,9275256700.08,25397754841.34,30307589485.09,31949253278.16,,44545865589.41,3304293713.5,1919471790.54,4766239120.48,14683488903.52,9321203550.7,8176251200.38,865709577.19,6956526572.04,9141322350.44,6023240432.0
2021-07-01,629339325297.74,246278235669.23,62392336245.09,44222184819.39,9107189782.04,25213067934.09,30511435259.85,31852848923.4,,42667882477.13,3293556320.35,1936223352.36,4650299906.33,14620685887.86,9355381215.77,7989048357.73,857255473.23,6791037186.95,9183632148.21,6275641017.7
2021-06-30,656852513237.54,265001225920.83,62468888600.38,46535565043.08,9694007086.14,25162837210.47,32597010800.59,33111043724.52,,44196834747.32,3490688334.44,2061353420.84,4883353621.46,15685335248.46,9882664768.67,7384160880.92,858712350.78,7358793319.84,9621414740.59,6746656273.22
2021-06-29,672333423401.87,251715870101.04,62456008113.89,46062327531.97,9233357637.53,25247277933.84,32382442284.87,34221491747.58,,43716553289.66,3490556306.76,2043400110.21,4850713678.99,15539593420.46,9806591474.4,7373597992.4,855850814.91,7357854731.96,9592516724.32,7308389371.72
2021-06-28,645442759493.21,242239400957.8,62529660929.39,44424058538.21,8977345683.28,25459337227.38,29769741286.42,33446496884.58,,42320964648.1,3178205073.79,1945962398.38,4674424969.37,15045474177.39,9400546719.04,8233839333.05,808928805.53,7054943158.84,9169836135.56,6785075970.97
2021-06-27,649461677014.12,230473556118.35,62565275501.33,44582539627.57,8705146914.45,25791977537.21,29916626946.07,34431598885.98,,42654792252.72,3101198479.54,1882647808.84,4642076651.35,14348288115.64,8953538053.98,7952641499.77,801643816.11,7009612653.35,8834541326.02,5785532106.55
2021-06-26,603276028308.72,213021180909.06,62601063121.27,42874988513.92,8100836462.86,25748069378.88,28460517497.9,31867533718.63,,39946961385.81,2952817813.97,1771695009.94,4492742921.12,13851821554.06,8613129996.13,7294178052.02,775035712.69,6779036973.91,8454677797.25,4086122870.07
2021-06-25,592978211189.03,211131091601.59,62534871778.45,43209910987.54,7824384002.14,25644694480.16,28362814442.22,31131171916.24,,40139874005.89,2787285706.0,1770850125.19,4414327056.64,13818635589.55,8483981095.19,7562224684.65,781729406.17,6594407294.9,8389960278.38,4207480439.52
2021-06-24,649643997441.37,231509317649.28,62654670736.3,47318252297.41,8501117109.74,25488736011.5,31076307997.52,34205589762.94,,43322008772.96,2846534842.03,1979870369.04,4731296053.52,15518435006.83,9127215911.0,9433378389.71,888033991.15,7571919314.97,8977171800.61,4671953420.68
2021-06-23,632011278436.38,231625292666.93,62746499836.1,45184499010.65,8192451330.05,25403901903.28,28973825087.86,30217348680.34,,40025421746.99,2698312256.74,1930039727.95,3992994372.17,15406989339.54,8810705844.26,8864203640.48,927838286.3,7291477967.46,8589365950.7,4805355012.7
2021-06-22,609180639389.88,218244605870.43,62554522234.68,40171507064.94,7299009872.97,25125242356.06,25206364296.26,24858743141.63,,36842244268.79,2497791120.33,1814973868.57,3650328166.55,13982696285.59,8329972530.53,9205842393.92,867034375.18,6761554739.98,7983767843.81,4438882593.07
2021-06-21,593627575886.55,219790202019.87,62636929359.65,41577927584.85,7267805027.63,24988254766.02,28203450403.45,23250576500.19,,37616158231.74,2456650866.23,1932913801.75,3839831176.46,15045756871.51,8564514313.55,10102035423.2,918202043.54,6916796329.25,8329797674.73,4742258064.92
2021-06-20,668968868769.75,261416943133.97,62631120301.18,52177493482.1,9630102393.55,24440364970.15,35873098743.8,36545750821.57,,45657297092.32,3078391264.64,2408852566.1,4860871937.39,19717389790.6,10464300951.54,9954240970.77,1179979524.05,8804471915.72,10352804486.9,6089597586.8
2021-06-19,667400859260.87,253490067194.04,62667104002.59,51509394171.26,9638669476.32,24382945958.92,35193703528.26,37382435534.28,,44423600925.9,3009196522.52,2320356930.32,4924573490.45,19409073661.48,10414408879.63,11281677477.38,1167339510.53,8582311346.47,10232841369.77,6328975087.52
2021-06-18,670589444850.86,259654503060.1,62654244987.73,51677686348.8,9991833808.98,24202087030.92,36855962940.44,38174078174.69,,45216704285.58,2863397447.74,2349692455.98,4986355059.37,20399261183.63,10571358086.92,10320066991.9,1185568064.48,8667684905.44,10437115844.48,6205896770.93
2021-06-17,713025631757.51,275942664676.82,62597454762.99,54121692902.13,10704997763.63,23931183948.34,38879300577.46,39863941887.09,,47350653680.11,3140842180.44,2557318048.65,5290050173.81,21451987222.9,11247786998.73,10093735516.64,1246403534.03,9464012623.91,11151370874.6,6966270629.71
2021-06-16,718494773611.53,275405856979.43,62594279320.42,53246345448.94,10824691940.44,23946171386.55,38438955213.66,40024275630.03,,47362761638.35,3281233169.85,2425523263.9,4938541119.85,21884961260.59,11128802182.0,9379638267.63,1232882565.49,9296623596.86,11111535913.86,7123344447.76
2021-06-15,757029874724.96,303650794387.71,62616232819.24,57317337201.97,11220024464.76,23754260105.08,41113903951.96,42701157582.26,,51042423891.11,2847852209.17,2617315101.73,5199014067.66,23583335075.99,11994143057.28,9289858865.27,1326932438.26,10645072616.62,11925947909.78,8257507304.77
2021-06-14,753471062533.64,295112636977.77,62630871997.61,56584941353.74,10554627165.2,23675446319.55,41242521556.87,43173647089.37,,50318994271.23,2758488342.2,2580299353.76,5177523243.69,21142757781.22,11733862795.25,9956613392.1,1274453291.36,9300813770.89,11544770120.85,8517145932.55
2021-06-13,732465659891.78,291673894434.5,62574982573.81,56256011121.22,10570271763.77,23641140562.16,40792805237.05,42172193661.72,,49783857547.2,2710887093.63,2547455245.8,5127685013.03,21016241301.27,11527111106.23,11020630668.87,1259771650.09,9246400238.97,11410049187.31,8328361378.03
2021-06-12,666018173753.46,275838937026.5,62663050030.22,52741180523.38,9935368468.58,23601392372.56,38461290203.89,40569059978.02,,47287632354.72,2477688250.14,2336422378.05,4881413557.23,19774962202.44,10892050047.15,10419611987.9,1164499568.24,8441173813.97,10814883258.1,7894611124.39
2021-06-11,699368729838.32,273631367134.69,62620384240.4,53077605761.42,9827512516.02,23442188511.49,39189555813.07,41510465776.58,,45887063163.48,2452556918.56,2311334971.16,4954787304.25,19969703628.11,10848999106.4,10571461679.42,1208308521.03,7879146955.99,10872668736.07,7511863315.76
2021-06-10,687509421226.28,287286991033.16,62632364070.6,54036486742.83,11205036430.93,23210090792.22,40147146244.49,42414763170.84,,48937277737.17,2698655180.49,2440029903.43,5203123165.76,21579027447.17,11309570692.97,11874992855.91,1182653010.19,8572931952.15,11227960309.02,8264126316.47
2021-06-09,699516138697.97,303147462062.01,62411541572.69,57650059188.42,11459435796.76,23252675130.36,42495962615.16,44616868085.87,,51881539244.57,2919163863.23,2646465880.84,5401354220.81,22049780788.7,11877443163.68,11691908709.66,1283171556.82,9386207415.7,11490670667.76,10119506416.96
2021-06-08,626954944878.53,292557075207.19,62354474177.91,54315456382.01,11319309882.19,23163391426.82,40452252990.58,42579375328.89,,50706647036.3,2854555320.17,2555181873.77,5204848964.48,20675304865.54,11200711818.55,12445725529.14,1157832207.85,9340119521.57,10757890574.53,10131327402.95
2021-06-07,628572961758.53,300985400826.16,62295343952.87,54823141744.19,10431744177.47,23088855995.92,39743170141.6,43011807788.11,,49942773335.82,3049622910.45,2664941548.15,5132335233.9,20452577185.29,11181154290.89,13826152329.23,1158046976.68,9308815307.38,10796054659.53,11306208043.5
2021-06-06,671652557855.14,315453931557.78,62298516610.6,60424976235.95,11534847407.96,23003536496.45,43625920334.92,48302113585.76,,53617195304.14,3370535792.12,2274827055.83,5554131772.77,22881676131.15,12332675566.52,13167174493.98,1265703759.75,9958530384.06,11791108474.36,12979977210.25
2021-06-05,665804639832.8,305598725248.73,62228700923.51,59905089190.28,10792461951.31,22912903573.56,42610574444.44,48345164969.3,,53002535329.52,3333891261.68,2255294668.13,5417215895.34,22512800467.3,12180967208.8,13185519244.08,1297724255.53,9605744600.06,11550084665.79,12999339467.68
2021-06-04,690915072092.8,312256566094.89,62002522359.71,60052916383.55,10200748812.85,22896455411.39,44775529764.24,48877461704.78,,54660628031.41,3479283775.53,2383535762.88,5535827432.14,23633978171.69,12587336350.88,13782354090.51,1249855343.92,10260765161.89,11940138868.24,13524785710.65
2021-06-03,734224332239.42,331608133101.08,61706136008.53,65639810000.17,10761246544.92,22853602332.6,48242632209.39,51942452227.66,,58799938617.08,3874575576.14,2642034952.66,5884643395.03,25520462772.6,13474015634.52,11540751230.46,1414607764.9,11421088581.09,12888969012.01,15450177720.37
2021-06-02,703599671425.41,314266256163.17,61789958473.89,61566839406.01,9257762745.02,22793506953.12,47277113119.81,54976914118.84,,55999771168.19,3725022319.08,2435677956.58,5592398220.4,24511128160.29,13088280088.68,10908958496.07,1300572996.51,11246070578.95,12500322950.26,13329725043.43
2021-06-01,686891021224.93,305798597367.09,61790048178.69,55664633493.59,8447741686.96,22666917055.27,46658714117.18,48050998400.7,,55422434614.78,3482161988.4,2315723239.25,5455869263.31,21534458659.28,12965590139.9,12005519090.44,1261938426.99,11404290496.31,12214402940.37,13346924539.28
2021-05-31,698990486184.97,315217277482.81,61816254265.85,54365777869.47,8946936842.81,22628794881.2,48293159732.06,42298953605.59,,55678821518.0,3664936369.5,2362750404.88,5512088526.03,22107873817.42,13199008095.89,13488598404.65,1316160921.79,11779140507.64,12551701641.07,14241044904.67
2021-05-30,667976638398.15,277492990926.56,61742398035.72,49985988837.23,7798155350.85,22421676957.19,41834196844.25,39232589725.88,,50391384963.26,3099443066.5,2149588027.7,5162094842.93,19308719941.87,12441347900.39,14545851182.85,1214104551.81,11584229101.16,11413209327.6,13813224148.84
2021-05-29,648061013207.76,264600384052.02,61310543009.69,46805037635.62,7463837084.79,22230727828.41,38381695412.82,39344899568.67,,44926744593.91,3116350240.73,2095283977.14,4929000699.31,18728941360.63,12217274352.88,11825834606.15,1047713307.93,10548486898.09,10934586486.93,13709467289.71
2021-05-28,668283930066.56,280864129342.71,61155331787.27,50614430477.82,7917193696.93,22101934365.46,41536092428.01,40391360015.69,,48305428071.31,3119912299.48,2172039592.46,5165704219.67,20182855365.03,12936082566.6,11283598185.92,1135150146.1,11325554715.09,11836582263.55,14360536194.57
2021-05-27,719538129127.79,317571010584.69,60978925181.12,56410493527.09,9156416571.33,22033952477.02,44770121605.38,43208473793.46,,52585624035.56,3465361428.82,2464117323.78,5671964246.91,22478683383.71,13985511124.89,8563775060.46,1269013120.99,12589306979.15,12891299485.54,16226236780.95
2021-05-26,735556411166.13,335196485645.87,60814128035.8,58282146665.28,9689483978.48,21569274597.46,47699814351.56,45896157271.11,,56954330219.83,3757516355.23,2708771778.9,5965005176.45,23128780886.66,14342795869.11,9969265948.03,1367838574.84,13728651094.68,13298705180.12,17791004695.66
2021-05-25,718829377408.47,314033309034.22,60124587561.16,52798403677.4,8178326112.58,20927969766.57,45044780046.37,44932307821.98,,49691394706.45,3704572616.66,2517955957.38,5537956374.77,20845054526.55,13496488676.87,10947447253.48,1283539870.33,12050797339.2,12248927682.69,16627152709.04
2021-05-24,724332072423.59,306684156289.66,59817790389.77,52981857815.21,8529072274.79,20620985422.37,45812985214.07,47504120043.08,,49503411492.73,4194494479.93,2509417041.52,5497919555.59,21843419360.24,14029572001.84,13128488278.79,1253126391.96,10655146131.37,12282051974.09,18364326933.25
2021-05-23,650686270744.28,244704904961.26,59533859940.63,40344516407.1,6731076772.71,14386222481.22,36770599361.44,39963404928.94,,42345452943.91,3211108114.65,2034699692.4,4527532178.7,16949899549.35,10424482331.72,11388641026.5,1027231654.5,6698067049.2,9580263561.28,17924544700.78
2021-05-22,702449253648.34,266263966983.58,59506803491.15,45953780781.93,8537799811.16,14391760466.09,41813285048.0,44408253680.43,,46760255159.67,3287957201.09,2434016750.24,5400200257.02,20693927990.93,11841896735.29,18145983799.29,1210512984.43,7345414002.44,11320846508.92,18090810574.08
2021-05-21,698108789816.73,281879243639.06,58622332737.19,50064589684.89,10581836075.92,14386155673.03,46457226450.41,46609753575.48,,49592610205.27,3228031649.23,2814908850.63,5583809185.92,22988002770.31,12894209081.81,15863783713.28,1324085941.04,9124649666.44,12028586892.55,18115558257.67
2021-05-20,763195929021.93,322857390498.81,58126966084.94,60393147664.33,12198547360.64,14378432856.27,54695173849.0,51897302336.31,,57841421055.98,3823945863.26,3253116743.76,6420468743.12,27386147608.95,15398498101.69,17374783655.69,1604207576.48,11335217064.09,14169944716.11,20521335945.77
2021-05-19,692452570146.78,285298709244.81,58434509611.58,52017662499.0,9571532158.07,14379094941.29,37576904035.11,43194982873.26,,47364054919.09,3640077301.09,3018786326.46,5684879150.81,23694720120.39,13246391995.56,17699426415.11,1385451639.7,10197933063.2,12650929546.9,15404542670.96
2021-05-18,802974346862.95,391850295263.05,58213884693.63,77947333994.64,15243420387.39,14380422263.21,55848005958.76,61729644540.68,,64013624854.51,6172163280.04,4753460154.78,8340214849.1,38165764961.84,20456762108.34,19852698993.82,2154140944.89,15083536946.29,19666550646.09,20372595748.51
2021-05-17,814701646509.05,380482843865.21,58162791377.28,78552180732.26,12776663874.1,14381592409.61,52532601631.21,63249211418.03,,64926180313.45,6511003544.08,4339695502.88,8088232278.41,36337830038.67,20026710645.12,18313590106.78,2158689679.18,10619415360.69,18808781567.45,24287704074.83
2021-05-16,869279076502.07,415801534961.9,58308356800.73,86356615319.47,12868711981.4,14382393542.27,50998556787.35,66742824281.73,,73772243227.06,6987160272.36,4707785297.29,8563745425.26,40009764155.33,21901141021.21,17439718886.25,2214632210.66,10510684712.87,19800570913.63,27899431823.6
2021-05-15,874931019742.08,421619090682.82,58220464098.98,86389113996.68,11849179250.7,14381454393.11,52166765090.56,65838461456.06,,69456498161.0,6148382158.68,4435903856.24,8648648555.76,40852130812.45,21930484453.07,20428711779.55,2247221982.54,9844650617.52,20010538877.36,30494564125.69
2021-05-14,933276901264.97,472663570788.42,57753866537.95,92539717935.55,11646488803.58,14379613296.62,49254085094.24,72522897885.14,,64049851845.73,7309203352.33,4763137422.78,8941392180.86,44973584932.56,24333828370.04,19470827173.66,2155162364.28,8991639821.89,21776898416.3,37703654796.5
2021-05-13,930161010060.1,430445282301.28,57748267809.77,87676856076.86,11177548615.05,14377632212.1,47709058585.35,63544125613.74,,61777434113.52,8288925296.15,4508793009.71,8704700397.82,37533419367.96,23452416552.45,21871752692.13,2055601367.31,6430129026.34,21154463877.56,37126642316.73
2021-05-12,919527847949.71,438585075673.54,57285613367.28,90246958220.91,11575451927.3,14381550569.97,43810403720.58,49932901318.52,,49608527761.01,7007387313.79,4126628174.5,8505943544.02,31900616639.49,22666170170.86,20367595619.03,1737985260.71,5287039730.81,20231645868.43,31616664576.53
2021-05-11,1060790877191.62,482881900490.93,56516074008.49,103158145075.7,12153486129.98,14382565068.06,51878958423.65,64161634640.97,,56359290881.71,12088095061.32,4746149383.21,9948212816.96,36214689634.48,28896417341.46,20661863742.59,1843499076.01,5547527484.64,25191613586.84,45141691303.7
2021-05-10,1044927337817.5,457761219806.87,55799111960.38,96870167481.81,11698772287.18,14380406651.84,48765667887.84,58290605342.54,,52545259776.34,13830748679.98,4471965230.6,9112190014.74,34235729960.94,24754261729.86,19746831722.73,1749684919.29,4540195201.58,23986098596.84,53008580553.25
2021-05-09,1089244557675.56,454991994900.07,55539697236.76,101607648677.76,12086070502.0,14380909714.08,53901564261.5,73841942943.13,,56566463236.91,6168398355.36,5028398787.19,10238383825.73,37754263203.33,26759773845.51,20711347509.03,1880065530.44,5032037645.2,25796522602.14,
2021-05-08,1099863941004.24,451905650093.71,55270281442.43,99133120518.45,12421778450.87,14380644036.3,54860213883.37,82429781486.69,,51742000066.93,6228540594.96,4937112738.02,10255256859.51,37295541911.07,26268359642.36,19142928960.27,1939184715.28,4401091970.2,23120949080.1,
2021-05-07,1072727435210.46,403465702897.42,54696268616.68,95828556590.64,11765673243.42,14381263992.62,55532777769.36,88680824303.07,,52825018639.07,0.0,4901815366.39,10582685875.72,37378618337.22,25159747620.94,17623461121.91,1969265352.98,3907526558.48,23113261799.05,
2021-05-06,1054714918674.96,404131394792.06,53567235043.21,97166045768.15,11847643595.56,14380945534.43,72672809670.93,75207782074.35,,52718656416.24,0.0,4892695821.01,10875975912.63,38870956123.36,28202635202.46,16552912459.35,1917396936.78,3952438019.53,23597669494.95,
2021-05-05,1073873012866.68,407777080466.0,52831054810.68,99986497073.8,12247847970.24,14381849331.06,73305328517.53,85147176076.82,,47140655835.26,0.0,4542327712.67,10487570982.35,37882863795.09,27249051672.53,17228105963.22,1929900982.15,4208221209.12,23766334679.92,
2021-05-04,997324142593.09,376577399573.76,52165642161.36,93778232798.75,11649676283.04,14382959283.89,63219482673.43,70081925802.27,,40705676574.88,0.0,3910843134.72,8555753408.0,32587842120.81,17887832411.75,15976208461.5,1771423481.52,3654611810.14,20441892546.44,
2021-05-03,1069563935453.09,397069786479.46,52061575124.2,103672165463.46,12523242921.18,14381650984.75,70648428003.59,57177802914.14,,43514548965.76,0.0,4627853822.52,9431448028.06,34826556840.5,19050093457.05,15270811295.28,2008393325.8,4130678263.07,19672204637.34,
2021-05-02,1058862005057.49,341593133885.94,51788836339.95,95450760763.81,12784244033.41,14379417664.25,70950198082.15,48672985630.28,,42389411930.29,0.0,4031658839.89,9147573886.83,34253692068.17,18250673622.12,15176876711.8,1928629977.18,4277887398.03,17963366444.69,
2021-05-01,1081174515342.54,340840444354.06,51506811113.99,95028239639.54,13490574630.96,14382369887.88,74963184004.41,50860335490.55,,43228336016.93,0.0,4106502388.0,9395162184.76,34504880432.48,18819685196.14,15422932774.66,1998810637.24,4082333891.68,18479305894.78,
2021-04-30,1079669884319.7,320822874720.79,50995492788.58,95754488402.29,11604419645.43,14377629317.92,72268392381.27,43681559535.48,,43208459367.04,0.0,4238397184.86,9475486249.32,34134808696.64,18600480243.78,14722313352.44,2020223355.27,4257425135.64,18101057211.07,
2021-04-29,1001193634071.78,318896956050.5,51010197189.62,92014712104.63,11470583798.14,11244901550.87,63536572211.27,39485786704.47,,41788829478.45,0.0,3595794105.83,8689837150.47,33586658507.0,16488246413.45,13215821773.11,1994810194.96,4622192049.41,17060933945.38,
2021-04-28,1024888208734.36,317645696234.41,50928908902.64,86326344909.64,12103108334.92,11245520895.59,61685957512.58,41876610358.69,,42672268918.97,0.0,3646901932.67,8791511069.19,31710405661.86,17033787052.15,13041755279.38,1780326774.85,4011212769.86,17255844325.24,
2021-04-27,1028733359592.48,307950352777.12,50309001545.7,87222083029.98,11674627043.11,11242465860.89,63608983018.9,35210893019.04,,41754114325.53,0.0,3581523488.28,9014350114.38,32388898376.5,16621341261.96,14689837485.26,1858021011.36,4320649430.52,17332417686.91,
2021-04-26,1009780042661.05,293069092285.99,50008339564.52,82021803835.38,11867353941.86,11243138881.4,62135663610.22,35011409694.47,,39424835370.37,0.0,3405967321.39,8405304499.11,31171742685.98,15901761818.34,14763134207.79,1819771170.21,2776788925.6,16514942690.91,
2021-04-25,915955943256.31,267780847560.75,49961963196.99,77495435715.05,12782467830.77,11245293626.06,46868572792.79,32477418138.14,,34767757835.28,0.0,2771761989.7,7271369540.91,27761506661.6,14183512109.47,15267182185.37,1660168682.66,1986552562.86,14928033321.89,
2021-04-24,935471648213.36,255676477656.12,49426761825.13,76166401717.25,10993246510.76,11244016314.18,47615469344.14,34944176235.42,,35186428202.53,0.0,2801787039.4,7359893979.66,26981554376.45,14397370611.29,16320688407.05,1524057603.45,1833719616.85,15008330254.51,
2021-04-23,954919230091.93,273212191168.81,49288865013.52,80792431546.96,9984870962.27,11243040139.44,53107262635.37,32134070797.02,,36922722804.43,0.0,3023143473.25,7812660785.04,30046816982.82,15700530341.44,15033804320.18,1660675222.63,1980968202.78,16111281675.81,
2021-04-22,967372472375.28,277797467178.94,49325346964.43,77639041509.6,10498268248.37,11243603612.37,52654229110.91,33741377335.48,,36645258024.0,0.0,3091931708.41,7891854997.87,30745137196.67,15985018629.96,16368990661.76,1712146287.4,1813054548.07,16893590791.72,
2021-04-21,1007389534360.43,273282959377.17,49056479728.61,83777978675.73,8779134999.57,11308463144.18,58866221973.52,39679105902.92,,38553136746.57,0.0,3332165019.79,8819859790.19,31559858460.49,17103798294.97,16916281265.01,1703440697.83,1863822011.43,17275898188.34,
2021-04-20,1055323526514.09,269259968844.18,48686983805.05,90069573288.49,8578513611.25,11307563186.41,62807347013.17,41300434109.36,,40444459861.04,0.0,3517821395.71,9533232886.73,33018027788.65,17609764820.14,17640952865.75,1751588926.83,1771959588.29,17418464917.22,
2021-04-19,1041287672153.73,250277144256.91,48140002226.25,77497870497.18,8553088910.08,11306577613.14,59708309820.39,52646623417.66,,38272759891.73,0.0,3380352539.21,9332879181.02,32422222570.44,16732098976.99,17913983019.66,1681061223.42,1697642282.25,17483740119.18,
2021-04-18,1050445401609.72,258444691650.46,48080200312.27,73806479141.26,8722397354.82,11308018713.09,63837977820.22,41417581075.57,,40750096835.5,0.0,3762224753.14,10238638365.64,34770061976.39,18070348498.02,17356929470.33,1816428651.47,1882869672.59,18230006101.39,
2021-04-17,1133882479236.77,270861474696.88,48354952204.63,79849049193.74,6777439470.22,11425630119.9,70832766981.07,36722073277.41,,44244219073.09,0.0,4416547748.52,11281737665.7,39591399258.38,18830017906.94,14856669088.98,2092505312.32,2107795666.8,20343460199.7,
2021-04-16,1150457156739.61,280884355081.89,46981343645.52,78284562613.11,6857767811.72,11318635266.0,70717988350.98,47274068217.89,,45269118282.44,0.0,4582330230.73,11615231056.52,38632752998.71,20781252350.4,13871490020.66,2096422570.16,2264458089.17,20734150368.5,
2021-04-15,1182945492744.41,290918491377.43,46531190376.7,83854448855.71,7511469370.13,11310637809.16,80186544121.73,23540494382.21,,47334226350.27,0.0,4776091385.11,11798738089.91,40458356426.21,16242749868.31,14212461608.28,2289685972.34,2297070768.28,19130613995.08,
2021-04-14,1179061093980.42,281183637540.49,45928655477.74,84929962000.8,7148779204.5,11270550187.38,83508712025.6,15697925270.57,,46498212197.54,0.0,4945637007.75,10082085802.92,39634833631.78,15316687359.15,13366095322.14,2223140454.26,2151521088.16,18673881530.55,
2021-04-13,1186364044140.27,265458239569.45,45355595567.27,84929138156.58,7408116848.38,10823831921.0,81454889101.26,12070137894.99,,45104180472.43,0.0,4329298666.0,10483682882.72,39909308743.56,13971829860.16,13254306166.43,2267205070.73,2126571579.68,17821657828.01,
2021-04-12,1118871072068.9,246975320275.94,44447108385.47,92522278159.72,7698811332.92,10791909575.01,66641080474.15,9139899745.9,,42048031657.81,0.0,4356044335.72,9247564746.64,37621038919.43,12622846875.22,13671307758.57,2339375657.55,1803966688.51,16320589727.73,
2021-04-11,1124635848775.45,249059103191.91,44521618210.49,81189295175.02,7542139623.2,11065073073.52,61773544985.43,9640258365.93,,40470031448.37,0.0,4062600654.07,8767748385.56,38470489156.57,13030518062.53,13015937162.78,2348074233.87,1866885294.58,16930713065.35,
2021-04-10,1116889802872.23,246523420884.8,44397226113.11,73026065780.07,7247692203.54,10954682454.24,62404026788.11,8244132101.32,,38937266406.84,0.0,4083942001.66,9027912759.06,38627460963.69,12606153199.91,14528447409.07,2247888651.65,1806114811.45,17063265385.3,
2021-04-09,1087911057869.8,239127946688.06,43841876424.83,70030932980.39,7456149619.5,10905870848.03,46350091393.65,7964226154.64,,38451053584.7,0.0,4038818685.9,8307804747.53,37897731570.58,11889987870.79,13525913059.84,2211730365.33,1852126634.17,14809848423.42,
2021-04-08,1089334328138.76,241000078757.85,43647092967.7,64600635460.49,7256370566.76,10942441781.22,47799382930.05,7934992305.44,,38958913858.29,0.0,3939489658.12,8819133186.2,38338014017.9,12111201378.02,12924960735.93,2297066153.89,1795209655.01,15152999552.76,
2021-04-07,1046793054752.58,227414944866.5,43135955532.34,57897068142.66,7107155850.83,10785983094.42,41661654117.6,7619768370.71,,37544017969.58,0.0,3774411457.19,7902794221.3,36684028923.98,11568922628.11,12331098306.44,2095188269.6,1698982347.48,14647060336.0,
2021-04-06,1086769183294.56,244382061190.03,43062968452.63,62368004529.21,6695596353.77,10714215062.04,49774875598.27,8319797961.16,,40106447233.16,0.0,4040390424.03,8912627305.05,40227628838.66,12487536745.81,13582942856.06,2318004012.73,1887209885.48,15864706319.38,
2021-04-05,1102880790089.18,243143128759.79,42390503281.68,56832907205.38,6166314086.86,10805209578.08,41793184885.01,7704287492.97,,38794825908.37,0.0,4000699822.99,9797685493.59,42409475220.11,12128029747.09,12577308561.03,2085334322.71,1864370707.8,14756892335.96,
2021-04-04,1097232660348.16,241411837678.01,42503862983.73,54337497318.26,6455269614.1,10884944736.0,29364108460.55,7407664647.51,,38063850600.59,0.0,3755051237.12,9270853014.9,41344587411.56,10593146374.15,12210353279.48,2068008241.71,1817266052.38,13620356609.06,
2021-04-03,1075617261180.33,233921770621.82,42440290237.83,49934722802.14,6047400068.45,10650300099.49,26829923528.05,7200412903.62,,37484228834.26,0.0,3616902241.06,7314421554.71,38552114088.77,10034797523.36,11608350834.39,1931918047.3,1774139570.46,13160118573.16,
2021-04-02,1108813863082.86,247132282843.96,41708271321.98,52387808183.56,5312121531.63,10694274869.37,27994707394.24,7439646119.94,,38226452476.17,0.0,3727678492.65,6632252893.65,38097210601.74,10950969189.97,11670136615.3,2023055097.67,1924332794.17,14233509583.66,
2021-04-01,1103377830758.3,227970125751.28,40742058574.82,51801379680.4,5121089267.43,10640299852.43,26302184998.9,7996434168.49,,37994346512.43,0.0,3637644692.4,6171329844.52,34849767583.84,10500685120.59,11106204678.97,2012408730.84,1825207914.57,13625003715.8,
2021-03-31,1100016786762.56,221151811159.17,40723981486.82,46678707631.3,5220539301.49,10656787148.43,26055985343.48,6921249082.18,,38122781324.94,0.0,3676426975.88,6615060524.66,34243351177.28,10155760793.2,11182147187.4,2009305218.54,1803722160.06,13183541314.44,
2021-03-30,1099939890804.41,212788788570.88,40681086816.88,48125603373.34,5158507265.85,10672829322.71,25737663164.89,6951867440.34,,38763410937.93,0.0,3790034963.63,4735679075.59,31495837001.62,9864754372.55,11399313565.7,2123442307.3,1860580460.86,13129004499.27,
2021-03-29,1078088296476.71,209726738382.24,40467698670.34,42529681606.5,5056832100.48,10555729469.19,25783622951.06,6970630600.02,,38419153521.15,0.0,3769408495.52,4642870051.24,31772348772.06,9732294223.98,10651356491.02,1938398086.21,1924051587.27,12981660945.99,
2021-03-28,1044446559059.06,194913443083.05,40500517196.83,41598879255.91,4829519370.48,10768922656.44,25006533341.54,6924335587.93,,38054391213.0,0.0,3668576526.54,4554898078.16,29845818892.47,9364900285.32,10385074953.78,1859971453.88,1733945302.15,12351098573.27,
2021-03-27,1044814147411.6,197787142643.22,40185072294.91,41585130056.69,4425303443.32,10657171951.06,24992351033.7,7011100665.09,,37589641438.62,0.0,3532272875.33,4571185884.22,30174087038.95,9414081738.08,11156548762.12,1764686111.61,1670973321.85,12336637350.55,
2021-03-26,1029150697411.15,196191139867.26,40274665487.26,39422018823.48,3950586428.46,10588724708.13,25746588636.17,6955497857.42,,38784256431.33,0.0,3609557165.4,4650687154.84,30664937494.58,9513727967.22,11356779995.35,1809913811.96,1687809507.31,12298583953.4,
2021-03-25,965028762665.7,183786054251.84,40329456619.42,36297499650.18,3479892566.63,10338431176.95,23496509076.93,6632093766.48,,35193427842.3,0.0,3322963744.36,3985842339.25,27682831355.53,8939090246.71,12133871198.32,1586689091.14,1512650662.58,11548812450.15,
2021-03-24,984948142897.89,183540070276.94,39890351375.37,38610229806.9,3649871266.4,10167631688.92,22195159228.16,6664029762.61,,34344508820.65,0.0,3329551118.5,4018594506.34,28093491362.71,8972856587.94,12301368999.25,1599620435.43,1628550763.06,11854104964.2,
2021-03-23,1021563479682.18,193335618290.57,39702747917.93,39512436988.25,3801136715.71,10090872105.37,25271657446.35,6902245900.31,,35831695679.22,0.0,3653358605.09,4215763166.24,31800924930.32,9647665659.54,12397929008.79,1744328568.37,1662203237.33,12502735967.29,
2021-03-22,1017595269117.06,194773638865.65,39626700644.47,39544969150.46,3990311752.96,10036692733.63,24969563563.05,7082689334.81,,35458596653.86,0.0,3751257127.78,4282654458.21,32787171367.22,9592725699.65,12185769798.98,1774204549.45,1747653810.23,12480313549.32,
2021-03-21,1073417235408.43,205906557856.47,39567651238.1,40933596276.01,3833292242.99,9918143113.39,23602621698.97,7374772307.98,,37991018691.38,0.0,4191960631.26,4535779059.06,33936891287.49,9839336807.46,12807326878.99,1963466058.63,1909649177.71,13102583632.43,
2021-03-20,1088105221977.52,208693780293.25,39525018904.28,40911268600.67,3801139605.26,9848966629.96,23927507590.93,7596414495.3,,38546959900.35,0.0,4387539801.48,4376962247.88,34442160748.89,10073829877.36,11530160978.54,2035553183.78,1922393856.91,13393101107.49,
2021-03-19,1088666450746.46,209243467429.34,39311262205.98,40805530274.22,3797317088.79,9767228910.59,21393057090.54,7514154610.87,,41602128113.37,0.0,4823883283.36,4213063254.45,35283417850.39,9998612787.7,11354360322.11,1999039449.22,2063549697.05,13408836542.2,
2021-03-18,1079511086884.33,205216840693.76,38904898367.76,40441972615.11,3804064053.67,9481988795.55,21472444567.65,7391550949.2,,39584149301.26,0.0,4253508947.58,3839368894.11,32732241793.54,9897483382.25,11890307546.34,1950988012.41,1958068739.28,13372309587.83,
2021-03-17,1098337655326.54,209864815743.11,38660244601.76,41701420903.84,3799767226.99,9352365809.69,21449637130.47,7425583379.9,,44046287352.43,0.0,4169564794.12,3939498643.82,33288119794.46,10104200902.6,12299105113.18,2005358265.36,2020835733.79,13739726325.37,
2021-03-16,1059745818423.03,207943962561.62,38647978370.86,39885015333.25,3640763691.35,9278101101.85,21003902721.03,7547720121.94,,39710232337.51,0.0,4224462733.85,3747616141.64,32624297093.15,9866826422.12,11754880983.88,2040581905.19,1870309138.61,13403133371.86,
2021-03-15,1042946024859.64,206162475255.56,38529973461.02,39353447070.91,3791467510.82,9337446568.49,19866760407.52,7351218571.3,,33019817867.85,0.0,3705495664.23,3643182007.62,31628536887.08,9787349615.5,12376221903.77,1880716327.27,1961636306.67,13416579221.3,
2021-03-14,1106226132524.59,213370626929.98,38235568474.55,40895052331.8,3875721099.27,9276209311.89,20073643665.36,7544115603.34,,33838166627.23,0.0,3710525615.88,3676189494.54,33665914792.95,10418853978.45,12323359760.31,2106220748.32,1911327157.39,14350314678.58,
2021-03-13,1142369158666.94,221411849362.86,38224664051.96,42667226946.07,4089578510.15,9266074220.66,20882422749.77,8037692869.53,,35249017882.37,0.0,3946475689.34,3784699571.21,34191013935.63,11136976179.43,12962243217.27,2345730603.12,2122252425.58,15100529216.22,
2021-03-12,1069366321843.62,203835039480.31,38119626345.28,40748105861.56,3887447694.38,9135678065.42,20029110602.28,7125032152.37,,33198891101.24,0.0,3573362287.55,3586026751.88,33082975404.6,10071394489.56,13044096204.68,2191992892.98,2068709140.29,14715870199.0,
2021-03-11,1078135604117.97,210032453963.74,37514467150.8,44782177640.77,4270242447.66,9130585980.12,20566192322.65,7197497881.77,,35935123941.01,0.0,3922974039.78,3690921168.83,33892867857.74,10268232112.84,11747862015.93,1897496141.76,2049726361.18,13409899023.25,
2021-03-10,1044580057477.4,206899711010.48,37086634927.48,43169973367.2,3792593486.06,8967187807.63,21029601065.38,7207816086.31,,36261417318.79,0.0,3770336408.39,3691699106.5,34509354021.94,10212830870.57,11590209103.38,1665857750.52,1431857181.3,13362305353.2,
2021-03-09,1022439972862.18,214795762867.79,36818376521.28,45349688817.8,3948141942.62,8982652500.4,22065800899.46,7463686738.21,,38183375234.32,0.0,4334543280.81,3810349001.71,35076916391.58,10178599523.78,11470998897.32,1693498084.62,1488916516.41,13568866822.13,
2021-03-08,974321883623.25,210939589076.28,36482628339.48,37137112621.85,3562414837.47,8934282354.71,21503227134.57,7971280044.46,,35719914245.93,0.0,2163005884.44,3784567071.35,31990861423.19,9878874484.62,11364947725.73,1421273743.46,1078770405.76,12787203584.95,
2021-03-07,954880954584.64,198088541069.55,36472973681.61,37115563234.61,3634579982.53,8969172583.83,21197655054.81,6706005852.26,,36209148044.42,0.0,2236935400.1,3706346586.9,32235883114.93,9638804979.86,12296198295.86,1325084976.4,1054081390.09,12707914232.95,
2021-03-06,912054166028.5,190201808027.03,36438046372.5,35027459802.16,3414250123.37,8822775166.79,21117695564.41,6558965901.86,,36133913814.17,0.0,2077815225.46,3603772801.76,30620375379.21,9358988072.59,11689857556.37,1250291355.77,1057773070.87,12188376458.47,
2021-03-05,912285065720.02,176219185802.23,36394667328.21,34981982953.99,3302676699.19,8674150228.04,20800453451.03,6381297708.43,,37332335359.17,0.0,2022827427.68,3602260053.03,30877097836.37,9317016324.76,11319158711.28,1283860825.62,1068622189.55,12039353700.33,
2021-03-04,905414104807.24,177191062441.39,36266584107.97,35534051133.02,3430363626.99,8655539971.88,22093842734.2,6437196941.66,,35618147966.16,0.0,1985374166.97,3681907855.67,32332933420.6,9463725918.95,10112284118.01,1361185946.88,995239253.01,12058928099.16,
2021-03-03,942236576904.51,181069778316.08,35886328357.76,37256520784.14,3696875106.78,8669892779.85,20444486466.19,6506425615.23,,38868096417.93,0.0,2098233361.14,3517226550.93,33889450251.91,9775181205.04,10756640654.5,1278965823.3,1112151841.75,12553608188.79,
2021-03-02,901933683269.16,171484736319.43,35458580808.05,37014085020.96,3655843423.75,8752919054.96,19834171592.41,6463312202.92,,39155277835.27,0.0,2087699036.17,3357150844.6,33066586008.22,9652202398.4,10327039144.72,1228012670.45,1151673092.09,11843018105.23,
2021-03-01,925235527882.27,179746905786.0,35068760205.18,39348672760.5,3916870452.47,8866076772.02,20306685603.42,6505875327.86,,41289607566.2,0.0,2108365509.08,3426599301.22,32539365963.27,9351791705.27,10077132965.95,1270555189.39,1249408429.54,11666301506.46,
2021-02-28,841428977514.57,162650415374.44,35051423319.75,32386116331.48,3428075566.66,8897551098.99,18840545903.33,6177710993.58,,40696967234.71,0.0,1832888422.12,3271072800.16,30723422512.26,8585347124.76,11473692977.34,1148611753.41,1136543606.82,10978655640.66,
2021-02-27,860978135421.44,167675937684.41,35024034646.23,34808423808.26,3457387613.23,8658975905.81,19878291691.35,6438192651.99,,41219695427.29,0.0,1986089483.92,3339799444.88,30567858010.02,9029808023.39,10539686856.91,1204106747.22,981025453.7,11454859535.98,
2021-02-26,863752275053.08,166055498546.28,35009955967.45,34256894118.13,3558683580.88,8594704361.52,19428392307.28,6488523368.56,,38613872246.43,0.0,1995732556.84,3237115914.51,28635864215.63,9043635803.25,12880635726.48,1263193814.14,946603565.83,11340299605.65,
2021-02-25,877766126138.33,169442679395.07,34927984530.9,36143048172.2,3618415994.75,8328439670.29,19729119199.09,6447664671.36,,33573986144.56,0.0,2057260868.46,3239385951.92,28386405741.51,9274644867.97,13951721504.7,1153403055.77,874972858.36,11904886775.8,
2021-02-24,926393090750.51,186743952485.76,34910214474.6,39306825005.83,4531581356.7,8132862059.56,21423051552.55,7267918251.33,,32719650909.08,0.0,2303186092.75,3441672669.93,30706882058.91,9836460295.5,13934186074.47,1069243963.91,795829741.75,12070508501.05,
2021-02-23,909925854460.21,180251030148.47,34762222903.16,35696185048.45,3981284942.91,7981667377.21,21501649334.26,6089686350.69,,29703373312.87,0.0,2120608594.61,3209604766.93,31292320713.93,9577401196.88,14129422326.16,994199865.13,680421464.65,11773563802.91,
2021-02-22,1010205212981.29,204538978050.14,34454369300.93,41339035406.18,3785710139.32,7860140256.95,25959351669.07,6902725619.97,,34197312215.32,0.0,2483455676.84,3896573997.46,34365198828.32,11763612360.49,13203997907.67,1099592457.91,754919409.16,13846295160.27,
2021-02-21,1072263294724.94,222144116573.88,34268903480.79,45420831168.45,2903297329.61,7738071713.46,24906840533.95,7191635971.59,,34239897894.76,0.0,2781118657.62,4261480373.31,36134675189.95,13204647699.54,13128824903.99,1204427253.44,805800099.27,15117128942.29,
2021-02-20,1045371087640.23,220274162486.18,34125152334.69,39553242902.32,2619699067.57,7576682025.85,23497139197.04,6985943091.27,,34938012153.68,0.0,2787727124.84,4159178480.32,35712761350.45,12729826473.75,13013512347.29,1176762832.39,725493926.88,15143671929.97,
2021-02-19,1041380696669.48,224910293533.88,33537929873.6,51400081847.51,3002856056.82,7285741130.33,25744927541.23,7082160843.4,,28861468233.7,0.0,2981422955.12,4373383625.67,31650533003.03,13450266335.8,13258702390.85,1276497813.34,768995026.8,15744553203.77,
2021-02-18,962915078024.48,222277377811.22,33138979946.24,30278016488.67,2351981649.26,7285707193.53,24174607717.38,7646763727.2,,28440499325.0,0.0,3155580311.95,3940467492.92,29226703998.93,13172893629.56,13549479222.07,1289226886.19,609593778.79,15090475729.16,
2021-02-17,971611626454.28,212042961268.08,32428113698.95,25446929134.14,2153494092.55,7284211261.13,24315547799.14,6340534301.65,,27718724943.41,0.0,2850682982.19,3769548689.34,29077428853.21,13372124884.59,13879830959.44,1221367599.62,557328718.6,15760825693.02,
2021-02-16,916623418253.64,204288110917.07,32253692838.92,20098017961.73,2173212553.93,7286203416.17,23648505355.39,6872026263.25,,27097447122.27,0.0,2795590641.48,3738789071.56,27409464567.6,13196026329.21,12471073510.79,1172003713.57,540841329.82,14001682545.37,
2021-02-15,893210080038.98,204117703893.71,32097723611.77,20022485367.87,2320890605.34,7285655980.1,24922969086.0,7265519863.14,,26788220382.92,0.0,2937187690.56,3636444506.56,25240366452.94,13291473358.3,11303270464.19,1151612013.69,534411053.28,13809636076.61,
2021-02-14,907551330153.22,206994111569.56,32031576069.71,21082369583.07,2288717994.71,7285556444.95,26978760718.17,8028048753.83,,26396411404.87,0.0,2967920405.6,3980260179.2,24608750492.51,13506911307.48,10891822824.4,1236685010.68,501219437.99,14256947120.62,
2021-02-13,877478894463.66,208004282357.62,31614848888.64,20622814702.87,2287031137.29,7110307300.18,28558959197.54,8529400210.87,,28179179476.92,0.0,3368854207.02,4272068251.4,26570627680.92,12380565473.7,11189717885.97,1367954654.8,554498808.44,15039659992.97,
2021-02-12,884874050611.84,211353402277.61,31194081727.81,21163016403.59,2421793705.08,6870659117.32,27632542729.79,8992978136.15,,28797323575.5,0.0,3743463408.57,3964351358.04,26041864560.26,10774002569.66,10322693214.77,1331077032.09,602090894.56,13110544888.29,
2021-02-11,892364856135.99,204480686290.95,30738990766.64,19229172294.5,2413501984.01,6832641664.65,23827421834.5,8941609529.45,,28864337306.85,0.0,3644532883.67,4089187648.23,22891907598.05,9880598331.36,10052631510.17,978683291.32,612226522.96,12262582771.77,
2021-02-10,836616907526.53,199922942887.56,30322433015.59,20048643233.31,2376014106.0,6733960451.25,22858444785.12,9353895799.46,,28944519827.3,0.0,4254502157.11,3309899903.66,21431620371.36,9231659484.59,10157742700.8,918763541.04,579558630.41,12107028489.44,
2021-02-09,865682956618.92,202625894958.75,29791218140.69,16673976091.88,2047219103.37,6562229835.69,21430272598.86,8990202084.3,,21888135137.86,0.0,2431125220.96,3298800073.87,21013455489.63,9577394355.31,10690580576.69,926812251.86,489678094.69,12101771284.95,
2021-02-08,860342706259.7,200147673570.58,28801870406.68,12336590446.72,2064624150.36,6439708622.47,20327474410.0,10112456103.39,,21234605387.84,0.0,2329294594.72,2905493836.75,20918997055.81,9020758455.37,9897815357.09,971508238.84,352976719.94,11110735148.59,
2021-02-07,724478833211.11,184955254624.65,28640986238.58,10599484196.39,1754852114.11,6439675443.68,18976956806.59,10105792829.49,,20634977898.63,0.0,1862429084.05,2577733792.61,17972785450.44,8301841440.09,10129745790.12,943876549.78,335021323.79,10041267657.74,
2021-02-06,731192490092.84,192221649234.01,28259209039.49,11239725837.63,1600421106.69,6350202802.48,19936712821.83,7387203762.36,,19535078373.24,0.0,1383022091.87,2515703909.88,18510385437.79,8533876884.84,9580526345.65,745193225.79,259556187.56,10344025913.66,
2021-02-05,710266752533.8,196873128686.52,27792866868.04,10484364379.67,1749943462.85,6283928742.36,20433948823.72,6019284098.33,,16734586379.37,0.0,1378234929.41,2598071432.53,18965454795.63,8324987770.23,9227433045.36,790318002.15,271252337.48,10285648748.08,
2021-02-04,687542752523.24,182660183410.38,27447659384.35,8642265397.38,1682987249.18,6077850664.94,20270587944.5,6833498775.83,,13722204141.69,0.0,1182382287.53,2377210083.8,17871050304.44,7846481886.38,9129983491.15,687383100.69,230952850.05,9640051951.81,
2021-02-03,697672910488.43,190213812447.49,27049305333.48,8073200034.66,1497018527.39,6027131407.93,17866022515.48,4759532730.95,,13733039800.82,0.0,1139056885.31,2467862482.68,18799060618.55,8294141265.23,9532212683.27,703059991.63,213826473.7,10334816209.7,
2021-02-02,661114581663.76,173505318778.83,26789427696.39,7889888369.65,1379560961.34,5908268417.35,16766345435.96,4041088459.08,,13261606049.45,0.0,1039807777.16,2375748449.32,15648346886.93,8019775253.36,9200688832.79,675411409.83,200398316.04,9463573244.0,
2021-02-01,624349044409.12,156750867717.37,26618802807.61,7975081034.01,1207779152.91,5830863846.96,16867989811.86,4470660188.64,,12508252625.67,0.0,1017705702.86,2359548093.57,14839696019.15,7718642898.19,9302359361.29,613244949.77,199392348.58,8761704258.91,
2021-01-31,616452744533.29,150543956657.31,26451988954.48,6842092372.87,1116779908.67,5868871806.01,22353042408.27,4767745805.27,,10730622858.43,0.0,1039905700.55,2264672300.14,14603207739.23,7452675943.78,8481056119.342707,581181218.41,186720249.99,8602571147.43,
2021-01-30,637924573283.79,157523498333.17,26373892015.19,6918784866.52,1106338354.04,5813052746.26,19988871042.99,3611147492.47,,11281969893.98,0.0,922045928.77,2295095886.43,14948992533.58,7735063020.1,9268130066.881361,586455834.17,194746963.22,8855782168.42,
2021-01-29,638768671361.87,158238360146.48,25361027161.54,6622092912.22,1004302164.53,5802111760.51,12812456127.64,6043762705.83,,10831223506.29,0.0,894139132.23,2385945131.96,15249211491.11,7596016845.15,9475123979.988882,592218417.75,196465386.67,8961864718.01,
2021-01-28,622910073819.62,152494242714.12,25441086455.92,6572141168.67,1001001163.69,5609908486.11,11992206363.03,4367344236.62,,10768923911.6,0.0,923265424.82,2124553837.63,15338599024.46,7556066203.33,9942734312.547506,605209343.25,189708187.03,8859696433.58,
2021-01-27,566417413553.9666,143401382572.9306,25241343726.529648,6335052741.108132,966565279.876813,5465355022.91239,11439248737.61861,958548725.6258923,,9740709694.499619,0.0,860525339.8803284,2029755866.7595892,14031295906.80869,7046051937.990057,9966752825.02429,544328612.1338432,205217942.49659696,8159485218.763391,
2021-01-26,606169260386.9784,155269118236.95306,25000596908.336586,6443203628.684699,1060001508.1579953,5374660745.465179,12205812184.4594,1057483330.0995393,,10709963533.581291,0.0,936546303.0327697,2114878401.4464412,15487077234.508688,7977981619.992969,8706079679.55186,632171962.6577275,211505131.057931,8942724602.760847,
2021-01-25,602350097075.4393,151516304275.35352,24915669100.02539,6432226784.1089945,969025482.0935649,5471135512.178535,12217714233.2147,1073809065.5606296,,10699148305.526926,0.0,940485903.5208094,2118135293.6129913,15598550884.44241,8084874484.476416,7397521434.162158,650036767.084557,160862488.2326583,9120218856.201033,
2021-01-24,600888568009.5015,159184556292.11795,24852549110.89569,6472081159.875043,951852779.9072751,5521308075.363586,12418387933.00315,1117773114.715813,,11010118426.553001,0.0,958937265.2849256,2151247381.7205505,16268654954.280153,8201974858.113891,8771689543.64229,676429238.7343585,161380307.0210042,9387244667.665434,
2021-01-23,596733137645.0635,140794949837.6558,24790145471.41365,6307329734.309348,917727296.3438644,5499885796.867751,12341790397.92694,1098702726.9931207,,10753827794.468397,0.0,990735831.5834637,2091520853.0525317,16800498069.750576,8041324999.744136,8332966569.755244,622234847.127168,165262629.20090175,9138967678.601336,
2021-01-22,614160521491.5516,141409699225.45984,24762073398.59224,6313834019.152629,876377707.1253955,5452866592.011245,12386155166.909834,1091461748.0120893,,10876193809.318478,0.0,978549789.4519876,2052159372.2384453,15498857927.951454,8227606128.753855,8847769957.207403,619295525.5785323,152242888.5979537,9106163561.159369,
2021-01-21,573565664943.0017,128249677791.2402,24821289308.3746,5972049399.75342,783221762.9250783,5361170944.201851,12211250678.406933,1045611058.019175,,9651363868.883045,0.0,870167049.5491977,1985284919.8283396,14394680975.864622,7818389430.854208,9301680726.274893,565404658.3628391,139139498.50983387,8631731440.958136,
2021-01-20,661400102161.1556,158042129137.30182,24764314270.883354,6584162603.966184,975205611.5935848,5274469834.828271,13463112368.957293,1159923229.479773,,11679436459.857311,0.0,954909297.2247086,2186130026.0231504,16197751625.083632,9303844372.564991,8117879691.463053,0.0,167980018.02659068,9943883701.524994,
2021-01-19,671081200699.8711,157454089944.8793,24365241025.117092,6622630370.167312,953805116.1144048,5133735222.091904,13363027568.889671,1164676216.010519,,11484768155.749847,0.0,907112573.921226,2206558677.282031,14857593596.490469,9522295191.570211,8315152830.741688,428828975.2721191,158156228.03416842,10178638261.656715,
2021-01-18,681470030572.0747,143716601983.39554,24371700754.928196,6458589310.488169,994045884.346998,5120886244.258289,12929668503.959078,1173880969.7794406,,11556043621.956966,0.0,977221720.2903415,2265701654.588759,14889926542.950687,9509547494.03181,7139583877.877234,474341032.8344614,175372934.1382037,10088494154.910168,
2021-01-17,665831621390.9865,140601384429.81976,24335202163.04778,6505788374.761384,999971153.1283689,5062831585.003745,12594335138.243153,1160366066.01391,,11818146766.160479,0.0,1015775622.7795109,2159870004.6008887,15306722569.889887,8919517290.651949,6380153854.776575,493620247.391203,165482226.99586627,9443391846.204666,
2021-01-16,673000645230.8221,140969419371.64862,24294865189.42327,6147951451.757878,902784093.5852139,4947600350.858703,12721680325.523476,1185597169.487585,,10965408630.20918,0.0,990789094.8703363,2160774139.3492785,16377017837.68025,9146582882.22126,5573430601.704573,412542532.47375953,159392111.93768734,9563943062.62487,
2021-01-15,685005864471.3622,133902070140.85231,24244384051.385315,5827131331.063355,851217713.3260541,4821432221.134152,12731539390.993313,1198824804.936559,,9412470213.5503,0.0,721670509.8629944,2134727143.1867085,11892435979.896978,9176015950.307901,5830190684.939418,360927628.2515361,165454318.59880915,9561058743.084578,
2021-01-14,728904366964.3611,139212433451.90207,24234096939.742844,5951694799.001224,858551672.4562432,4723642068.488557,13414071297.72611,1202240979.7752066,,9657183561.801678,0.0,712538307.9536196,2150481750.0800242,13082749822.921913,9804061420.803793,6507250898.169795,338253747.1609505,159700310.7959011,10080148976.82216,
2021-01-13,694069582193.7559,129175741557.3657,24236239233.15065,5715620008.983111,920261107.1923414,4663322064.054241,13874553414.057388,1102277644.4346802,,9757153487.969328,0.0,651411838.4074965,2163843062.314028,9857235821.227518,9222024027.136993,7051977120.433734,316336494.1503967,146269043.38116643,9766018250.944744,
2021-01-12,630920422745.0479,119187795979.95865,24242336789.595993,5427343147.833651,946351027.8924447,4658372084.452656,13263566886.863392,1031361130.4007608,,8929377217.345636,0.0,598778010.9650843,2046447987.2052732,7431056432.33662,8375589913.539176,6115380266.1010895,282258545.18192905,126908435.37439401,8786548247.325891,
2021-01-11,661457321418.0524,124508608481.94814,24286060230.405594,5541076413.420557,814011024.9712354,4674298887.24745,13117452413.857553,1129945721.6723628,,8570417664.670145,0.0,499636092.6377438,2075510950.4255228,7438402688.140332,8920738453.746733,6404924377.724259,292103391.41651124,127071714.60906109,9224850104.681038,
2021-01-10,713304617760.9486,144147690008.65298,24229726418.888645,6129838356.332584,907777180.2929407,4716774854.911131,14453755388.352276,1260915513.9332483,,9486050469.154648,0.0,506745602.56137604,2360097139.080241,8361125118.441097,11227411339.169931,6853688988.9918995,341869634.6724055,147926102.2112702,11335608545.879465,
2021-01-09,748563483043.1383,146280792179.4133,23729547865.95678,6344192422.620385,886634795.6661285,4660207976.080257,14843313423.838371,1303561984.8427436,,10359612260.852373,0.0,555372545.998636,2438267022.2086754,8783858937.66941,10675246601.788502,5808816236.7526245,347518318.42688864,162890617.00570655,11757532983.450504,
2021-01-08,758625941266.7522,139769385933.2377,23457770452.04001,6122161935.728049,843292264.8894571,4520698706.575145,14675925484.653404,1258947803.618873,,9507877118.52662,0.0,446012600.9184342,2193687366.414208,8357620978.68856,8204063261.495781,5421769474.812858,337704919.9624817,154267830.46337286,11479032354.226656,
2021-01-07,732062681138.1346,139921813991.6793,22855554469.971207,6274391512.121671,621424746.010265,4411262188.36837,14801803204.921062,1245523630.2249408,,9333113823.903084,0.0,344417452.5417508,2226290620.551907,8658771899.86489,8362366290.408232,5453374284.889682,294838520.788807,160393811.03839678,11236313943.691671,
2021-01-06,684671246323.6501,137786204516.8729,22154599221.006966,6089040528.720059,89843517.7485024,4347554141.895348,11391651582.061646,1337772240.4847305,,10326186773.517038,0.0,355476680.6525851,2186672616.3100963,9059681059.621874,8453796555.678798,4882061692.885799,303608543.46903795,170773578.47064242,11196630531.446743,
2021-01-05,631980005969.6278,125545618320.15997,21864181371.208206,6026750036.770042,100461485.67073816,4318744242.267368,10295369035.413813,1268003963.9313724,,8036779510.753529,0.0,326014027.0262304,2051773562.1666944,8704252438.124628,7808049335.54526,4737262863.865625,295753867.2663721,118067498.83622171,10506208952.990088,
2021-01-04,594384025390.8551,118709509271.5964,21811422497.100414,5910034133.606776,115730856.18599205,4278604358.556735,10746094507.999727,1248286672.3342373,,6992916198.998354,0.0,276222731.57125896,2210899235.147349,8492158902.707615,7587978844.8149605,4491417082.601994,272463181.01643497,118444470.97678043,10254764750.433163,
2021-01-03,609409213147.0334,111309985610.90729,21340101768.041767,5942182740.661936,100672674.81180388,4208024428.0752606,10254417776.80276,1248577459.1098516,,6377915101.911628,0.0,267198080.18400827,2113567006.5798259,8995148461.427736,7845655333.376656,4484657372.881695,289994369.5751601,96120900.28940505,10610100156.806421,
2021-01-02,597205944668.8502,88367612520.27962,21218363936.93618,5522336921.957338,83792133.53884292,4104611882.810737,10064026551.104263,1356280739.9392726,,5520054873.208697,0.0,268890417.55983794,1950520169.5318394,8254057307.292176,6595864637.60387,4690905646.081937,277582620.367606,91635684.4519083,9069424356.167997,
2021-01-01,546001594837.51166,83318539689.41852,21116011794.900906,5473732252.439035,85785758.3765321,4029299602.389631,10780931627.255676,726323310.6655002,,5455571952.5957365,0.0,281960682.51495993,1930480208.2789793,7442884317.763642,6361227988.967737,5032530332.768195,267271665.54687363,85710293.4598175,8358909485.907864,
2020-12-31,539051138107.78613,84156810764.80739,20939440704.71454,5397344407.712975,70362439.69813043,3903714407.312634,9981874642.61921,598149001.3709894,,5643713240.74646,0.0,241244544.96095827,1922848319.9536655,8318279231.475749,6381074871.369557,4833804693.479254,274555948.5896149,84850951.58901577,8256035500.725853,
2020-12-30,536033807160.8408,85722581848.92598,20893813528.22975,5507131904.707579,71506163.4013444,3680443610.8716846,9617853651.824617,592113774.5844696,,5725936828.3860855,0.0,224841558.73354176,1930899560.8404148,6492175417.387,6674138320.158701,4369607245.700155,237968597.77695295,87268310.92395696,8571310123.738354,
2020-12-29,508523687096.6884,83420334908.86484,20812479542.827553,5625044697.978492,77974154.25075531,3698412274.841841,10032565433.146175,573014174.3489075,,5978703148.791228,0.0,225015154.53073844,1984227811.6529157,6727781086.981858,6567790632.266364,4601464285.264972,229468593.88286987,88778147.13436446,8542261137.109545,
2020-12-28,503339329917.2024,83282601744.92747,20791781912.599396,5176189131.661751,70585367.3110688,3627985593.5674357,11258302527.22347,586399767.2411817,,5498652273.959474,0.0,226766973.63691378,2116278415.7374947,5892566077.358182,6735224549.459047,4601353612.083028,240223447.56971523,90818937.1949475,8608138657.318287,
2020-12-27,488213268382.0132,77828069141.04636,20729387121.485394,4839330613.845353,60682595.60513945,3582730027.761492,12851124973.128908,580710699.3485174,,4804453143.561084,0.0,223591506.2071231,2067107839.199868,4592307413.217551,6290438770.712806,4305549989.357124,235389490.5979172,87815011.17189236,8439551136.234927,
2020-12-26,491250863156.98474,72483025274.85342,20682693558.19173,4834318541.290771,61669699.53591306,3547869512.602877,13381179323.209602,573747738.3515452,,4910288579.657001,0.0,224523072.79858658,1987703766.0928547,4632413801.459907,6004914228.992301,5085710726.176921,201172889.71058473,92581497.38968949,8567168164.9952135,
2020-12-25,458297232691.903,71400061459.62726,20687636701.03487,4789239870.850833,67312349.7325568,3536352382.024044,14442592186.513865,584963463.8659887,,4902200881.616179,0.0,227326660.72917536,2042104956.2025123,4659822224.3737335,5921441558.417856,4906060968.979536,200819262.91663212,79754426.39762615,8402415630.927022,
2020-12-24,441017197764.42126,69704465559.66194,20531759415.571117,4693298909.310757,63447288.3597502,3538335202.5666513,15338322460.247019,583425690.2022948,,4756584655.893561,0.0,238406606.64256173,1984783399.4165967,4582660903.824909,5511118483.486839,5195479300.219723,208849603.76652738,78998172.05241299,7381279578.637178,
2020-12-23,431808778580.30475,66517758494.159546,20459114819.801933,4490740604.675258,56149028.28607881,3425726107.549258,11741555006.33799,480893678.03282905,,4243561035.1472454,0.0,224373269.45283446,1778589858.3172975,4207716404.036385,5099397083.00321,5363273311.14349,188549351.2232412,72957658.40448923,6735539589.926983,
2020-12-22,441850902134.2294,72336758959.73206,20387249195.305115,4835157312.975637,69402539.96365425,3356542655.4445415,20361343190.63529,575304224.6716429,,4859123317.810448,0.0,237152404.67406237,2070529165.384083,4603028363.423789,6024568301.390315,5370828242.3154125,228204823.17421657,89471415.7081549,7519474399.461905,
2020-12-21,423625088584.1859,69475834114.53963,20301832633.72001,4659931518.102932,71806910.82416688,3339236658.4268827,23471317699.31655,610925196.9168862,,4749512290.778992,0.0,238321701.83207214,2105363173.2460437,4365028372.702474,5849764980.127454,5339846855.884739,240266273.96966234,87117066.26945657,6944917514.764636,
2020-12-20,436129331482.25616,72711065644.97649,20293091729.712658,4932970915.739802,72815661.41874595,3356572079.291826,25247252304.50618,590086989.1223502,,5039863586.814984,0.0,254774648.64417177,2237591259.6539345,4628079243.349637,6476086511.261208,5333484654.398145,208234265.46230945,92225297.63416447,7583089812.363719,
2020-12-19,443399267276.8764,75095087629.00385,20120367513.610516,4808212174.239729,77708968.04744972,3372266934.8048944,26296322780.56676,500981993.18398845,,5124648592.017923,0.0,266941834.8281187,2242232953.087314,4761254336.880276,5919685915.591463,5037840782.50806,206345566.73557666,95881537.99689607,7971885334.896606,
2020-12-18,429781092527.74475,74575304994.55286,20056228135.277733,4467702131.77259,79113024.8625208,3283955286.189922,26528677892.29734,492185489.1920904,,5133191974.654296,0.0,261955147.9681235,2229527961.154152,4785926664.190398,5817967747.706458,5086247467.994401,197718558.25190192,98845097.90148862,7232216464.2284,
2020-12-17,423576934966.4241,73206412680.50867,19994596726.948833,4358786912.009864,78173905.05369893,3275300776.003787,26183450958.200645,475751448.93726385,,5086350899.48795,0.0,246910612.29030398,2200511997.8858123,4758675487.440699,5771876885.834171,5128336927.562423,195656401.18183845,90969003.35786155,6674511819.257898,
2020-12-16,395799863745.9665,72436347872.16913,19779356100.6738,4402984094.6122465,83062058.57573813,3300931647.8454247,25817986326.70499,435715185.0449568,,5214107174.133336,0.0,257289971.4994128,2234072422.2362385,4771216325.541678,5792662434.510239,4841047356.588167,205979249.9986819,93251803.93784253,6133693800.38276,
2020-12-15,360614771026.8855,67096668321.69698,19782914876.739697,4266821619.623901,81994577.6015241,3274894699.4696307,21326732024.75665,408820667.7378027,,4800812312.371324,0.0,253888300.79056928,2092917220.5169783,4672343779.188289,5364274272.651254,4623343452.261277,198519276.41859052,93515611.72747545,5380245586.557718,
2020-12-14,357432550019.95447,66708003325.04708,19833641700.047424,4336468153.843549,74028444.08998717,3268970946.552653,22598131537.490276,411966097.7941847,,4915534755.178517,0.0,241609020.2692209,2084440133.7464628,4348029101.381825,5143754530.265312,4715343817.168876,195593603.97912854,88213761.45453334,5443275105.024973,
2020-12-13,355479173805.69794,67115726662.02899,19834034804.90631,4202475238.8536973,72419789.50182986,3241732105.9813943,23222510728.938446,415120509.7089851,,4790208946.241263,0.0,256281696.83193043,2091318238.658348,4339944731.179011,5121143076.237504,4996626295.83972,187386361.85747653,86603929.01408605,5418690204.454722,
2020-12-12,349170613898.91974,64706942225.99528,19826181940.14135,4067131458.549537,68971785.3475111,3215393827.283072,22992625206.824287,403248566.9532977,,4494503216.934146,0.0,256525881.30499,2047485924.837956,4205469339.999485,4978896919.528898,4803745889.98605,180795680.68817705,85499958.88979977,5068283240.049376,
2020-12-11,335326168918.5213,62108208317.23196,19778053308.171417,3951108419.3336425,66829092.5972278,3136265939.117368,24812540805.247726,392459836.1622312,,4338604376.065342,0.0,248953415.07304153,1993470438.3324301,4098623897.765766,4822735475.576795,5173640423.380823,171716402.73072848,83728003.18367906,4762563166.389913,
2020-12-10,339136939585.8366,63680254164.817955,19758499141.0634,3999511565.0234385,72823506.21677381,3081890246.8845024,25986225091.12954,395706347.8861124,,4417795609.796689,0.0,242558705.59853622,2016914491.4785883,4253982260.623601,4946170335.569668,5336371894.382227,188201220.54570207,85031232.51560648,4943203900.118415,
2020-12-09,344486483494.44324,65242758700.21787,19721357389.967926,4062056065.459138,76902163.1339451,3083762658.2595716,26468599510.32069,402483349.518502,,4609780640.808882,0.0,250966258.57822964,2057347633.0984187,4309886799.19167,4996680308.855715,5210062237.255029,196411387.758698,86572440.97356561,5113163503.180934,
2020-12-08,340148764251.7229,63113292236.578674,19707994301.636223,3990863861.965324,77043677.15978801,3057541919.982277,25345915392.645874,405143760.3333905,,4384632223.595989,0.0,76257605.83063234,1995637680.7265205,4194935616.2585196,4974844503.586064,5039284342.572916,183438908.87914893,84237692.58610922,5068820612.271369,
2020-12-07,356293229783.3031,67315962016.450554,19693247297.502926,4242395534.3263164,84715589.08777982,3054758318.4260406,27605614509.29853,425868467.24829906,,4795379168.492398,0.0,83107006.5919141,2172479388.3359942,4483466813.143205,5278553570.512678,5513160958.953276,199175857.13549414,91867064.96826006,5522332007.81458,
2020-12-06,359123541247.0556,68452719868.01412,19683467750.662285,4265885902.98676,85784205.38624497,3073447381.023419,28100510377.077766,431691745.8955508,,4942739300.766465,0.0,88190418.34327628,2216094907.470446,4547051375.878827,5324074006.721078,5518149573.581183,203741451.3272049,93116683.71329574,5517178550.559272,
2020-12-05,355563938256.3379,67840334209.490234,19645340054.118454,4293133190.12281,91545972.56905606,3037637283.8580327,26494306275.881474,432723096.4225327,,4967663075.752397,0.0,88570589.28226466,2190796285.6375375,4592436805.221747,5378704201.91107,5282299529.74034,219128421.47709742,93887274.13741004,5487737378.020776,
2020-12-04,347111351136.32855,64734997134.67744,19537072294.68538,4198217550.56075,85864512.07327235,2963592089.8754344,25263077880.32509,420098205.8294768,,4612149973.918258,0.0,87002660.640079,2117745617.8273437,4453957345.832884,5218524245.228946,5612150332.663696,217414577.45800796,89784765.01980112,5282368906.171596,
2020-12-03,360933936016.877,70110808537.54408,19466986494.603622,4433921193.747932,97172886.1917887,2965255277.8051853,28627830442.4156,436544288.33300114,,5109042857.178625,0.0,93637081.26490557,2267376429.3277392,4783391737.298509,5433657198.332483,5275744093.411692,227542778.86638787,98991970.06475765,5881242129.662903,
2020-12-02,356381007570.9198,68015797685.32552,19417653464.124672,4375137745.144314,97869064.60978007,2958068729.426449,28555757296.387077,429717481.68017834,,4933112086.35162,0.0,91419743.48656134,2235487388.1141553,4829741979.228194,5469759303.657865,5159532581.193696,231419613.81954265,91984695.64764927,5864578837.466862,
2020-12-01,348976597317.84424,66754367842.12409,19379236733.98196,4347836463.326504,91432079.46291865,2975385310.80615,27786451402.354984,424620891.4790263,,4853014491.5149765,0.0,87693301.65889136,2169664590.852571,4497421388.966297,5355824045.624572,4927526433.766104,208746440.70179507,89072515.19084682,5638149877.7963915,
2020-11-30,364229729425.8729,69873714778.47928,19134597303.724606,4533324240.434001,90995987.14086118,2963118009.4410486,30117263915.704655,452099967.0137515,,5329823912.185844,0.0,90317387.10006233,2316049519.7067347,4741608245.812171,5881369223.126804,4948525350.729733,211891525.7343201,93075968.58253048,5778622121.886105,
2020-11-29,337336592123.068,65424084296.28932,19126891187.766644,4349179640.903686,88124520.17567424,2964393940.4857416,27492190917.67626,438924851.9554455,,5184554213.26108,0.0,90755633.80750412,2199852493.6912165,4576446420.02794,5277249777.39046,5611825848.51617,199784685.7435489,89713303.2159541,5227758601.743832,
2020-11-28,328782832211.7004,61152393529.21103,19057337380.31265,4208572005.9738235,86918647.19802547,2967986028.700244,28370848654.35165,433416826.0810328,,5127054700.151977,0.0,88800322.53040001,2180939689.8464713,4319975483.845871,5121547317.416163,6146880910.853429,201236862.22895598,89207421.33695848,4795595984.010633,
2020-11-27,317464460530.40906,58789344388.97764,18980402374.066124,4112003793.787824,85493469.70235132,2903445285.1417937,25361792213.463177,416865855.9949504,,4387736333.179027,0.0,88007729.57946928,2104138492.4882329,4215509965.685536,4923986044.6612015,6009223002.000662,196250264.681103,84235348.16706014,4559668328.37306,
2020-11-26,318231964319.3874,58930920928.50098,18996225426.831745,4072974928.091158,87568856.71760666,2893029204.9162273,24171460090.04543,413589433.10318226,,4302273182.797306,0.0,86428904.1744714,2105884237.5416102,4234022690.903576,5026985557.19577,5684167330.60748,198118137.89657545,84591548.77624762,4674081621.0169115,
2020-11-25,347558803507.37305,64816875592.54139,18655472842.890385,4526129072.460841,104457114.39952429,2871209648.768214,28818036071.409245,474231349.152897,,4827479499.671019,0.0,99212823.5803404,2372350004.147361,4677929616.075306,5812255420.612589,6042706777.251912,218033830.0193422,101318697.05543645,5400000836.8602915,
2020-11-24,354504361032.3469,68580780139.356224,18650896567.340897,4881396848.165711,104362814.63683279,2853387869.96709,31385647147.601135,534864218.3075415,,5174709739.189588,0.0,104540663.39304532,2512910049.0847993,5046372834.729324,6421991119.746821,5539935066.309391,244473967.41858527,103070286.24052197,5882460030.484563,
2020-11-23,340698070308.13434,69089845802.23105,18501087257.62985,4471602512.4323,104749492.89621204,2863280574.4259906,27842882654.887413,464109149.1346353,,4776075388.217568,0.0,99676496.325097,2269642627.71576,5201454892.916679,6002142777.148834,5346718844.10509,230404162.94903105,100689833.52586354,5870816228.788654,
2020-11-22,340790183317.33075,63361036975.498276,18454866337.440205,4321376636.120821,98697801.14056186,2874006400.014486,20112122023.927917,423521332.182202,,4503848489.4599495,0.0,95304235.02696902,2056592720.8139257,4825834134.067941,5332294479.067812,5335380994.325051,210906879.36065605,90568080.34506662,5452444708.326938,
2020-11-21,345819234184.5931,62379287098.845634,18354801631.80425,4388701800.483078,109362384.71981557,2838032230.108703,20775895361.257893,446026142.964531,,4136248610.8299804,0.0,98045474.5442057,2173777674.2492447,5060561831.851377,5609451635.808951,5198675835.94656,232738591.70263016,94002481.11803973,5696028601.221596,
2020-11-20,345411881099.1716,57860686203.59356,18194259218.045708,4172193980.458036,96196099.98011884,2801885852.3876796,14870727963.446423,379556538.31162006,,3678295392.047858,0.0,90909819.47673406,1882466719.242144,4602682307.35813,4808914195.0397,4942005573.659894,293093201.08532035,85020811.21572335,5444339641.537799,
2020-11-19,330475167134.4854,53528035617.425156,18129139981.50906,4056972965.460304,95341921.8742907,2787373041.403926,13769136634.318945,370193341.8557572,,3293756212.9132843,0.0,88861608.15827796,1848985018.1310887,4182706632.093557,4574874529.54686,4757927484.110443,264148573.3743123,82177603.47576863,5384471724.207942,
2020-11-18,330218014062.15594,54412825617.026535,18025791690.221348,4054382128.7204056,97099240.81477468,2791331389.380975,13336525349.635393,369897280.25179714,,3310449576.935191,0.0,91842685.72947566,1922056746.2265809,4113722907.908565,4590525422.02352,4936577001.61296,260191564.46565393,81326511.2159049,4857299278.1497965,
2020-11-17,327257094857.4363,54505786216.15968,17964515938.78014,4120003068.8990107,101100127.91945642,2778032395.1404305,13707610373.6767,373272246.67927754,,3409932700.1352286,0.0,93878321.69354814,1896714725.5287263,4257774181.9348955,4741950769.769191,5045766667.731533,290239899.891117,84182148.47848319,4998932617.319104,
2020-11-16,309889423249.1071,52182517296.90649,17874210106.658726,4052641542.4454055,103541326.05497044,2824323545.473792,12942110144.060915,366863172.1533015,,3235940749.2962365,0.0,91058079.65717904,1834207801.6029918,3941257093.1834383,4646082536.574378,4863810509.33452,270966416.3781232,79024867.74345084,4700142572.365275,
2020-11-15,295790551597.8903,50771836456.38847,17878397979.392868,3988657963.4652233,93803903.71451163,2813598347.1851482,12222354606.184477,352792281.32812744,,3127773189.393326,0.0,86646214.49902835,1820797810.314501,3847021230.326702,4482952486.658754,5014273699.375614,258468854.9308714,78316794.71129632,4103576321.187343,
2020-11-14,297877068422.63354,52193800907.034645,17838172793.888126,4034170650.301622,88007184.07888201,2805595743.4794054,12163467828.266062,352447343.48289007,,3241970358.2265577,0.0,85761889.53950219,1805145010.3222075,3921402330.1187606,4750190502.328839,5090980019.64853,272246368.1631501,79697947.54079895,4201549257.213449,
2020-11-13,302505533181.2506,53829432990.090485,17703110177.84804,4069690555.020278,92772231.89432384,2801993178.9186497,12020596203.745163,358567478.46274483,,3310080126.3684254,0.0,90596119.99321839,1820495858.8446288,3985281155.5457597,4813176378.225168,4901987589.907751,281154314.4699606,80488667.94909802,4311996164.090418,
2020-11-12,301736853824.6971,52278353037.571045,17560143156.830807,3987759262.99883,87162760.83472751,2799731061.65586,11550299326.206985,353134918.7793096,,3252034178.279824,0.0,84014012.1584448,1786985062.1735015,3860331526.226348,4825017496.817176,4954958452.662014,246466037.03967872,75459096.83560751,3976146556.7513957,
2020-11-11,291077214051.6671,52493805531.739815,17474058290.42044,4037055488.8142347,91879509.07207444,2833067610.683625,11611751579.30805,351821930.8715636,,3296832658.6955705,0.0,85366716.90270837,1795357310.1021101,3910436471.1621337,4774643083.217939,4603065619.656638,150802315.02023116,78991786.82668567,3919710178.056195,
2020-11-10,283468380961.4247,50981825541.89314,17360230053.75997,4071303514.6008544,103163301.09022862,2828730661.135317,11505347386.788982,349808435.4858236,,3291865465.200825,0.0,87860485.04471572,1782290242.327497,3764453583.9183083,4778682176.837778,4744341015.046334,165002217.8088215,82377528.74934193,3835152414.365044,
2020-11-09,284236108837.2787,50350406402.27335,17272054595.00767,4045986039.9616256,93091959.13931833,2841229586.50491,11362000766.59982,339114621.0822628,,3276933037.1659513,0.0,83719561.98799875,1777939805.3880048,3706261141.4633427,4901544311.935298,4291961276.943334,159645480.40329453,74381821.3570407,3908932290.415229,
2020-11-08,286955182899.01483,51408911249.96529,17210335408.891277,4087444399.618789,98950578.49222584,2874233151.034807,11506594736.946142,344300015.1446866,,3317245142.7846866,0.0,85176646.98161143,1817653512.396406,3727855175.858209,5026016750.945957,4089645472.138213,142558751.98292786,74650985.08129805,4019845346.338907,
2020-11-07,274970333139.98395,49380744877.99334,17153778949.026491,4005562956.2341857,93232781.91859989,2885302510.856991,11309192154.09268,339187039.89303565,,3154155666.944007,0.0,83383503.098373,1785736106.1814914,3616897050.2414966,4708150125.157875,4056223427.584125,121866215.44973065,68285275.47358868,3893544750.7516165,
2020-11-06,288526920959.49664,51528636308.39724,16990926302.031181,4190389442.239843,87809005.86384876,2854072854.5754743,11710770062.499935,350479043.7578316,,3394525416.590058,0.0,88084417.44732708,1867819426.3078048,3904829691.876525,4784587853.352322,4216557628.28966,125598213.17755093,73578274.23174217,4155585901.868711,
2020-11-05,288771509680.94745,46916321971.21267,16865673902.000303,3996575588.422775,64476759.51742544,2871663193.093929,11129902602.560293,332278228.0531647,,3017735497.246297,0.0,82276015.79996859,1788733374.9507701,3611129170.0172596,4632655814.973215,4505164094.002379,121063233.50012162,63935603.33237573,3862051531.9886775,
2020-11-04,261954213176.1068,45559668259.44851,16772875579.650864,3889087337.97348,63882412.77078965,2883082202.978819,10768360114.790203,321632248.5018243,,2967168445.3105264,0.0,78023509.26287954,1733911418.5449932,3494221350.355794,4476173288.446899,4381844694.709441,93420718.08836336,58123448.34222203,3586579398.228753,
2020-11-03,258541441763.9419,43907159817.48543,16707324624.758764,3878334076.9999185,64772687.2743289,2915440815.599354,10846131389.302843,320878482.0665725,,2906977496.285339,0.0,81652299.88684013,1749658351.4571962,3432306461.9563828,4531948285.845138,4334092396.193697,98222231.30591515,54398799.18537069,3541432846.6257386,
2020-11-02,251119864445.3435,43398380100.69452,16678325554.24223,4026622517.1934347,67496510.0918503,2930293204.592356,10660940810.12652,319510587.604291,,2866799007.4321012,0.0,88785916.44155884,1750863167.6320024,3436367636.440123,4774046041.272823,4387880069.3467045,106092753.47601175,58550274.07339627,3540884990.3122745,
2020-11-01,254569759062.58606,44888307221.40616,16660908761.148214,4110036786.411451,73254104.4517357,2928676111.044048,10859147268.257517,327678834.57824594,,3055149296.555805,0.0,90225257.623674,1843620256.3425765,3602960876.341059,4966023215.627303,4464458197.875323,110923368.56484078,60344683.14230055,3656933388.556757,
2020-10-31,255372071116.27853,43776829150.3753,16657642843.100561,4105653935.43032,70546511.16326353,2925453141.18166,10856735912.242302,326906027.3406373,,2895202549.0891256,0.0,89385018.26077695,1846637655.6037838,3565574466.3294506,4858164160.093976,4663923833.234535,110811492.40678549,58694024.31034499,3656741432.0566707,
2020-10-30,251018154919.98657,43344676042.68595,16547512716.495634,4116801767.4675393,65997124.65947093,2879376697.1447067,10831358981.414558,329715648.7878964,,2904936834.2005963,0.0,91015970.98518547,1836361165.8654375,3485720265.4840994,4859229015.535353,4575920267.899764,110464387.30927357,59502239.43650919,3540959118.328405,
2020-10-29,248995322466.39035,43782246356.04649,16500217957.994215,4309449683.562912,65429707.3741233,2882612408.2409983,10967740783.514936,327434298.44765127,,2967374455.8392196,0.0,92495145.3331795,1898241741.6479428,3456075112.579127,4956006326.463871,4724299097.689582,120679159.87579595,59357242.08896449,3601801225.0785794,
2020-10-28,245899824464.83194,43994384279.67717,16447158496.790133,4384689479.03671,68228554.8641858,2840148630.661069,11129335087.905058,329216494.9220163,,3079412144.268324,0.0,99631855.96440005,1924208857.648188,3721889676.07034,4982423853.214483,4946328238.14322,122259526.90599398,64531336.05101547,3665696641.367097,
2020-10-27,252985946389.91595,45726046137.41053,16373107903.082918,4568839011.4333,78274491.4004513,2809765699.0672135,11447769074.001621,339540411.6086209,,3199198207.588197,0.0,100994953.98261252,1932042080.198004,3993760876.8583674,4908878083.259146,4725750536.333207,132476901.77280162,60737294.30053411,3801761833.283268,
2020-10-26,242250997935.6733,44576504573.78982,16342404839.068218,4498922938.857936,76302194.43703932,2779510837.9939065,11257120780.490328,339741433.45312476,,3207604424.0541077,0.0,101943836.5793372,1917720635.3166733,4030479549.80599,4820377789.137548,4638545710.617687,136291177.06766224,63666143.56176477,3731081184.048111,
2020-10-25,241425217439.91174,45966378924.705185,16284768872.04072,4347726477.274502,80026191.61112621,2808560799.9063277,11457404249.950083,336485099.88876003,,3308833126.522597,0.0,101753648.7265191,1930173253.4945664,3696424431.5833254,5029772217.408977,4197693181.5635977,148009228.5583293,65752347.28708027,3857572662.5518584,
2020-10-24,242839876186.2097,46666915712.11682,16251194774.169117,4417226481.326643,85116777.84839806,2785109253.7501554,11602995674.249342,335479644.1070905,,3362485521.7803006,0.0,102647637.89540555,1938428784.6734571,3713574040.581557,5104525920.949784,3837927712.2915134,129246550.09666182,67735612.4812321,3884856116.878049,
2020-10-23,239557562148.2678,46356841439.75874,16146334297.81952,4423744907.271441,87263476.2003648,2754821520.3596916,11532775250.208609,335619977.6497823,,3362726011.2357264,0.0,104421591.56345294,1912679979.4431748,3638119606.107328,5015085466.173141,4229424990.9938183,127363859.68680815,65275381.44633088,3630921271.9141626,
2020-10-22,240166387521.54385,46795599920.856316,15914538959.714104,4427243882.1099825,86579897.07269996,2789214320.5768843,11620035568.94094,336576291.8191243,,3440161415.982079,0.0,105703310.8649252,1937797242.812395,3639910111.755866,4943566702.090927,4227260784.655562,131023379.88981631,66670076.53528113,3566118639.2173357,
2020-10-21,237532386962.5129,44354670581.87589,15926349868.977163,4299323299.760201,82745351.05974524,2789112725.7577033,11385086697.292406,333445208.4591419,,3303738303.2483525,0.0,97165986.72321923,1914791472.4475703,3530916222.939353,4795686148.59487,4138607215.3952837,122659337.17033373,62758735.47244172,3485819576.4155307,
2020-10-20,220721282864.58752,41745418861.36119,15873010885.762552,4159406132.1842637,82671092.68542057,2736393044.037736,11021199802.708344,329683335.3029492,,3188834000.9926724,0.0,93153936.18327752,1863987597.0052907,3334145297.471872,4504795531.898565,4125796634.325934,118227217.01322405,59880139.96169568,3091763885.853755,
2020-10-19,217482407293.08884,42961460205.991325,15846170307.774555,4321376044.761212,89572373.35173108,2737305376.7326875,11129415716.414549,328231585.56338733,,3381215173.6875296,0.0,99232630.56261167,1853158416.5204787,3402569424.4892354,4650462965.742723,3758213256.9598923,139965176.7760017,62073678.60756262,3160267220.3682775,
2020-10-18,212682581771.31262,42761561163.7144,15829362025.293476,4427436309.496257,96370525.3833067,2728528052.256558,10960191725.390621,327781394.8659959,,3341113201.2310023,0.0,100843508.9686541,1858579869.1596816,3499821171.1018953,4633651829.094314,3832188117.1331205,152435243.61880016,64688430.73933447,3128435828.2848725,
2020-10-17,210353665235.45236,41698592885.62688,15817975340.830006,4368043546.074109,95830287.75166795,2706462457.7176194,10901642738.575357,327064295.53014594,,3301145173.3464,0.0,102802212.99977997,1844971633.4240828,3382668460.784038,4568614422.931913,3848406730.3291855,141323981.7804989,64132413.06032132,3090962056.902598,
2020-10-16,209676088343.852,41396681082.8815,15787627470.499859,4331460193.133047,93547686.544544,2705184599.290775,10879589586.902977,330951792.95281756,,3237674829.4373426,0.0,98991765.5937469,1844452032.1206157,3333451299.5383964,4642655421.45448,4008518102.466962,142963491.363533,62257581.34889895,3132624928.4870286,
2020-10-15,212873103428.00137,42659015495.38777,15762741555.45492,4519328172.90324,98642537.62742521,2724050018.0667534,11125383615.142073,328454704.71453774,,3317690624.5872326,0.0,101120150.17385152,1901594818.0214753,3493136395.141141,4847538310.705609,3796592354.9247856,196833413.32172883,65849163.78880483,3250355735.7483544,
2020-10-14,211643390713.38098,42884585295.289,15759653344.093445,4463912579.98753,100565804.44055878,2749519813.5333586,11284082016.773092,334052394.41114384,,3338272775.842133,0.0,101676366.58035868,1922428036.9381578,3580365245.434826,4805559293.266943,3683677565.636831,2073694701.4970412,66022717.93915038,3273382395.1583743,
2020-10-13,211565586739.30667,43072303017.794106,15758961791.169035,4434255413.533393,104488549.19119287,2777548860.256278,11595093664.820637,333761625.132713,,3386661063.5932035,0.0,109957317.81960118,1919617826.0662181,3623241282.4481525,4701407868.4493475,3621415789.0083914,,67794746.41655897,3279211860.113774,
2020-10-12,213950143824.2092,43805601681.190834,15741941344.460646,4435401469.543054,109780567.40641767,2841909427.440396,11581733743.47534,338543786.92822355,,3423443431.927084,0.0,108185624.13038261,1940700716.209564,3683393732.5923753,4446873707.646999,3328086360.1126437,,68585487.73790082,3331555081.398918,
2020-10-11,210766812992.17508,42376475414.90144,15733015683.471674,4123613064.680177,102970675.76628862,2857374683.326897,11548868315.397406,338568240.9594277,,3314647790.9643025,0.0,100349043.84364405,1896631752.6101155,3634122785.454131,4443974743.017768,3135247607.0872707,,68152702.56100978,3330028818.1888967,
2020-10-10,209130239494.65012,41899893524.12289,15722861219.753746,4088508779.9599485,102101819.79891624,2810756965.328205,11484360136.813892,336111689.9837058,,3267585277.1235747,0.0,98654260.13764963,1889672224.6131914,3626272561.8142967,4400255413.426461,3072745063.1766243,,65681065.15193111,3211040248.043339,
2020-10-09,204827451843.37863,41287658659.50327,15626233374.70209,4107649099.676693,107778851.91582133,2810914392.247467,11448242391.1727,335821979.74342185,,3171149839.7083225,0.0,103764967.97635552,1879134843.2091277,3634383221.17195,4400817645.787662,3368295928.9975557,,65248597.146068,3139276406.439705,
2020-10-08,202064144550.3406,39608808456.55196,15626913774.439272,4000828629.2285385,100368606.7828738,2769847167.0728374,11356288255.780188,328573194.86756176,,2991528631.7565627,0.0,95654837.16992466,1839546793.3562002,3498108576.119667,4331195936.08605,3291718470.7966337,,63483489.80781366,3098565932.6140256,
2020-10-07,197485816054.93155,38592810957.35199,15618158870.881723,4000760078.8379126,96678235.2477901,2683950703.767137,11224598913.812586,328490146.43562365,,2918360588.485111,0.0,84447047.34615561,1825672962.642066,3290194893.422914,4139141192.312957,3256572642.528471,,64730959.47907416,3061759912.5004106,
2020-10-06,196281911458.15378,38476195645.38716,15607910736.775969,4002159704.08625,90716350.09490736,2666260851.157685,11080168289.029102,330516077.4635754,,2887475829.7984395,0.0,86672616.27598791,1833073188.6961768,3202682677.053952,4078862528.1488657,3228646739.2935877,,65519001.08377297,3017134336.641695,
2020-10-05,199769602127.94168,39954971652.353264,15624445457.188658,4138562603.20939,110119117.58235022,2640898058.0301666,11327476372.691938,330595648.8938459,,3034839678.558669,0.0,97461487.01487541,1894882100.9868045,3557842898.4826026,4116052511.2475743,3377466761.667537,,71917535.45299014,3041609177.876693,
2020-10-04,197468899356.86166,39794771395.67335,15596092060.182186,4179682322.5648713,104250459.1504476,2640169978.240023,11186060597.612612,333407496.42572874,,2997634376.578529,0.0,97047186.38243811,1889047249.5994182,3558875853.0090723,4103661521.5589857,3447923596.6662793,,71005061.06920661,3065363622.3814263,
2020-10-03,195233191301.2567,39106512853.707,15597181834.813175,4072598560.5178576,104274635.61227962,2631826662.1805224,10520051301.882381,328808013.22871333,,2906296013.600637,0.0,98530658.7075215,1941389684.342166,3470315783.6107564,4056607509.431921,3540255427.362584,,70807069.54435043,2989719910.8938375,
2020-10-02,195716085732.39615,39069960289.619,15556085822.468504,3940231193.5682025,107500110.50109477,2541975629.8322735,10573305365.063187,326820338.46076506,,2890990819.387555,0.0,96215332.06195498,1857532430.0863202,3515619342.004152,4077875839.121765,3616745327.8540463,,69747100.60684969,2946294542.4405446,
2020-10-01,196512086756.27814,39851388059.37965,15512206826.403526,3961356700.5379853,116403066.95333205,2513034485.498812,10759891552.583754,330888014.26810485,,3044828930.932634,0.0,101701709.44411846,1834187058.6130407,3703757887.077122,4214781531.1064816,3769177910.860306,,72446320.69470914,3037112537.9449024,
2020-09-30,199556965503.7717,40606130497.96264,15522531377.895573,4229794764.183258,117178459.57132548,2526168012.5864987,10913203938.6673,332662363.6317093,,3144283757.419978,0.0,105902382.5965933,1867372298.127806,3708830409.386106,4225442430.224302,3619580603.737574,,76925913.43791147,3040608727.791305,
2020-09-29,200660083838.7249,40581050364.06368,15473744247.968449,4165115470.3549457,117872307.03014542,2538586973.3489923,10976092169.161629,339614378.8248438,,3147982046.2976336,0.0,101502296.41373207,1884650071.9877048,3837300168.0152,4243252782.4622655,3748977402.457147,,75101155.08064657,3002587743.4566445,
2020-09-28,198154065044.1842,40057637361.28107,15405393593.35878,3896032265.1877365,116996606.06382905,2597507642.3411775,10916733254.607126,335353893.54769427,,3132013925.7848434,0.0,103017676.79266354,1885290201.579369,3749825720.83317,4190734725.665852,3436116830.341552,,72090627.08078597,2973353460.020346,
2020-09-27,199357967522.50534,40309981003.8054,15362440714.900066,3783338709.281715,123455190.65342163,2533182719.967625,10947604292.048368,340381383.02873176,,3151289578.8580637,0.0,113325620.5743547,1905348243.372821,3675151411.956258,4239832482.0234466,2695790565.3568854,,71263900.58713987,3021254303.091296,
2020-09-26,198893019773.83698,40085290850.31678,15300612698.871141,3786510684.071302,121440587.25937828,2507815540.312702,10920765622.537945,343387129.3116576,,2973219789.62143,0.0,111211589.9854727,1952823567.9306388,3707023756.0355635,4114325969.011343,3067464620.262,,71992745.60944921,3027273265.13885,
2020-09-25,197809986225.92685,39707914545.58389,15242978801.8212,3561555010.711188,122206478.07352893,2506048554.7256184,10910028142.4551,341120227.96687686,,3013095545.860658,0.0,115450839.62972882,1945600040.4717822,3769516670.958218,4013733201.4770446,3065979265.573,,72820162.5431056,3020217185.7847567,
2020-09-24,199045623654.10297,39384347821.51636,15239941761.532713,3554397705.569784,118764707.79699808,2458968632.7879357,10503396315.990017,332209044.75127125,,2576629223.7008243,0.0,111880746.31788824,1876968960.870905,3736279268.4642587,4008954696.588207,3418842856.6985,,72217687.717801,2951298283.735987,
2020-09-23,189529920746.46765,36196531454.27133,15218786101.825901,3300697549.5367,107545200.18238471,2414047115.1618285,9976501614.778381,323599428.43706936,,2388284815.7629375,0.0,100902481.23141676,1781397145.985433,3437376885.779542,3851850082.122919,3551547041.245,,67357545.4684624,2821103400.143257,
2020-09-22,194932197947.436,38830213877.7743,15233945625.1154,3480304977.41789,110493813.334531,2391425432.4291,10526490794.907,335642709.065402,,2543566501.55467,0.0,128248483.39289,1794637800.01586,3559346334.81572,4076131184.44589,3528574724.99,,74726366.3331316,2918394264.08898,
2020-09-21,193514327128.297,38519366614.9833,15243875313.1331,3360034461.39314,104757856.3029,2392455438.74641,10468793070.5235,332359049.983079,,2502302450.30531,0.0,0.0,1791400335.75126,3491249077.07478,3955180104.81239,3846108077.28,,72063451.6147247,2842432912.05603,
2020-09-20,202308927892.353,41812641074.3416,15238740759.8183,3811197211.6586,107361555.128177,2322713231.62393,11113896108.3598,350976930.950444,,2782473260.43083,0.0,0.0,1932299456.72105,3983952931.6032,4193940565.36559,3766635593.91,,83526076.7011117,3085167468.42381,
2020-09-19,205185696336.192,43440360814.8873,15228650868.0355,3935239344.36915,113270346.303239,2283061091.10545,11337877219.4206,352928506.899833,,2851669375.23802,0.0,,1990864172.55373,4199640090.85282,4327324183.64659,3842353946.305,,79543018.378512,3188069966.8442,
2020-09-18,202405809880.581,43302193327.1808,15103276765.5158,3956664774.97336,116227097.944417,2174402253.81038,11292428408.4428,354211095.995222,,2833753910.03528,0.0,,2084506925.15055,4472788248.79357,4337851406.93559,4241852740.055,,79989211.5415553,3173679301.32408,
2020-09-17,202475761712.394,43821351213.4089,15073198578.4959,3897985086.45688,107424214.43618,2105065446.00073,11359386614.1232,355350720.155226,,2931310016.22197,0.0,,2013917882.91188,4549984896.08848,4318353227.07845,4197741154.11,,77710536.2919954,3200475070.02543,
2020-09-16,202942925722.083,41202147932.0841,14999924553.4573,4038270839.012,93917562.6875188,2072382608.37723,11163601882.319,356864047.542933,,2851444344.37061,0.0,,1898583126.17537,4331724982.68753,4292296919.31405,4469160914.155,,75526799.048719,3138328709.33019,
2020-09-15,199641896761.512,41087642852.7861,14945264815.866,3928203642.59658,107710516.414547,2053604297.1439,10983553363.8706,357575916.44994,,2908901261.97714,0.0,,1999410433.88418,4344841940.61479,4363536397.36349,4375523796.385,,77989213.8783877,3167891971.45301,
2020-09-14,197484272946.612,42482307939.3069,14728290333.0267,4502400573.7189,118987736.46406,2016445229.99491,11095132155.3784,353858513.198275,,2508929771.33929,0.0,,2182192407.80209,4560564713.56071,4189890350.45491,4392959562.355,,76600189.6757999,3213367489.559,
2020-09-13,190870759062.079,41160025962.3255,14697754457.7191,4485069874.89374,113349810.373631,1994741743.37164,10883759100.8525,350476175.953957,,2459337148.69043,0.0,,2191568821.28261,4517285669.33471,4107511805.74398,4332052447.555,,75365115.4489236,3145983705.15438,
2020-09-12,193049493276.593,43588199421.8177,14702420808.5396,4119897327.78453,117103942.771464,1954647247.47582,11154409007.6703,355828180.109679,,2530438657.18678,0.0,,2346750748.69506,4380082750.89405,4264106265.49392,4124761105.255,,79802242.7355294,3325687816.74595,
2020-09-11,192275791668.534,42177302259.4925,14594441178.2765,3675351150.29834,120434613.072138,1914163368.17173,10950852982.3244,354191865.882438,,2514641826.05188,0.0,,2401224115.63843,3961031724.18101,4175833598.80087,4349302009.745,,80655871.3852727,3212303729.08565,
2020-09-10,191568387061.555,41430053162.3925,14452950930.6986,3546608927.29974,120996908.90366,1849355010.00232,10961584883.0421,354031943.402211,,2518960461.07679,0.0,,2370301923.65519,3906477359.16521,4215911572.01591,4519805323.985,,77877012.0934844,3187527096.4291,
2020-09-09,189325507175.126,39512826169.5128,14362185112.645,3542334927.67196,125895646.215421,1833586722.0804,10785112204.3713,350691173.953314,,2420254923.38504,0.0,,2438215516.46233,4015065990.6637,4159480933.87737,3714015162.41,,76239422.9122837,3133588725.4696,
2020-09-08,187267336727.676,37988119626.6691,14214715951.8366,3348824082.8392,84805195.3148526,1792973166.63531,10656568300.7491,347692949.97545,,2359641180.50267,0.0,,2508169832.62657,3644492936.27343,4119692455.35137,4372503210.18,,69045887.5622128,3099602851.00571,
2020-09-07,191657203885.383,39679199319.9028,14153158067.6894,3233740277.02873,99856838.0760455,1769299040.67322,10900539862.7601,354702877.014839,,2419859105.42924,0.0,,2312921523.44703,3917633675.14744,4231891588.32622,4205837224.645,,71251914.8923506,3189892799.76454,
2020-09-06,189997214393.289,39751917522.7842,14167651778.6069,3348883883.93509,103685156.764957,1727361030.72075,10835602512.3036,351568868.167265,,2412763133.86814,0.0,,2258950779.64072,4092255324.15976,4228811551.55191,5214088926.865,,71075529.7716607,3142675721.58963,
2020-09-05,187940141275.803,37710860057.8221,14092690948.2086,2812861769.14381,87285369.2146955,1693485927.76907,10698811447.1253,347914351.368353,,2331449997.91266,0.0,,2149577199.32224,3514880375.0138,4170251808.41421,5642522358.41,,68160318.303954,3111962364.73983,
2020-09-04,194255818703.632,43665020996.3354,13982320498.8201,3040639910.99084,119132915.465114,1651416929.57291,11517592373.2332,365578053.205988,,2656099876.11921,0.0,,2552524882.57094,4387757398.22662,4291714836.81764,5497970695.7,,73608232.6952015,3309267725.93989,
2020-09-03,189322069063.343,43370721325.6821,13827028753.6795,2977646778.52684,117631513.488068,1585650699.67726,11098891750.433,353407911.686784,,2492979309.39977,0.0,,2951805243.81251,4900906249.03192,3998851864.80843,5765537479.135,,73364878.2765807,3123351779.28933,
2020-09-02,210909793680.913,49478789434.873,13648663243.3196,3565450183.47996,137185056.897479,1517343080.94205,12443862450.1768,393723629.528822,,2997504254.86297,0.0,,2468726552.90622,5234800947.37602,4888043309.8526,5798477338.99,,88942378.5328352,3797966399.85821,
2020-09-01,221181001606.839,53633933560.1349,13483837146.3186,3584473533.93519,142029235.639603,1518200791.80127,13304778880.7613,410502858.905674,,3251530867.52264,0.0,,2476052862.26454,0.0,5417103332.70537,5304621210.14,,96896574.5149255,4110169775.67812,
2020-08-31,215817677821.857,48909170051.9544,13368167895.7806,3349228654.12054,155135267.461776,1477273806.54508,12678006729.118,405995488.780816,,3180947691.0941,0.0,,2099451707.21975,0.0,5080476441.91545,5074198792.145,,100529062.653159,3994085079.55646,
2020-08-30,216373660045.36,48151884394.293,10009950000.2087,3414480811.08244,143848364.09318,1468810608.14238,12735064439.1581,415967943.031652,,3044806864.84527,0.0,,1931397451.97715,0.0,5163998625.20371,5338114257.035,,102632433.339702,4099231860.24997,
2020-08-29,212583870983.482,44945899479.8523,10026455822.8945,3322978734.03833,128704139.655732,1462877799.79296,12350936087.3797,413659277.462124,,3025992529.48252,0.0,,1794220105.79792,0.0,4976575188.65043,4975883859.275,,104539894.473628,3743728944.9064,
2020-08-28,213231661583.088,44485705031.5215,10018578135.3146,3340674193.19129,130085569.491252,1421662667.97818,12240673038.497,411895611.107467,,2837784381.25371,0.0,,1718466141.01284,0.0,4975587603.08293,5314175856.815,,101412487.406315,3747428403.09445,
2020-08-27,209172436816.551,42992439543.4564,10020277862.5023,3333012205.77097,111060306.36774,1420883228.67545,11901631634.3191,403564900.397309,,2769641487.30539,0.0,,1655338315.35588,0.0,4895213658.04636,5311136483.8,,97192155.675925,3661200919.12561,
2020-08-26,212210534428.287,43417926668.4177,10016747023.4949,3216988911.48796,113824141.563725,1396655207.89965,12485661391.1492,416200661.12694,,2989007620.68481,0.0,,1701684374.19677,0.0,5098237491.25051,5586067184.53,,101601892.978665,3812133909.34588,
2020-08-25,209942744480.573,43135697974.0757,10021867397.9886,3101183769.04707,103619131.980434,1377477103.65391,12490744794.1639,416312715.322817,,2937332630.16969,0.0,,1657663559.52011,0.0,5120717824.08126,4830299525.24,,97658684.0770659,3826259089.19385,
2020-08-24,217477962650.242,45842265022.6177,10017974469.7821,3264433403.08927,106162865.723266,1357585346.98971,12998070622.1293,430544250.892677,,3227620470.48955,0.0,,1803169492.33602,0.0,5389224269.38308,5631954095.46,,105666367.305216,4062179119.33477,
2020-08-23,215439967321.336,43954518396.1863,10021671716.4924,3158293018.89477,104616816.094793,1349648002.86088,12826002016.1707,430026193.951913,,3152604458.57408,0.0,,1753164209.0078,0.0,5271151843.69412,5683994454.495,,95400796.5143698,3958807135.57279,
2020-08-22,215742068894.983,44448918221.5718,10007777119.6758,3211575904.74272,95122114.0144119,1331176243.99877,12878136590.1375,433479975.903163,,3248030060.80455,0.0,,1803205764.13998,0.0,5315400441.19071,5684481092.955,,98576993.8403697,3937965763.03943,
2020-08-21,214082401860.976,43690315907.4493,10043702396.6308,3195571930.44371,92690989.2578399,1335178619.79481,12614593511.4258,427273265.847848,,3208744872.93335,0.0,,1744436133.38945,0.0,5258449751.70897,5846940697.045,,93982318.3146374,3876858022.11859,
2020-08-20,219350310325.759,46751356941.1,10002309329.4732,3334719465.88635,101023083.037279,1302241540.79544,13148988770.0382,435550927.865083,,3464940043.74028,0.0,,1973861702.61362,0.0,5452274568.12168,6581464920.205,,100682177.409852,4110648055.11723,
2020-08-19,217122068305.445,45625864918.4277,10022295991.3593,3221767588.70684,91286346.3844131,1273150065.01456,13044391669.7802,431060773.020062,,3351728015.01171,0.0,,1901641329.03453,,5413313861.41835,6684562684.8,,93849121.0248337,4047380317.34742,
2020-08-18,221413097553.274,47551407033.0556,10025419674.0832,3331052284.74678,103607422.825354,1246911369.97824,13631409331.3403,442352422.956569,,3563078059.42408,0.0,,2063994279.52842,,5625277382.63151,5924251351.9,,101669883.98966,4276903969.70031,
2020-08-17,226261747567.102,48203426750.7282,9999327477.22333,3395013043.41705,90597950.4986745,1215397976.23623,14138912017.3562,452006666.998326,,3653631795.58928,0.0,,2177601319.31017,,5867694770.40762,6064100838.11,,108535094.725815,4374438900.09467,
2020-08-16,219576092170.359,48675162266.8596,10017025333.0949,3393135633.90409,98990653.6220894,1198189663.73955,13632465821.4643,443458494.590913,,3590147102.43272,0.0,,2021333618.75006,,5692960148.47099,5817540005.375,,113490077.035834,4165123797.33015,
2020-08-15,219064372745.259,48560740840.63,10008541471.7286,3324491959.40567,93088676.8213831,1197863955.38631,13460371199.8298,445406226.471791,,3585803602.86752,0.0,,1805876955.62632,,5602803464.86992,4587096666.39,,113332644.76783,3910281206.18459,
2020-08-14,217265120502.897,44230433643.38,10008456536.9351,3331429312.68622,99684620.8277296,1201606198.82284,13492289577.4199,448048011.021924,,3586695887.95215,0.0,,1773606734.53014,,5424898780.55344,4704362411.665,,105898494.784447,3702706246.60032,
2020-08-13,217534728412.949,44230433643.38,10200284775.997,3187853578.57259,64766752.6195916,1180454548.82079,13377121645.4459,442425313.428478,,3662064336.649,0.0,,1619905326.88972,,5537745351.236,4848621841.175,,103064997.80718,3766743819.01157,
2020-08-12,213846666475.048,43855501071.6031,10136107643.5974,3141052138.24952,65004787.9204578,1152688473.23931,12798710937.7143,438341325.955061,,3562335655.07851,0.0,,1461236235.68187,,5317290115.62812,4441222521.925,,96118155.6743531,3585464598.96185,
2020-08-11,210616121944.733,42656945169.3968,10035122063.5229,3069642354.75133,56963799.6073747,1131156086.28299,12777100986.5669,427010939.471176,,3563301331.14391,0.0,,1444462750.00629,,5230864859.24971,3522177677.9,,86822612.1292084,3547154657.20642,
2020-08-10,219235405395.415,44390142137.3961,10008812770.0757,3265580526.3897,54004593.6510801,1121666086.29228,13219165921.5132,440184390.096215,,3729737358.80928,0.0,,1541918650.04233,,5593679750.07041,3549089111.96,,91619411.986987,3801224616.55411,
2020-08-09,215490364254.781,43850292041.2966,10029916687.5475,3245614914.00398,45959454.0071939,1145141852.66567,12949750916.5083,435562679.541287,,3765758411.85529,0.0,,1467055935.28394,,5553014744.13092,3345570941.307,,85503771.3286747,3725788181.86497,
2020-08-08,216924147850.741,44166324645.9802,9999861494.94331,3303750486.93464,42655747.4961301,1144064509.91582,13190586826.8346,441372650.307187,,3779666319.97883,0.0,,1463143428.35461,,5628124936.00645,3437642665.674,,85761278.3571176,3789893300.91521,
2020-08-07,214097928027.496,42538578850.21,10026680974.6492,3221933538.06851,35970036.8564279,1106792797.95165,13219395791.4805,444227232.638681,,3607887749.78757,0.0,,1428782609.84752,,5608990208.12393,3207665484.002,,80320898.7001396,3731890489.2685,
2020-08-06,217377233001.076,44264836294.3033,9999969021.21876,3279135269.50183,38047323.8161723,1090447408.05385,13619582659.2609,447599583.126263,,3734743213.66759,0.0,,1452910867.03676,,5706726474.64805,2895121578.048,,81717812.219801,3856601785.3748,
2020-08-05,216761492405.85,45002213068.816,10029107934.7917,3369902765.04693,30256505.6597196,1075606971.80826,13607350506.206,441575952.078178,,3699659274.7779,0.0,,1465487760.63076,,5442634080.0982,2906560597.675,,80254036.1250715,3846220332.82752,
2020-08-04,206767135617.319,43684129571.5135,10002214391.7587,3217751646.50435,32275884.1492363,1076313037.12467,13480903122.3439,444285518.957184,,3708035529.2305,0.0,,1458423565.85322,,5329628419.69895,2720519334.7115,,77497520.6272616,3749523928.47724,
2020-08-03,207503423455.952,43277729882.103,10012354746.6022,3184888210.39761,31085735.0137577,1077457870.96631,13904732686.4277,425910182.264243,,3560687133.08948,0.0,,1425120448.34614,,5479965917.38136,2595947040.8935,,76657971.8912863,3810634493.54066,
2020-08-02,203936136729.627,41522323563.2534,9976732913.6368,3024579086.60176,30054693.6113815,1087685514.8578,12878374454.0189,419228838.825418,,3461382969.28996,0.0,,1364340754.9623,,5244023472.10629,2490629028.4575,,74939576.2194156,3691130076.1996,
2020-08-01,216950669097.909,43144477508.4031,9968353299.43919,3109135452.87899,26326510.4083857,1078234134.90126,12989037257.5679,463485084.36845,,3722421374.22407,0.0,,1461540770.74466,,5875986524.34975,2528211157.5525,,78647565.8593098,3993808113.86773,
2020-07-31,208895308529.074,38699278448.6592,9999635295.37501,2984615922.7816,26526190.853226,1082806731.25286,11615109241.1737,405228597.920905,,3598615577.11586,,,1410057714.70305,,5552502657.76548,2483454084.328,,75903357.7090492,3778669741.51218,
2020-07-30,204969047788.0,37466380887.3341,10016847396.5426,2889970345.37029,29089539.6606279,1142044573.91191,10966533743.9463,405907619.754851,,3645046756.32308,,,1381340937.33984,,5398667507.96707,2624651695.12,,76544022.9523122,3689985567.64409,
2020-07-29,204761455132.909,35626126751.0425,10023620101.9539,2873053585.06124,28597942.6143557,1161180227.64772,10902698156.7182,400999633.62624,,3626663356.35536,,,1384848244.8584,,5327881679.69734,2680238239.3885,,76366552.3638842,3593728339.40506,
2020-07-28,201290022192.811,35450097600.2147,10006755305.9149,2913192574.9153,30767254.4661293,1163349096.3987,10327622850.3795,401583092.158623,,3852716909.90757,,,1370289569.05037,,5330927673.16447,2601253468.7265,,76741156.6652336,3619587263.06514,
2020-07-27,202719581736.842,35989428748.8012,10009189490.1725,2833304045.12887,30673811.3399836,1166129892.06889,10031396993.0843,396003960.459365,,3597922375.27208,,,1337590283.99287,,4940402551.35505,2756067001.744,,74160545.3098595,3448224688.24987,
2020-07-26,182685328095.43,34656472192.7933,9986931175.59098,2818964002.60891,26991607.0561782,1159911791.35967,9641671805.39032,406166431.365826,,3839996381.13703,,,1327482791.02745,,4559569200.49742,2613441300.2075,,77403557.9859959,3124123307.27533,
2020-07-25,178469614078.301,34027002730.2282,9978842677.69562,2855845136.41093,21595764.5736461,1101566231.25369,9602232677.1391,406049051.726464,,3722550591.76202,,,1338825586.00106,,4608953630.99271,2548551887.266,,77888815.4107701,3177555508.41999,
2020-07-24,175875016548.431,31243266715.6353,9988158017.43573,2765804467.37156,17165794.8003885,1102545969.24722,9151327924.92827,404193463.204154,,3160191203.54969,,,1286905756.67302,,4350248195.20648,2545543979.888,,77168960.7348233,2876436566.11684,
2020-07-23,176680237480.007,30733019165.3589,9980086462.62689,2696546476.1754,18105795.7974271,1105697237.26378,9309610859.06666,413578574.990681,,3209066253.38812,,,1191176033.33105,,4387666327.51628,2822816495.1,,78794191.6456979,2919572017.87252,
2020-07-22,175644844408.412,29331058163.6399,10006992587.6121,2612590172.32547,18006642.2008208,1114093010.13534,9112196067.79291,412342063.833694,,3212941569.61389,,,1197137438.70479,,4408545077.83301,2785747919.5035,,79437013.8865266,2924848188.77662,
2020-07-21,172861732402.087,27406496758.4107,9177832940.49649,2755396351.25352,16852602.2014576,1110501461.32027,8917097739.29472,414749065.754083,,3188120005.89963,,,1171060697.84881,,4239652412.44861,2898137543.154,,79528823.0293845,2838623093.06877,
2020-07-20,168970262858.503,26411853755.5587,9193521415.14639,2719514135.8829,15057755.3103182,1118591917.71286,8741285749.4312,406505538.58203,,3057429414.6977,,,1148214111.47375,,4113723679.67698,2918197198.595,,80452453.1325049,2731558150.15694,
2020-07-19,169360219986.106,26669691075.0983,9172850234.91727,2792782900.26107,15872927.8675157,1116663726.73656,8813276312.7972,424349866.940269,,3207480247.1664,,,1165434572.51464,,4193704830.33052,3025092976.4615,,79259506.4443914,2768772724.77782,
2020-07-18,168858972268.985,26330601163.8005,9176920912.4115,2663832332.94323,16670417.2869211,1117249848.79554,8822395224.91019,435685575.564915,,3175481568.76805,,,1160288339.69646,,4140988076.02935,2836212757.959,,80028524.4393058,2760226500.47493,
2020-07-17,168710427573.953,26024301468.1744,9184467100.90674,2657340751.66836,16864618.7937719,1099898433.12593,8598448553.3298,383967367.089897,,3175704150.17962,,,1145794457.28895,,4114097930.09972,2513801897.8765,,78976231.7950317,2726545149.81512,
2020-07-16,168350501976.25,26118155895.4767,9187808439.98708,2666496807.42554,15046966.0262034,1099136354.32475,8588123640.54278,375666317.48571,,3264792188.70477,,,1143219950.08188,,4136196358.86062,2558214203.7305,,78121043.5127803,2734230404.41308,
2020-07-15,169460074575.96,26649577378.4206,9182879622.22704,2736079873.54684,22241796.9042963,1101510121.92284,8723693327.18806,386951870.996942,,3380098709.71819,,,1170977243.34169,,4196099848.90692,2141890412.9175,,83159847.6302962,2814802323.95765,
2020-07-14,170380670524.821,26846147251.414,9179226233.29696,2812556211.5978,19801055.4914822,1095116621.08158,8798858700.64759,413143009.397039,,3421411525.33347,,,1176313962.88125,,4246417280.59307,2148466256.6885,,83209627.2123142,2848566182.84899,
2020-07-13,170379677119.097,26775071857.6609,9183872308.45667,2863363146.0942,20278237.5664092,1103604872.03414,8788499209.50415,398447402.154819,,3219003554.40867,,,1170443870.73689,,4290892965.43089,2136508736.6385,,83715978.658726,2855849775.37327,
2020-07-12,170977422928.131,27054158345.9268,9175440523.61521,2836452254.36019,17535715.8229986,1100023053.84661,8875371016.545,455084341.769801,,3287118881.39925,,,1210498998.68577,,4370801099.74761,2266503702.995,,78849952.1892467,2902091664.41229,
2020-07-11,170302234777.528,26752161985.1887,9197655630.27667,2740895828.22947,15947475.7511162,1102870101.15408,8904556377.78301,477768832.451344,,3246433642.86763,,,1224658712.19708,,4368614501.45755,1999485843.313,,79373334.9870418,2904378314.43831,
2020-07-10,171001933826.989,26919422186.9438,9187858530.82277,2684758451.05607,15756747.8792219,1093299427.70784,8791913887.10469,440600401.413436,,3067594192.49779,,,1209790878.84254,,4391625506.12236,1877768637.339,,78745352.0881963,2876028159.8125,
2020-07-09,170977231637.687,27143016879.0994,9216243182.45386,2626216970.06654,14720152.3853897,1096247770.56622,8980335539.39705,551095461.233002,,3222557775.0404,,,1230354015.19332,,4408713168.42456,1659759414.789,,77132179.5998019,2894664418.74277,
2020-07-08,173738543115.206,27547785703.4854,9186701141.27019,2679533357.99866,13741613.2737162,1061787658.66122,9059233838.58622,595274589.059399,,3368126985.54616,,,1193981923.06098,,4489254469.87654,1681595211.2365,,75751593.2678592,2937468639.81968,
2020-07-07,170485472276.313,26696376072.769,9180705693.48131,2608385874.76595,12988566.0151594,1038804928.72684,8178282639.6918,387151635.327659,,3047824534.63043,,,1146278410.64978,,4376765278.57225,1660458365.1915,,70381865.9608692,2814829248.43377,
2020-07-06,172746103840.155,26964937043.2266,9190162858.44958,2534746174.38053,12210072.8690639,1039654961.50416,8345557156.07596,327723522.687337,,2728084901.63941,,,1201644030.21364,,4459306613.23678,1696316155.6635,,69784359.6167646,2856450322.67994,
2020-07-05,167181726153.665,25415950648.5611,9177873625.93425,2407743526.73898,11929965.7302922,1029539264.8762,7834382404.71869,289277435.497808,,2546315062.66506,,,1122957416.63924,,4093899884.33001,1644389579.875,,66632498.2033531,2702477997.4663,
2020-07-04,168251076677.956,25570190314.917,9197892701.13454,2419059512.835,13460110.8038221,1031489115.57194,7877175643.57166,289295826.764035,,2591469353.21025,,,1120517161.62171,,4158002614.92802,1599216095.869,,68137991.6338319,2732595058.45959,
2020-07-03,167409720387.961,25155571599.652,9183592661.18046,2378461574.27916,13248409.5564903,1032048962.22242,7804230337.27125,290044511.816821,,2502949276.80246,,,1111086638.46615,,4088324393.45814,1616275365.978,,67204741.3604119,2676330600.02104,
2020-07-02,168065586386.744,25599453476.5204,9332410548.95495,2416805639.45692,13457643.8789028,997225799.56756,7844438479.62946,295744264.617049,,2445594521.22878,,,1113217182.58465,,4101803221.48633,1597219156.0395,,66767667.7483066,2694260226.60548,
2020-07-01,169988756578.038,25788404349.8574,9202338339.47515,2462062195.31831,14361930.621951,927221552.021989,7832562653.37651,294727829.41124,,2487802576.49209,,,1125001179.24866,,4127116636.02329,1549293057.221,,65334379.4836316,2707814853.16011,
2020-06-30,168315606321.29,25249913730.1826,9187111584.25683,2397377912.04762,14835525.1298039,926644567.596403,7783640656.90162,290426013.750259,,2154965825.27288,,,1091734121.45079,,4095641221.31119,1638281862.0,,66236063.036838,2692495275.07772,
2020-06-29,169280659245.843,25456513994.3261,9206224846.53396,2411632830.33,14703824.7067831,926367159.494889,7876094956.47866,289555488.214735,,2174495660.23455,,,1080451824.54756,,4154576923.85094,1684972181.4485,,68668675.113176,2717052118.80284,
2020-06-28,168401806136.911,25135786985.5184,9211095727.1799,2398389948.40853,13773165.2227317,929618326.412434,7864270564.43218,291109078.249979,,2084324972.04066,,,1054594838.09465,,4108529537.46805,1651655917.7615,,70088417.2020412,2687972549.24351,
2020-06-27,166584831506.245,24866429444.8032,9225029697.56226,2361864421.1855,12307979.1957079,930464300.037625,7827018777.58855,289498985.617433,,2013977990.11504,,,1034419445.57079,,4028942835.65806,1682188035.6925,,67791262.0833786,2697200834.48144,
2020-06-26,168741367621.97,25611500297.1459,9178402109.08952,2449582458.83639,12784052.9001166,926770867.233971,8084634050.71945,295206724.701614,,2088710301.98368,,,1056282345.50529,,4244532099.11956,1563776985.1305,,72578451.4952523,2811467299.09732,
2020-06-25,170608289503.753,25973707946.1754,9188929329.49855,2476565794.60969,12301987.5415512,926977218.071112,8124389490.93613,302499093.425411,,2118006692.73313,,,1062426851.78073,,4286842974.56246,1466202330.5615,,75309056.7433271,2762034094.72985,
2020-06-24,171498781279.927,26285822239.1477,9190776521.65633,2492749448.06359,12712583.3849433,928547024.197852,8155465081.67866,304012446.363732,,2141134759.04393,,,1064534452.53198,,4300329766.23053,1459769388.301,,77918878.3213444,2779946160.65673,
2020-06-23,177310052079.171,27215606543.0927,9215902574.23117,2554312285.94522,12217638.9889378,928751866.319005,8350557840.39414,310804275.215969,,2150645920.003,,,1101930447.35604,,4441256037.61803,1427986674.0825,,79138321.9800172,2866313928.01372,
2020-06-22,177651397436.609,27032930743.0122,9168930430.12646,2562512331.06535,12537695.5906935,923388584.023076,8376771497.64404,309447065.013849,,2167757496.54047,,,1088981496.96671,,4422282479.74902,1459143130.0565,,76974526.5605955,2866546341.63825,
2020-06-21,171289415078.632,25520273836.841,9200517082.35332,2488778109.43296,11611481.9990937,733862362.117475,8214686194.61586,306030111.437704,,2034638633.76561,,,1056201955.2261,,4265282304.62572,1457284289.797,,74613125.2756439,2794826423.85468,
2020-06-20,171809438650.585,25548837121.2462,9177740880.56873,2495984577.25817,11101677.8613918,731679484.184682,8342603851.03048,306010372.483079,,2057020093.02011,,,1062297989.06298,,4276469120.6087,1417049911.249,,78816865.3029632,2811334445.29875,
2020-06-19,170985625732.412,25307718819.0129,9131294352.8005,2474135854.45018,11804490.7995105,731138926.062349,8266913025.77957,304484755.957141,,2063866648.40792,,,1053539228.8778,,4284126565.50848,1376866033.235,,70084512.1812305,2767724113.17106,
2020-06-18,173256688664.117,25857495154.9566,9206533320.58273,2521030877.47217,10711334.8299096,733934539.236553,8451352166.47786,309056650.98722,,2130520537.94172,,,1071187522.12055,,4369303393.00243,1384254617.725,,71351278.6432493,2830626074.42239,
2020-06-17,174508805561.132,25957610763.5026,9191412080.21473,2551197614.70884,10031846.4524466,733108840.172937,8561363236.1069,310685801.178482,,2163490354.20474,,,1080239006.2936,,4433452557.44624,1440128454.205,,72272674.838261,2860963356.77388,
2020-06-16,175563963385.476,26109047391.7202,9191048183.09769,2554217172.25892,10101141.4390675,732354854.373438,8466821452.11899,310886938.751036,,2050139146.57624,,,1076669504.84019,,4379310467.82714,1431829667.9085,,71817979.4139287,2850591899.62828,
2020-06-15,173947607771.726,25606145743.4091,9208004586.61291,2548438215.45511,9843524.99494113,732922437.303614,8545014832.17575,309919897.881615,,2032340048.8006,,,1074468776.45371,,4355910857.86427,1389924052.3595,,71268588.3937269,2852680851.18137,
2020-06-14,172763239787.199,26069111857.0612,9238040026.24735,2590657273.05763,10127117.7365674,735592843.564946,8452767513.63519,313784645.414373,,1989844415.9389,,,1084038087.57339,,4401606562.4148,1547105469.392,,71964284.1750817,2863412897.299,
2020-06-13,174381819725.142,26599679550.2949,9207088207.37989,2616708430.35339,10504345.5146756,732993964.702096,8518460613.62387,316564552.381458,,2048967930.40012,,,1113891577.42975,,4445609987.25594,1557552083.5805,,72003146.5592936,2928688757.68553,
2020-06-12,174474896921.532,26438827419.6395,9216616642.70825,2592663211.98738,10244352.3859345,733338646.618756,8555381744.85138,314916066.041783,,2062614026.60758,,,1097485725.93434,,4465252557.08044,1560240660.3035,,71391918.3164828,2911065498.66153,
2020-06-11,171538133043.473,25791024830.9758,9193510455.15865,2536636729.84623,9897183.58341088,733934795.28783,8389388715.34652,306396405.796058,,1953868157.28712,,,1054000297.98503,,4358094939.58238,1522476590.6455,,68747022.613027,2825486778.82417,
2020-06-10,181616765438.402,27539945413.3418,9201188635.97162,2707966985.36916,11124151.4035966,730053626.629173,8952182049.69715,322845886.634602,,2165703710.69232,,,1174159746.77382,,4741528762.3045,1519918210.4435,,74271574.9707521,3030821037.2098,
2020-06-09,180237817527.031,27254678255.1854,9219861825.00886,2711841299.65385,11350793.5069779,742358300.825978,8911356401.48274,320861092.042297,,2162490419.31654,,,1174184864.78348,,4705399172.9931,1532103067.691,,70544750.0726323,2990871180.85252,
2020-06-08,179782576533.652,27406923225.6,9207629722.70903,2705254791.88111,11528696.0984937,735400452.582351,8988927251.58783,322775862.612561,,2240876356.15609,,,1197383066.23866,,4701736234.04546,1551556871.165,,70753101.858194,3016794014.53735,
2020-06-07,179540253701.404,27276459502.3961,9215681003.69899,2713654464.63949,10636269.8312904,735558465.326998,8974728442.38812,325471959.424687,,2246692653.277,,,1212213636.77105,,4687107479.81271,1571755300.3425,,70958719.5760862,3029051320.83004,
2020-06-06,177595657884.165,26913140925.0525,9181588926.82308,2727481712.89213,10737481.2006963,733062334.92919,8961182289.15831,323074952.972667,,2230397734.66988,,,1133144993.85661,,4667251381.69319,1535391839.2575,,71908005.2267944,3032854878.55376,
2020-06-05,177801825144.882,26830954614.3278,9215795901.83173,2751255650.12704,11405328.7385824,737098009.790024,9003078694.8762,324106967.194747,,2215260327.43051,,,1129435476.70878,,4731247938.5804,1533224811.188,,72146726.3910072,3053335010.43312,
2020-06-04,180276153545.029,27184018611.4984,9211044465.62869,2732138445.99483,10131321.1400611,736098441.984604,9042323043.5848,328426404.250425,,2307510091.49422,,,1127582122.04254,,4729712856.3175,1445478259.442,,74623040.0955935,3090975368.89207,
2020-06-03,177619631125.589,27153238868.036,9188046840.81594,2728954685.49051,10119647.9354345,732000938.695365,8984172825.80269,322396401.835182,,2215176671.45325,,,1125254391.5815,,4644349362.34234,1458957295.789,,74412829.7679335,3060501220.39931,
2020-06-02,175277218229.261,26376031889.8962,9165240436.86238,2681344663.26294,9741011.2562594,733401633.052872,8944512706.30724,319695394.759952,,2034136636.36152,,,1087369039.33479,,4588654763.67213,1395307992.33,,71352655.4602517,2979119286.43466,
2020-06-01,186993405740.449,27459257209.3334,8807934628.44695,2786431039.38861,0.0,727045905.221721,9274691762.97167,330327929.242279,,2104444095.66231,,,1134090518.00057,,4704471365.82233,1408872696.035,,74891337.5761513,3121604528.60007,
2020-05-31,173997151929.677,25675542328.5429,8780766210.20996,2650418985.59951,0.0,728548294.240161,8950742760.18493,318792346.156047,,1927728436.12115,,,1059652188.51171,,4419143462.32778,1350195985.2465,,70471188.0307913,2956928358.31657,
2020-05-30,178390129757.676,26936114603.8668,8801618922.90541,2759752874.15864,0.0,744189845.921302,9096936496.51763,326318848.536682,,1995286525.99932,,,1087878990.78861,,4629344099.70788,1342697098.33,,82567143.1687491,3082829598.1072,
2020-05-29,173575756364.005,24524484269.4994,8827585610.68154,2650598906.78289,0.0,743577975.352867,8749705582.91326,315943382.824064,,1676453747.09724,,,1000994991.06298,,4386854700.33479,1354476675.58,,89039855.9327921,2895315417.80188,
2020-05-28,175161235290.292,24428738046.939,8808209445.99786,2653353543.79799,0.0,738416889.794677,8848806628.48241,314819322.477886,,1673830267.75048,,,1008946251.76531,,4409843469.85079,1342712781.8405,,86363779.2717448,2901856312.15445,
2020-05-27,168814700531.386,23206144127.4458,8838137761.53491,2565311104.9668,0.0,736647568.867913,8728047162.89867,313107923.484408,,1430724082.34491,,,982215875.000154,,4301191635.42844,1384271247.2715,,83679051.2608252,2843324947.12516,
2020-05-26,162445535235.104,22429962991.4266,8780541726.07965,2521646463.36566,0.0,745730540.733937,8556771552.57925,310112644.084169,,1385289436.59907,,,971295166.721222,,4184946929.14482,1424598820.0045,,88646617.3789876,2750446202.82791,
2020-05-25,163760453116.409,22806813422.533,8826217018.02518,2550943106.01917,0.0,707866969.909365,8704663296.9992,316777418.428644,,1400348730.81736,,,983042810.3466,,4246306992.47489,1346712935.0605,,73041055.9914532,2783422663.61345,
2020-05-24,161610414642.629,22476471749.8903,8807651948.32538,2501565035.32474,0.0,707936081.507335,8621039124.76604,306481507.746418,,1364837948.63588,,,962195908.364258,,4140554843.16852,1424867262.1365,,66954542.7820031,2750870493.12105,
2020-05-23,169305492439.588,23176030658.6082,8846790751.10224,2580073085.15875,0.0,709487842.898854,8772115860.45531,317181977.101972,,1434331268.44271,,,1003418838.91663,,4327178478.29429,1372866756.772,,69321973.7731642,2853191055.59408,
2020-05-22,168807619957.283,23003786384.6735,8818190631.53406,2588067684.1055,0.0,708460100.096191,8837711658.73881,315791490.500556,,1447594926.9321,,,990846328.055937,,4318225302.41943,1359871088.569,,70207217.1060383,2864136481.02762,
2020-05-21,166947987863.53,22192109649.8768,8815678127.53399,2507622079.73285,0.0,707650724.733193,8624477985.99026,309787051.104984,,1354588705.03166,,,950636866.624809,,4205562285.95444,1324515312.099,,66269341.915667,2768884213.83541,
2020-05-20,175050963474.872,23323160696.2645,8788814167.62283,2626708056.17816,0.0,706230045.894508,8897878389.15657,312584382.314717,,1474606328.46787,,,1000276975.30684,,4410248517.54762,1316033129.9955,,71588982.6467568,2861150334.74366,
2020-05-19,178831635026.347,23692625223.663,8763040004.19817,2668180081.29134,0.0,702987442.051486,9000248026.64507,316339808.5931,,1463556398.72435,,,1034362953.18606,,4528046418.12615,1286128594.212,,76086959.5901272,2939336799.73004,
2020-05-18,178779483463.616,23808928396.2325,8809951434.17348,2587549865.10578,0.0,707164425.924038,9050915905.92047,316941137.029014,,1406595713.40153,,,1023960689.81652,,4562685225.91605,1329785466.485,,70865283.8853217,2927235934.54411,
2020-05-17,177745404470.085,22988575488.4967,8812055307.3542,2537526372.75009,0.0,707365371.709182,8877940577.65549,316247228.561848,,1331182502.84893,,,1000491131.70328,,4440347514.9722,1316148494.6435,,69615957.3591767,2825893814.06632,
2020-05-16,172340956578.561,22266558227.0629,8799772954.74683,2496641247.3034,0.0,705770466.431586,8823975223.48195,313027822.915622,,1320505417.49884,,,997697025.15562,,4356432758.8858,1292330728.801,,68593261.4384787,2797840305.59789,
2020-05-15,171436341789.485,21703086884.9707,8833010950.19419,2450383624.71218,0.0,708321149.777363,8774523680.83045,312151062.74629,,1308347932.5141,,,994685234.856595,,4335374822.84102,1254772803.5815,,66179384.7576121,2772979034.74471,
2020-05-14,178881641547.089,22513148758.7409,8788042863.43858,2544238406.50482,0.0,704037845.191892,8960609479.48172,320635004.390562,,1319441298.91858,,,1017779947.06271,,4451904874.84534,1316463850.772,,68438657.1499097,2844597189.60536,
2020-05-13,170352710071.21,22093789228.1416,6362506770.13727,2510187961.46811,0.0,706953523.914969,8887871909.97461,313976983.371345,,1334525067.48771,,,1000411128.4335,,4402059138.79611,1414112225.5015,,66059800.0466748,2791779469.13862,
2020-05-12,161791577300.916,20995260628.8043,6365704843.73204,2448311764.56404,0.0,707081133.886604,8718347383.13626,306709496.945218,,1307273994.93221,,,970816507.163418,,4290688415.61915,1337738020.332,,58151715.5608466,2725296856.97951,
2020-05-11,158059235275.589,20615704448.6711,6350624151.99255,2348222491.81567,0.0,704347644.589277,8560709529.29757,300433957.548385,,1247295901.94951,,,935016594.781465,,4324252567.10172,1313906216.8995,,51782203.5729144,2698347047.69,
2020-05-10,160884755210.801,20911059577.7407,6367741248.64967,2379038125.96369,0.0,707434771.869504,8742104205.96065,306205310.245471,,1236120365.39114,,,952402372.542064,,4284298805.01138,1272760212.066,,52700720.9948494,2741254063.45503,
2020-05-09,176251395672.863,23458353557.9526,6391680873.06518,2634163526.60008,0.0,707731494.429583,9568176316.55927,325340680.086276,,1341363556.49719,,,1080118125.14649,,4897611523.25347,1290692524.8385,,59413585.7432872,3058380576.83274,
2020-05-08,180804859844.221,23609735113.4268,6384977966.03705,2681682517.4979,0.0,709059520.086337,9697204907.17541,326773515.204208,,1356072734.50803,,,1088575109.45921,,4810942127.57231,1318765142.9015,,61571980.9839187,3097356143.85059,
2020-05-07,182787376636.504,23528981906.0044,6379446479.21251,2646177021.84497,0.0,706891935.856971,9657066730.33854,331559200.540199,,1325023313.70209,,,1070629228.09817,,4649144607.18332,1302759277.617,,59734344.364497,3061336365.02349,
2020-05-06,170229620935.298,22613632877.0933,6475090416.33293,2590782069.15249,0.0,711940630.662539,9493539896.85016,314770174.944714,,1290301529.83504,,,1055412676.6328,,4522967248.08214,1337763940.0195,,59356772.7151218,2971266131.46463,
2020-05-05,165332488791.878,22912129590.4613,6366478086.64555,2631646243.99059,0.0,705617261.022377,9548784765.32591,309152819.380662,,1279700216.27859,,,1060401614.18447,,4500241888.10594,1324114574.678,,58355434.3959093,3025540504.42626,
2020-05-04,163654493632.392,23064379025.3469,6399889751.29569,2659795202.23633,0.0,708112192.447891,9659096484.94689,308717731.831182,,1287640569.20024,,,1087352090.34574,,4516192653.62158,1302166856.935,,58539524.1077897,3069527724.70814,
2020-05-03,163358189150.984,23367177866.6255,6383346956.14586,2663768292.97248,0.0,705834652.765846,9678990068.19564,312317539.787165,,1268581579.90703,,,1068267999.37805,,4646164981.03209,1367124005.6355,,58826440.0608806,3120493727.30021,
2020-05-02,165012307599.614,23850828458.5514,6383156257.60729,2735098062.26208,0.0,708705582.848038,9877477085.66379,317137161.584042,,1322649295.39282,,,1091915962.40808,,4819493015.04856,1286363619.17,,58223656.1664676,3197119849.94594,
2020-05-01,162722652380.246,23725367639.1752,6412791086.43043,2732001168.4987,0.0,711412929.096534,9671641236.18015,310205840.541571,,1329014979.16845,,,1059754823.47675,,4731861572.66471,1274664482.1645,,55010724.4045067,3089051663.3358,
2020-04-30,158922133909.094,22989647064.8035,6393551731.85732,2649408578.22126,0.0,724193404.63981,9385477916.23963,303821692.334527,,1240505150.0412,,,1018736564.52288,,4595776898.83643,1300872242.831,,53225371.6518477,3019046192.75335,
2020-04-29,161522471384.783,24023887081.339,6412700243.12574,2720924143.5803,0.0,725730674.280477,10032694258.2456,313022241.209475,,1340309754.89462,,,1087667165.1173,,4736237107.80739,1331080896.8415,,56844716.6738623,3178164248.78894,
2020-04-28,143266252261.336,21966890356.533,6410789504.28555,2557690118.923,0.0,731472166.928211,9505616088.01872,290826200.106014,,1223633867.81284,,,1026540586.05528,,4482346665.78818,1331678326.0655,,54177571.3186188,2974099482.99757,
2020-04-27,143040988589.571,21832392036.1099,6387052315.08609,2560634167.47398,0.0,750692089.611915,8733381417.11235,292782250.535125,,1208224849.2281,,,970492181.314584,,4474229339.93328,1303753636.458,,53085831.048711,2888544818.82932,
2020-04-26,140903867572.585,21839976556.7041,6363019031.78207,2548277410.7292,0.0,749507140.723849,8677070504.0441,299489107.988736,,1189500870.63696,,,950377220.365534,,4529068651.93413,1287585112.618,,53624345.1564599,2886855017.58397,
2020-04-25,138874072264.263,21637838416.5429,6390799911.21856,2536091110.89878,0.0,754368173.682136,8599842766.3614,266196402.023277,,1099521577.85119,,,934729997.655745,,4408429577.35526,1216697577.6165,,41750077.6332324,2888203931.01368,
2020-04-24,138512029491.143,20940434736.6902,6411491022.80452,2491141136.59422,0.0,754808505.664718,8538612711.3674,261348176.248226,,1085502724.68156,,,934832407.408751,,4409142394.45934,1210414587.235,,40792649.3714254,2894063140.41654,
2020-04-23,136275638030.678,20472236139.292,6346351411.68685,2489553065.59948,0.0,726970057.172837,8452461960.7791,254405732.44458,,1052777326.87934,,,903778064.439917,,4350582552.33593,1273148902.9035,,39104684.3702728,2772774520.46378,
2020-04-22,130530916076.973,20200984352.2299,6366825027.47263,2440862572.10157,0.0,722356289.790627,8287541720.7618,249859465.509535,,947879912.675841,,,865254234.072598,,4289771745.06925,1324210520.7205,,35304210.0395562,2704698254.14239,
2020-04-21,126175238603.42,19107591181.7675,6402099231.44772,2365055828.77674,0.0,724669381.080847,8126957532.8042,244952725.084459,,899666803.603323,,,839287777.768929,,4077185458.48639,1216966012.899,,33295902.8016437,2649690809.70458,
2020-04-20,126192239912.382,19056520718.2587,6391590598.88207,2346334036.77995,0.0,734209826.291319,8090006361.05672,246254197.398968,,886099711.771479,,,834683588.285408,,4073696203.11397,1214026691.8325,,33424500.3782696,2635710772.03614,
2020-04-19,131815853850.003,20084614446.186,6410036078.02384,2510351930.1685,0.0,727639124.820076,8414904360.50053,255679213.722494,,928606734.711575,,,869003069.03067,,4294510926.20068,1095155422.5675,,35891152.8220808,2751996674.53682,
2020-04-18,133053136875.737,20668075856.6276,6365977429.11431,2580847659.7626,0.0,725010146.310276,8594155313.49771,255975738.165998,,947715098.690847,,,891484673.524157,,4468765895.21058,1132912028.493,,36871088.9617538,2863206054.19197,
2020-04-17,130078472088.331,18976660194.137,6403916827.59718,2447383046.31175,0.0,729393883.469873,8385919738.88106,250020332.926281,,896388080.800396,,,867163360.623786,,4294640509.45364,1179431615.0715,,35383107.952914,2758454401.3144,
2020-04-16,130445413270.0,19031693317.2915,6378329269.06378,2442350988.90452,0.0,729095204.069621,8381628980.52987,251792237.805995,,892107801.848062,,,869655064.534189,,4330700374.45124,1211914054.953,,34870024.353744,2754496414.77445,
2020-04-15,121731940639.413,16943501885.9061,6358033897.59554,2269891486.60685,0.0,729002170.568153,7989127042.22612,240940084.034266,,826120876.680834,,,815204719.065636,,3961289716.26358,1148809627.3325,,32081493.4252303,2554181140.80764,
2020-04-14,125388687977.151,17417697023.8275,6340713383.07007,2414719312.09253,0.0,728853775.762531,8168316006.52172,243890207.335785,,854917399.61614,,,827702924.106164,,4079881487.61289,1125984899.62,,33545324.991901,2648383666.1231,
2020-04-13,125422221237.296,17270031992.1863,6363112437.05621,2338405290.92651,0.0,719711883.516869,8273953307.73417,243169532.136064,,858357566.31528,,,839164283.924876,,4114253880.76653,1162592769.5095,,33119885.5511114,2657814813.06905,
2020-04-12,127716846208.307,17805206567.5855,6412993320.44701,2235857452.23318,0.0,705426851.312273,8361929949.11626,247017402.663509,,876484999.531628,,,860322761.256977,,4333473010.4315,1098664300.629,,34066021.8789073,2737892510.35982,
2020-04-11,125651623116.07,17479687023.2083,6349047069.94265,2147073559.79678,0.0,702269700.071265,8270834076.03967,246938787.076334,,864772499.668482,,,832404708.550332,,4264553423.22361,951294862.056,,33620087.7868594,2729109196.39589,
2020-04-10,125755496117.263,17499250378.1532,6366075638.36742,2136720360.38804,0.0,705015883.550981,8244475831.92244,244243873.874271,,861179955.427459,,,831008595.300341,,4283399270.80153,879695006.8375,,33193205.5021654,2725609591.43878,
2020-04-09,133737857009.882,18866106818.4971,6383075353.67034,2342787878.11406,,708917310.272686,8719129422.91768,250828570.364084,,938517018.327163,,,900691355.43913,,4731370744.51609,797063756.7725,,37368437.0173222,2990629539.46989,
2020-04-08,134309895035.597,19066388907.9858,6355457831.82701,2341772649.36211,,706825718.825125,8834009936.82905,249600632.678744,,941511807.923703,,,913182874.828409,,4892216438.9217,814174590.6525,,37930396.8250325,2986094916.74108,
2020-04-07,131409299432.46,18231455421.9281,6352309305.52305,2283519607.31843,,688030395.015995,8448042798.60866,247774783.222172,,910996902.144826,,,884620530.684778,,4631288689.55009,806773418.7065,,35600565.1439523,2879255749.72236,
2020-04-06,133140400947.86,18674571701.0477,6315440480.28039,2346196872.31235,,679546955.93201,8598152596.0637,245612628.232734,,923427175.690981,,,910758494.138322,,4701769259.38398,805598218.4635,,36858970.5146618,2861077283.48652,
2020-04-05,124328853511.615,15847283514.1155,6183665131.10949,2136159300.3001,,696526423.336167,7882313124.22005,231320500.222612,,829738785.577196,,,840399150.428781,,4261855110.55247,797390894.244,,31594528.9788898,2620968038.64116,
2020-04-04,125712834529.574,16029973618.0818,6191457723.17388,2150221627.9695,,698932647.329589,7984528291.10721,233196515.174848,,842753266.974593,,,800078429.48009,,4386737916.21401,794620234.814,,32499327.0653144,2621009071.5103,
2020-04-03,123244051099.793,15682757537.5282,6176647942.77782,2079993664.81229,,699059096.600923,7884998556.9062,229778125.901206,,837311638.25542,,,793862723.622106,,4331086419.91692,753662032.529,,31938453.6473863,2600305499.79946,
2020-04-02,124335130640.41,15673960168.7607,6170513907.65345,2032342067.6991,,688965447.171064,7848687167.79959,233351815.056405,,829262182.133813,,,798498882.771563,,4272607459.12133,708808881.095,,31865016.3975834,2568780270.95676,
2020-04-01,120903014693.267,14966424710.3319,6195358201.23614,1981787100.9202,,685000022.554519,7702917453.97719,231413176.567819,,799975595.096797,,,771873065.362705,,4113674253.45061,747848872.4525,,31121523.946521,2536712327.1262,
2020-03-31,117814077266.537,14739376437.832,6184759499.92695,1956901645.59169,,687838790.931811,7669550526.1091,224479953.112359,,792149098.89347,,,775200746.248436,,4032631725.0201,761239724.952,,30462903.4996976,2531157609.62295,
2020-03-30,117640143688.458,14661550830.5499,4672701418.88691,1911055189.97838,,691900635.118087,7564440754.50572,226946377.389913,,774524834.461073,,,767446426.078515,,4067328697.14068,803298186.5405,,29730850.1027509,2520514843.49531,
2020-03-29,108338520155.504,13852241607.2783,4651479472.58311,1779529888.49104,,675033086.454147,7193114648.24378,213563007.151415,,732404420.323925,,,716778848.827618,,3790187136.11741,790886272.0465,,27843811.6971452,2403961159.00592,
2020-03-28,114183689640.72,14446379742.8904,4640992199.13626,1896476688.35885,,680395720.965785,7717955718.25837,220300503.691932,,771875680.92605,,,760296995.482586,,3932302659.29586,807763832.477,,29365962.0141897,2502911912.62361,
2020-03-27,118336082172.395,14770071749.7382,4704194842.12968,1947826172.97002,,691479724.382865,7736067262.75962,223900764.270753,,759700870.368286,,,761971988.04192,,3993576364.22155,783227446.386,,30312957.418099,2505504070.63083,
2020-03-26,122834375215.51,15255985585.5517,4635323588.719,2055823709.39316,,677435271.449868,7684422875.70188,228149691.202495,,796667265.816822,,,791553547.514342,,4162745924.22608,696102883.9415,,32684550.8522422,2585178520.67071,
2020-03-25,122174009142.91,15015344149.514,4635839581.20456,1916881080.84079,,683296387.008692,7096688845.62765,227179862.278478,,763234881.105208,,,759180481.388244,,4045215407.93543,795065383.5915,,31570689.2499289,2519916316.91017,
2020-03-24,123148917787.229,15296295171.1995,4644563734.08615,1928844946.43586,,683467262.457031,7123997864.69638,229239744.696236,,782026251.821912,,,767683405.747805,,4169704460.11169,786765059.598,,31125021.6329231,2605834453.80344,
2020-03-23,117314776187.32,14870079034.5566,4627566695.97962,1884749571.05836,,662373523.793062,6901653397.21029,223492493.579591,,754023582.605015,,,752452700.832574,,4024056266.98641,786333202.48,,30664757.4160067,2494558924.67835,
2020-03-22,106591196068.926,13590860527.4882,4637871716.99428,1735514181.22656,,662820963.430477,6585765148.8073,214343344.138332,,702337218.055167,,,691142087.37318,,3736418940.69823,660695084.518,,27742174.8299294,2292391577.96151,
2020-03-21,113068192795.056,14635764102.3456,4646775523.70113,1875460321.18815,,666270881.007538,6934993697.0201,220961923.934094,,762610838.080903,,,748758600.13973,,4023959787.06509,644981749.566,,30859385.2837787,2466743817.88634,
2020-03-20,113309245860.002,14624949756.7366,4631022300.28668,1847133243.76074,,639217501.210969,6877526044.65131,219455535.697865,,761414941.565953,,,749927363.451849,,3932912470.03296,622956956.3035,,29880931.6329492,2452922646.28906,
2020-03-19,113162079955.697,15048018840.04,4657190925.543,1909934856.43718,,640083088.682092,7235640317.83051,219514141.337855,,789518106.916158,,,778027139.942046,,4058032018.00129,738223860.6225,,31055172.5018245,2513235592.85531,
2020-03-18,95740715528.8542,12650160817.9084,4522818937.67231,1573897290.12766,,606216197.275663,6273900950.31156,193785698.407974,,656878462.835323,,,662419721.401789,,3284183906.20564,750231169.31,,24450642.7510613,2166347103.3539,
2020-03-17,95499941183.34,12549513954.4941,4531625713.22723,1567370634.4219,,604380537.924183,6336314382.05617,196461667.718322,,654479617.162587,,,659171041.104856,,3306475918.03518,847397089.7455,,25071893.0560661,2158391140.75959,
2020-03-16,91633478850.4746,12180483052.6055,4628458992.72804,1459875426.75662,,597953852.967227,6184578516.93243,196417176.377177,,625375602.678633,,,637572780.544529,,3130347613.22451,722672643.7,,22332021.702302,2113940825.14022,
2020-03-15,98530059889.968,13787534423.1597,4651590222.29285,1623183882.3554,,579058578.691129,6743672546.93502,208529246.530011,,703131371.726447,,,689783659.41627,,3268904772.34519,1336130848.542,,27380451.6226036,2342660615.54686,
2020-03-14,95014981943.9861,13575727274.8179,4649890998.13531,1577212181.255,,557157425.683494,6454051865.87722,206091389.858682,,674339082.264334,,,650939208.868902,,3071953595.63648,1429726103.5925,,27232132.2959776,2211281927.63961,
2020-03-13,101644613038.335,14663417618.4701,4640645553.71466,1684938084.78521,,464030676.685085,6982495632.44002,214986092.172923,,737296260.383964,,,683096173.603206,,3234971835.05348,1422370359.7075,,29640436.5490086,2406597115.74057,
2020-03-12,90804613600.616,12366138225.0849,4891126960.56329,1493178250.05781,,514092342.350759,6118533337.22963,190144933.816014,,621232514.31031,,,586251721.770133,,2789876800.04633,1431384727.759,,25606746.0070479,1988180693.58716,
2020-03-11,144508402670.563,21446678546.1607,4636825895.22426,2570218252.053,,461588061.651845,9118339802.52946,270074772.379497,,1027986945.6606,,,989248812.416057,,4890279835.41514,1520607569.082,,52293968.8985393,3114857126.06501,
2020-03-10,144465567734.489,22093126953.1259,4650355068.44784,2624783868.5424,,452553330.866268,9299728107.75994,272882609.986803,,1075849153.32693,,,1007275811.07759,,4978855900.88181,1637474152.7655,,56875558.288394,3229716139.88373,
2020-03-09,144706353758.487,22224520905.918,4637946744.78236,2577359026.81662,,454869720.492646,9165891732.27431,273818706.27516,,1075504681.772,,,999400112.532351,,5005690595.70191,1652439037.298,,56390988.4444849,3223665284.07713,
2020-03-08,148060284561.061,22079071206.5242,4687746177.07248,2640090329.1064,,464091836.60469,9066135755.41842,270393757.766826,,1122415113.36029,,,991275581.819546,,5060001279.9493,1625704995.8065,,59287160.0123193,3323571635.84575,
2020-03-07,162684945902.611,26164459703.9251,4643212804.93656,3138663735.94167,,459837844.059459,10387966255.3492,297267547.21324,,1268987676.91181,,,1136886287.17234,,6059789428.47987,1604271178.986,,74001434.4745654,3889681823.51436,
2020-03-06,166548261959.532,26785082138.7094,4635080376.65002,3311126110.17808,,458672760.109281,10695465318.1854,308500232.532776,,1333906156.74258,,,1216011488.4601,,6390490063.23589,1475252493.0675,,68532857.9575819,4048469920.73801,
2020-03-05,165731679917.865,25213804821.1574,4654076713.83276,3235479596.34218,,459970199.764548,10497998118.4859,309716478.811719,,1323762215.23272,,,1193079626.01709,,6176550379.28158,1357836407.0355,,72903349.8499583,3985045688.73304,
2020-03-04,159807857328.088,24688386921.3985,4645253482.97015,3104386462.91301,,463047219.369069,10267618514.5654,296360513.877235,,1270530335.45688,,,1180988153.23037,,5846410856.62681,1437989315.749,,69182530.8018545,3877791381.7986,
2020-03-03,160383579416.238,24681090482.5459,4653959468.47611,3054303980.86366,,453161638.628934,10261064959.0686,308838196.564191,,1264228223.88335,,,1151648273.92652,,6028722893.46789,1456668504.7215,,60062273.3630401,3926290828.60851,
2020-03-02,161861167745.164,25347534007.3968,4619155546.53178,3081814362.18337,,448782632.371346,10452240984.0815,290189207.4532,,1269212106.98833,,,1166572861.47962,,6166436211.08184,1382008328.8235,,54322288.6362888,3916306948.94335,
2020-03-01,156238987739.907,24069393931.8345,4644680725.41246,2949478829.75178,,439323845.463054,10018780809.1288,281031073.159536,,1190893585.98464,,,1100215361.47396,,5735791486.2574,1260253650.1835,,49764708.671831,3720790354.56804,
2020-02-29,156895988083.74,24162913195.453,4671931513.54085,3046045199.85467,,441099168.797501,10121531622.8118,276061991.843286,,1232603349.42375,,,1108881471.24083,,5644119541.8221,1229586427.4085,,52042240.406125,3758049403.71261,
2020-02-28,158211707018.784,24919509264.9173,4628852893.80102,2932619603.72038,,436244469.921987,10344935599.445,282688554.427628,,1260479441.90706,,,1137338039.02701,,5740614858.6602,1369785415.5825,,51239257.4843943,3835945102.94536,
2020-02-27,160238496932.208,24915636230.767,4635002128.78591,2974261568.15286,,438638697.645043,10373699552.576,286998184.928365,,1288192612.52669,,,1129478246.42984,,5916790682.82856,1485218289.4955,,50159231.7303973,3947440768.73214,
2020-02-26,160879489024.207,24794645345.3129,4655096433.92913,2923955253.7331,,426520181.676231,10099606649.3126,288866739.024308,,1282176760.61893,,,1098722723.1305,,5794654846.6441,1436028024.102,,47030877.2976994,3915328585.38115,
2020-02-25,170369581557.89,27223398194.7017,4649118779.91538,3164000936.0656,,423578415.443284,11086614590.0189,305747426.670276,,1461349871.33899,,,1270525043.87868,,6477225286.86768,1502220388.732,,48937856.991541,4567178980.03405,
2020-02-24,175977808525.913,29131114036.5722,4636796513.99658,3428670929.20307,,422121609.591653,11839763801.6329,319712946.48606,,1528658724.94663,,,1324236925.30027,,6908442194.53256,1494979036.9325,,53036645.0472743,4846065099.85646,
2020-02-23,180963233539.785,30065188433.327,4633159673.29051,3550727460.84376,,420317423.90953,12368433149.3993,330869854.506872,,1594775788.42061,,,1420667728.21891,,7347916975.01847,1540464065.147,,57050814.6339821,5102126284.54994,
2020-02-22,176180696547.801,28807130265.5221,4650857754.57602,3416905532.21777,,421907885.655417,12070510426.8327,321103019.818438,,1512484799.0925,,,1339387447.25754,,6838613387.07572,1590328791.982,,53206440.7116159,4819103853.72072,
2020-02-21,176587087363.478,29162464509.1563,4656933338.0305,3450562889.19529,,425248963.734773,12028366231.8457,326850964.899452,,1520360746.8401,,,1346893843.10297,,6939757788.62374,1503953030.6745,,53123394.2164221,4710680778.75835,
2020-02-20,175147142158.083,28318879771.1218,4654409109.15012,3457448464.65513,,424428013.82248,11913164914.6705,328108479.139087,,1510507527.43115,,,1325132031.56287,,6812590751.30145,1576459991.9705,,52949819.6416245,4464832281.61714,
2020-02-19,175585931679.441,28514562065.0578,4648512398.71183,3473680871.82274,,434360222.130629,12140870561.3562,323790853.9859,,1494574416.20095,,,1355004695.60904,,6990005104.05597,1506631238.3255,,52994893.8178101,4561234454.56065,
2020-02-18,184838512656.137,30945457816.3784,4645888802.6031,3741929997.20706,,438978282.142137,13029144052.7254,350309552.415687,,1622945092.15916,,,1504987988.75187,,7659580367.8353,1545030651.878,,55074670.6372603,4938917809.42187,
2020-02-17,176585280987.035,29231690264.404,4635284710.50745,3663104094.28838,,430832169.969636,12525667660.7095,334603231.030554,,1556723433.86834,,,1448883015.82892,,7484589115.8465,1356052108.9605,,51312644.6377767,4695804838.0801,
2020-02-16,181017665264.459,28518254585.3635,4638989017.37893,3649884928.76044,,429727972.867025,12895529009.8156,342218086.660317,,1624425324.75347,,,1497920272.92112,,7604392975.72196,1408791687.6845,,51579355.5784612,4817137103.87453,
2020-02-15,180179996218.634,29045044403.4449,4638318811.12086,3756157245.25934,,430447117.227571,13385174852.9659,360091409.996616,,1655783318.48988,,,1572749768.99433,,8000897937.43095,1391445534.7835,,53297922.8270539,4903772880.91942,
2020-02-14,187862645448.777,31179427622.664,4642896605.49282,4090142477.23526,,433455017.401061,14634621177.5602,385983125.91904,,1829921956.49453,,,1755425807.20518,,8977974592.04627,1194019464.2565,,59482214.96135,5318240171.30672,
2020-02-13,186065003525.648,29407537084.1234,4635769301.17491,3956869413.28129,,433424883.749454,14279885278.3744,373121830.0436,,1778112984.6793,,,1590967102.54883,,8669199028.5573,1217059506.18,,56932983.5398595,5151873617.04259,
2020-02-12,188081204385.987,29108513969.2886,4654247429.09523,4116553352.32842,,440729705.295214,13304586565.1702,381325934.548073,,1772708812.92857,,,1601361345.37206,,8689614571.52575,1195060080.039,,58584456.1643582,5208558723.52776,
2020-02-11,185917114988.663,25863852652.7983,4635044755.05921,3987557482.04993,,424938366.747535,12244571113.9376,374865844.517358,,1639312126.14036,,,1512339420.04258,,8428847379.38883,1157986128.4145,,58329784.8379197,4906933360.61766,
2020-02-10,179494809265.716,24508831902.9171,4645339055.96081,3922374049.92438,,425651889.883101,11979687193.841,368116092.420674,,1565850307.72363,,,1482270509.63105,,8275041887.47246,1009638663.39,,55285011.349065,4761554712.00706,
2020-02-09,184214765394.475,25060056858.7598,4649204339.81457,3780873790.45498,,432572539.399568,12342888603.9773,398390042.126141,,1602530106.00077,,,1469244382.69167,,8218049195.19745,995970095.1795,,56082101.3242636,4937660993.83164,
2020-02-08,179615828322.347,24461492838.843,4640205612.81705,3387965857.98585,,426492604.58159,12115026113.4425,389267351.012849,,1554184887.8945,,,1457122833.75647,,8101984212.37433,959392204.904,,54125518.4782563,4897092474.763,
2020-02-07,178339437206.337,24412375481.5021,4631927115.87517,3431490966.62187,,426872132.998502,12204223474.2336,341181360.982181,,1550188288.74774,,,1471040417.53534,,8032629145.44744,971130674.3775,,58749266.729079,4761261677.47661,
2020-02-06,177118274393.946,23270983771.9064,4629443565.54428,3203319484.46255,,431805231.023828,12332253053.2308,326893710.213855,,1549315822.68658,,,1502696305.01869,,8087185855.42991,991403500.4195,,62578714.0377583,4698795736.67436,
2020-02-05,174983423932.952,22379510312.3186,4655543935.30739,2988645525.92937,,435925185.718127,12124855855.9479,318098839.653614,,1535683141.40728,,,1385387820.13329,,8072301018.62448,993633620.007,,54836884.8374831,4640906807.77916,
2020-02-04,167093636161.856,20735478719.6275,4650469195.20133,2827247893.3172,,441022143.844178,11659047307.1711,308369226.050807,,1451818140.03661,,,1284364702.98132,,6950078912.03021,988326980.1825,,54057806.5133196,4365253454.34443,
2020-02-03,169126861033.712,20800183238.206,4637320449.7399,2871636148.69586,,443211063.258653,11126754979.1092,300519838.686688,,1477304250.39997,,,1281470718.34554,,7009236232.81018,1019545842.9555,,56507753.4899385,4466102181.37692,
2020-02-02,170034976661.751,20660936266.9287,4644893208.28667,2869369978.08753,,445776906.369824,10953472897.5921,304011347.02579,,1445896374.60288,,,1276003942.00569,,6906342984.25701,974863478.6205,,48906586.0765511,4494447998.52864,
2020-02-01,170900662180.114,20116913727.9509,4648011884.00458,2833617692.68982,,446957874.966848,10548109280.5636,298258838.842198,,1454290892.69325,,,1271241659.37799,,6955699068.23429,929368526.9505,,46900747.6165642,4531596557.01167,
2020-01-31,170112778161.315,19729633077.607,4645374933.94029,2832476037.41387,,449187881.352513,10451015953.5775,294719511.403612,,1394699437.37552,,,1245781492.10202,,6852328296.50712,913378197.6235,,45869183.8762916,4342918712.96638,
2020-01-30,172978577930.867,20223232963.5657,4649109251.36342,2891490937.7375,,453218426.577823,10643624487.9916,300452707.253648,,1453721297.52564,,,1300227718.67899,,7172561948.77212,900053582.1935,,47702774.5469964,4360322857.5384,
2020-01-29,169460984603.208,19165292202.1875,4653027307.09663,2786094248.02933,,452003907.877015,10297986176.3061,294177531.674357,,1387454345.90006,,,1245852892.95105,,6962894993.38484,859784044.588,,43775960.1256179,3842950242.10892,
2020-01-28,170205617954.856,19307396128.3943,4645895398.75727,2817568636.15013,,452031882.659929,10418484690.0814,301513932.972359,,1370415129.4208,,,1241244747.36689,,6913563553.73211,876536362.905,,44148389.3901155,3880511637.37876,
2020-01-27,162027957434.616,18709615890.943,4651188602.12809,2751653009.27103,,449464491.151485,10098829102.6944,291399495.398829,,1242217391.34512,,,1142590062.77934,,6617085453.00541,861738068.3345,,43264189.6282564,3758010753.36975,
2020-01-26,156322174637.231,18394952134.9465,4644708262.03259,2712347640.85295,,448606932.181652,10075423154.9541,283609272.572719,,1155846118.72841,,,1120496341.46497,,6330863260.04829,925953608.125,,42105154.1659692,3594505100.16954,
2020-01-25,152143262649.888,17649296255.9479,4652175066.95046,2640407667.06903,,444663108.883241,9627353633.29078,277757847.353706,,1121299567.49964,,,1080211145.42359,,5680063565.80391,935742614.0335,,40953162.3039284,3433273431.46657,
2020-01-24,153536829768.103,17840465424.1492,4656155507.28122,2651498155.97633,,444875789.153542,9741530849.06436,280006237.420921,,1166815356.13514,,,1094331822.57634,,5828372705.40926,944054524.49,,41432938.5085046,3486182447.20276,
2020-01-23,152813329632.858,17824835899.2751,4634979848.9598,2647453374.79181,,444027176.472694,9875297162.34153,278962447.808787,,1123513003.90483,,,1083772061.59354,,5925291827.11325,916632783.605,,40635329.3324862,3492096602.22559,
2020-01-22,157783273070.101,18409534609.4783,4645128570.14021,2768298454.50765,,452956643.985129,10309942099.8936,285795825.087593,,1183664601.31284,,,1157163890.3232,,6332561909.60566,970936771.2485,,43555495.3666293,3729779086.20719,
2020-01-21,158947996833.847,18560711557.1284,4648951979.42208,2819517646.34097,,441024990.413831,10358425747.4093,292280593.381007,,1192372176.16385,,,1154150116.77932,,6262472148.32209,953438175.522,,43744303.2753088,3684221719.38071,
2020-01-20,157327553259.434,18276600991.9192,4640395834.41417,2694716492.1342,,438632394.722016,10184268785.7529,291955767.010132,,1137486372.82829,,,1108644193.67605,,6268932728.00324,869567504.7255,,43076959.5273255,3655443935.01604,
2020-01-19,158194319734.796,18257853531.6232,4630413450.60838,2701556607.33912,,436777174.97579,10284187005.3694,295732370.581367,,1088389472.20055,,,1108254027.53617,,6167961887.43945,841742041.35,,41797706.7575634,3693201721.77624,
2020-01-18,162475965880.12,19173512822.9137,4649919501.75989,2772273816.74863,,440548198.62829,10620350242.0774,308242054.726058,,1162863288.80619,,,1181324709.87154,,6182276115.79327,836474276.19,,44658439.8043793,3795493154.25941,
2020-01-17,162211148777.656,18669811575.9153,4650379638.00874,2820689254.97043,,438515036.78713,10423473279.5092,306098384.408112,,1166155737.351,,,1177998610.03775,,6689508805.81639,767358644.1815,,47969307.0381006,3927821846.14104,
2020-01-16,158465055984.185,17969103320.7762,4633460370.17039,2656091975.11633,,445192682.206269,9978103123.34781,288233512.702912,,1073150539.98986,,,1141554643.07353,,5941556880.80654,785817531.6355,,40982829.0748333,3680300934.20337,
2020-01-15,159959191211.678,18167930410.6557,4631431379.63531,2745971387.83994,,446693203.019053,10166738989.309,291129905.063257,,1103270947.27267,,,1152526478.75773,,6185484055.71155,799136443.091,,41722735.2070626,3707655222.58748,
2020-01-14,160319484882.901,18135588270.9266,4635105702.54178,2585972298.76511,,428644820.760047,10244977874.5566,303552342.209688,,1080110770.05945,,,1114931863.19977,,6382913205.80563,778385770.1795,,40099190.6703452,3734400000.39414,
2020-01-13,147890525972.527,15759102081.3277,4642166645.08576,2368399884.48425,,444665324.500005,9220403705.85808,289722805.351358,,958419139.923564,,,980637605.146617,,4874569980.03015,765117094.812,,39591166.8072096,3175647876.49272,
2020-01-12,148752956965.746,15937115426.2969,4637604060.08663,2383146448.91931,,447479871.967887,9351208273.31462,292507504.015728,,977200921.920285,,,998598083.313288,,4887148233.14812,764262022.1145,,38259995.3222359,3261300810.31983,
2020-01-11,145924199942.312,15613213639.7289,4626484304.57805,2324702655.51538,,447244753.97457,9187177374.94957,284228140.879509,,954771090.87252,,,974520532.482476,,4748986486.67284,739934210.3825,,37766392.9444519,3144901794.18387,
2020-01-10,148249907276.742,15724494552.6748,4632826679.17966,2337067556.5513,,444501900.19531,9206907568.85806,289375370.842334,,956027829.808688,,,974492901.898997,,4931494248.34717,678112935.7485,,37862247.8802951,3110300142.30913,
2020-01-09,143016572819.392,15178151516.9684,4641371711.31941,2255020117.98903,,460038833.732773,8885696511.17362,277106182.671971,,942675508.171346,,,937735547.699754,,4357194741.97655,632725379.188,,37469944.4773869,2885860528.15929,
2020-01-08,146645162431.476,15425115411.4042,4630671669.59305,2271292397.10189,,463207216.467615,9064684942.5081,281594191.23327,,944645769.66618,,,938166611.714918,,4390124756.86851,644046686.122,,38252806.6971582,2913485628.97714,
2020-01-07,148152237653.685,15672773110.1732,4633564969.30161,2334489401.61622,,478340351.457426,9276786516.70001,298738083.403373,,960513016.70754,,,958436351.769171,,4429804164.57078,633397910.964,,38490678.0607619,2962310516.95881,
2020-01-06,140976457303.71,15753803339.942,4639019503.34947,2326488218.5982,,511424006.588031,9606054234.72471,302412673.447395,,966352558.035731,,,970098321.121267,,4453007523.70397,609400277.759,,39732021.2584228,2923126043.86312,
2020-01-05,134469548249.076,14875569429.664,4133500727.77428,2194781442.97117,,518272576.965573,8474172239.53137,296989929.958002,,900224705.781387,,,908402721.805456,,4080035773.47606,632324085.533,,38017322.465694,2778396524.60548,
2020-01-04,134442464030.264,14741946278.126,4138741036.90707,2160640037.34281,,518956313.158543,8422952088.91235,275114092.669902,,896939967.338071,,,901595464.775043,,4114630710.34007,619314953.621,,38138095.6371904,2763617782.1258,
2020-01-03,133233444755.489,14642130119.6642,4125267217.83688,2124701779.87031,,517055937.199889,8386800449.04038,263328861.908919,,886177804.056085,,,895850740.59438,,4048583336.32415,643640851.392,,38730833.5114116,2705193552.07394,
2020-01-02,126699395235.204,13902505466.2437,4114474717.247,2026178425.73812,,517456713.136085,8149376227.91265,246518478.93142,,849142417.414361,,,858205201.524912,,3561934034.71226,665841558.767,,37346430.9638674,2539554280.96806,
2020-01-01,130580829149.587,14271059633.0755,4107371140.38759,2129155037.07651,,516992414.514842,8349802256.48761,249432496.876089,,867464516.199497,,,883513371.291649,,3719917644.43404,656018146.6475,,38139184.0035448,2679229283.80729,
2019-12-31,130446112598.42,14139765786.435,4106723975.414,2135152371.1427,,518524365.586132,8359619490.72619,248883033.586831,,851576356.87047,,,887251273.503935,,3723637896.66467,660276978.0215,,35196293.8729469,2635704909.19942,
2019-12-30,132235128152.198,14468140711.8256,4133411933.9955,2169339285.64677,,521352611.60605,8428101981.85636,252057915.579338,,871003591.125916,,,893567952.916453,,3810326526.15687,651630010.381,,36698019.6856347,2725146759.71648,
2019-12-29,134570835775.06,14698483422.0906,4125339508.86163,2200851434.23972,,520939799.330422,8536136120.34514,253718796.411184,,888882223.760594,,,916441896.985283,,3874556156.18744,631665435.527,,37727583.3440363,2783708411.61111,
2019-12-28,132659059739.795,13995233088.0889,4109307163.1015,2131695467.88837,,518666293.136424,8370284759.30714,253200405.502726,,871982591.986604,,,901199434.300327,,3755092934.63287,652092015.708,,38124356.0006323,2730585594.27153,
2019-12-27,132139502950.022,13873046817.3274,4131884754.41943,2078393488.69069,,522362992.760419,8278444958.22327,251737594.00625,,858176173.879503,,,886873122.599926,,3698638471.62673,656897477.306,,38997120.4360364,2624203892.019,
2019-12-26,131200030099.764,13778664460.1475,4124425332.13119,2054427895.54068,,518286275.534395,8247774696.76941,252331534.487034,,888809774.513261,,,894352281.886237,,3429665195.68249,677398756.2405,,40009439.5632318,2565795344.75793,
2019-12-25,131840641291.733,13787538200.3839,4127192620.767,2049171217.98515,,522637012.188261,8261843273.22997,256078593.465785,,874464721.985013,,,889447723.148563,,3404158931.88601,655789073.38,,40242453.2737834,2588660479.37102,
2019-12-24,132687583294.875,14070696527.9187,4143319247.70846,2091124420.29259,,521854514.784667,8325926772.46431,254131324.25429,,885711476.418204,,,909069237.756959,,3446007697.58605,673201641.5285,,41432831.6945754,2591459879.1623,
2019-12-23,133275709110.985,14020312859.771,4157901175.98962,2079375569.8472,,520339586.004466,8271536883.00214,254110240.890954,,860781222.566302,,,923076121.393392,,3464242250.1181,637172404.0255,,38624891.7183382,2601950200.33631,
2019-12-22,136088022048.89,14428651183.0413,4124011171.29001,2151987386.59377,,522378468.671693,8532972545.85338,259272041.121902,,893609680.123896,,,994421661.049941,,3575561678.55806,658252398.3525,,41279807.1465509,2672823095.24254,
2019-12-21,130267655889.328,13964992761.0441,4131700084.10026,2081183679.85856,,524904659.919365,8407526855.30861,255384097.782294,,862385606.188588,,,906953229.836741,,3413070441.33077,614723070.9935,,46365750.1566939,2547148313.21878,
2019-12-20,130752796980.24,14065549619.6543,4132042360.98281,2110754367.03284,,523978794.440741,8460970904.30752,254253745.737655,,881632550.331366,,,897838784.037697,,3420569947.63719,693554053.3915,,39905717.3317282,2565522972.23378,
2019-12-19,130445758712.962,14092012421.3853,4143245798.74921,2091312285.93353,,513281417.445652,8264443017.28645,260179865.529452,,862099886.894832,,,872088969.571347,,3410445083.47628,730394059.43,,33729600.210248,2541689077.48504,
2019-12-18,131754969804.179,14501554619.9584,4133220481.91114,2105229820.57283,,476511546.886118,8496449615.14561,267456561.365722,,893501577.615528,,,891971387.842848,,3448296898.49793,703740129.197,,32424402.3947694,2596036804.50942,
2019-12-17,120234244808.994,13357486655.8419,4080682163.09734,1926624068.0406,,459604776.315457,7956063481.23617,247187444.530538,,824492977.412987,,,832037848.441497,,3223944929.27299,727058615.556,,30763325.4998896,2360532950.28364,
2019-12-16,125515586951.621,14555616654.5305,4124418769.32477,2108889027.42791,,467012936.730928,8974974228.85041,259756534.817439,,888497640.271502,,,899493258.936846,,3582271932.72558,741674952.557,,33935764.8872608,2569728492.13301,
2019-12-15,129481424647.556,15589117504.1594,4127007369.89899,2253796377.90172,,476226732.199436,9467680409.94928,263792776.968528,,950315361.180793,,,935432753.733119,,3767572455.38684,762317077.3645,,36432497.0959423,2784724200.67845,
2019-12-14,128970221233.088,15560820322.603,4133054793.75623,2256062409.86462,,475565226.175658,9413737187.26656,265712613.552855,,944448823.767462,,,929705549.826822,,3769578548.36817,794729934.012,,34928173.3680458,2791200748.46296,
2019-12-13,131581377758.097,15785338919.6984,4115239096.56009,2314190903.13237,,473685132.287732,9560937204.07133,266326828.808131,,962105881.448335,,,940063553.631097,,3834519011.74494,731861045.013,,40861091.3666251,2837399800.80638,
2019-12-12,131087151088.483,15855473988.2291,4132023198.43432,2304769038.27452,,477440912.562608,9522171540.49328,267889467.079336,,952124838.747808,,,924336244.405628,,3772777655.92247,720652032.4885,,40301672.732412,2813611016.5213,
2019-12-11,130609895527.986,15636405554.7971,4157024796.67785,2305761910.30376,,475096190.208523,9611705134.09609,267452542.195208,,950360040.458821,,,945493906.996166,,3762750935.01768,721417208.624,,45597107.9334572,2804621325.1103,
2019-12-10,131696121854.857,15924221614.0148,4132097334.6694,2326653544.74525,,481975625.304794,9709071953.35044,269760521.29683,,949093012.927327,,,943760869.40672,,3782704326.02485,732354663.8905,,44348025.9983483,2848915168.94668,
2019-12-09,133904005787.106,16135631419.6062,4125515159.27083,2402814942.04317,,485716419.474511,9758847242.34582,270249023.099329,,971820730.083389,,,964836090.397484,,3810511822.78721,709032622.578,,90720141.320987,2867412868.70498,
2019-12-08,136847419895.976,16464729150.1889,4134238974.83066,2437963812.54404,,464755635.364954,9974529031.25495,273855019.177549,,1009798192.44639,,,983813077.754416,,3891948419.07628,717028177.53,,106237017.022374,2931804622.02944,
2019-12-07,136686769529.039,16191247024.458,4138492575.88766,2436807070.34691,,465947063.807466,9888381918.89692,272923283.787785,,1004866553.93899,,,973196409.751084,,3860575904.75017,745494808.261,,99726634.7920152,2911520838.57427,
2019-12-06,136504883934.631,16235876300.527,4122124903.6454,2443683753.9284,,464937221.864104,9761133164.33198,272363964.707709,,993455157.987675,,,980792334.466986,,3870472224.83249,733241502.2275,,105798327.985951,2913078062.46787,
2019-12-05,134706455047.842,16240052430.4363,4149419251.49478,2451700222.27023,,467344559.413481,9649602826.87115,271958842.543012,,981893635.809427,,,973956438.940236,,3871392398.95893,758496044.012,,84616470.8370913,2889242708.75187,
2019-12-04,131143073943.328,15966157442.3648,4140656482.4304,2376597489.77773,,465046678.974992,9364745688.36965,270124716.069859,,969802335.381378,,,962101783.732026,,3798514528.64533,784726634.1215,,81628834.8157035,2882011361.65297,
2019-12-03,132359942301.421,16095928402.0656,4120924295.28171,2381198046.69036,,446025601.555193,9517202025.51696,271179198.672449,,983080974.410271,,,1016960379.83185,,3862794370.13471,819917109.683,,74372062.178387,2893726010.26649,
2019-12-02,132378982376.714,16214125031.9422,4114951367.77073,2362891697.11131,,456524671.635635,9507818760.23926,273321735.200433,,986684919.551651,,,1016686847.67118,,3913199173.95891,795173796.5605,,66427019.9589101,2921144389.14714,
2019-12-01,134215145409.923,16443650814.3906,4118235661.15475,2410249227.29158,,454728031.489011,9756884340.96666,280260602.432215,,1026365437.17192,,,1063601685.20189,,3922144118.99917,780208040.0485,,66507512.552751,3041545709.06785,
2019-11-30,136829391048.646,16589132425.8639,4115041871.31762,2444407390.47651,,454059447.84784,9806315573.44282,283632277.834985,,1048107282.06246,,,1033928662.86552,,3971434831.66809,796749926.868,,72716015.7931596,3026175356.68346,
2019-11-29,140280108520.941,16887922522.3828,4126616331.55577,2531096194.5232,,454235199.905107,9968382707.42357,300286976.689369,,1073986623.52372,,,1079758762.21639,,4078066143.80119,796272797.4145,,61616112.444995,3115330867.28581,
2019-11-28,134879411013.193,16496129469.801,4124805294.28279,2439314462.45459,,458276295.90287,9723838882.47281,282749816.475182,,1016079671.57609,,,1058777506.00093,,3967553739.15721,789526614.891,,56983985.1743091,2998875250.38883,
2019-11-27,136102712894.028,16634910472.4683,4128694012.79237,2503874749.88236,,467956601.92397,9745970910.52131,285878920.447868,,1012420887.33074,,,1076878629.56083,,3997547767.43286,856598472.2435,,61252993.2873997,3059223169.58203,
2019-11-26,130429018719.748,16193326032.8481,4148191320.11661,2415058207.5058,,462535121.469333,9618843673.17944,280017041.866504,,959117573.292748,,,1028012219.85274,,3861504452.87487,823152706.964,,54191199.9392451,3012041641.53408,
2019-11-25,129112952930.262,15921080564.3907,4120837392.92876,2374635549.85104,,457965522.747746,9466286655.9472,279365755.275518,,934626616.093158,,,953039490.58845,,3794036862.05347,892383618.9415,,49715921.2223256,2919784837.91385,
2019-11-24,127327398565.035,15523459920.4853,4180011937.39273,2376408888.99251,,447418651.137833,9663857830.98936,289036445.546275,,922680695.475099,,,928905052.13492,,3719555397.50897,947893227.799,,37750428.0207739,2849656911.62631,
2019-11-23,133636205957.351,16671705910.0525,4161983861.81594,2553835168.89687,,448722470.833908,10226933083.8625,306003875.284027,,994122170.366002,,,1012232599.54187,,3940197868.64773,964799659.726,,41481711.7393347,3104760986.86995,
2019-11-22,131791783672.11,16327536037.9124,4120554483.61499,2423526844.83833,,441973715.153583,10028238450.6838,288557851.564584,,963130805.611971,,,965696064.436843,,3787329093.54154,989313500.875,,34449518.341039,3034882008.08833,
2019-11-21,138031885378.783,17541867625.6188,4109731631.10837,2619271947.51066,,443598617.033011,10555043276.6049,296327208.697332,,995755249.914397,,,1028356428.86184,,4107271775.02106,1026161955.0665,,34889124.3588417,3242806029.95016,
2019-11-20,144962727397.799,19086228091.5245,4130393647.21201,2826455734.43248,,433657939.04638,10884017517.5235,312212809.933611,,1067634701.06969,,,1109841404.18031,,4426589667.6468,1053615962.238,,35272925.0137113,3523320531.22269,
2019-11-19,148178376842.59,19274876582.6635,4144883421.58051,2909049613.92262,,444180150.085246,11106437807.4385,311165408.825792,,1102995484.50245,,,1138131914.96242,,4429141571.41331,1062303298.21,,35742395.5169155,3544160660.36228,
2019-11-18,150025712267.127,19609782344.6314,4157375251.8553,3004482390.37294,,447778601.422377,11069403326.3884,314572758.761176,,1135647863.7948,,,1160082510.98396,,4533460759.04775,1072062493.698,,33852331.457407,3618749967.65382,
2019-11-17,154861842424.932,20102654600.778,4142844475.71129,3151297090.57568,,445015571.748926,11485052604.2992,323291533.642262,,1177627885.37547,,,1259812513.04155,,4869324517.05975,1056401596.754,,34458105.115691,3794900734.42,
2019-11-16,154354054193.602,19908020820.5157,4135759004.14995,3154697159.67299,,444955986.517353,11425884645.2714,325863005.982339,,1145239519.02082,,,1253254175.12545,,4849880729.80741,986233985.2785,,34545361.9447825,3730285757.92021,
2019-11-15,153277483625.533,19598770323.5678,4113666666.38138,3159918981.34226,,439849169.758136,11329241895.9196,324279636.711384,,1140128777.03609,,,1241430395.76381,,4795268314.23972,962614076.55,,33082962.6876076,3681894623.57753,
2019-11-14,157160974643.863,20191206220.1512,4130975242.98968,3307441358.73539,,442184866.449533,11707513879.8667,327123523.215582,,1117958882.30643,,,1300933683.13092,,5063764908.97847,973925990.9715,,34712603.3363037,3784543703.2207,
2019-11-13,158949942842.024,20434064781.4449,4121088707.56018,3305222291.65847,,449163234.294827,11822051382.885,329198490.502182,,1127632601.87537,,,1341143915.22676,,5188837230.24591,981382996.398,,35777620.2088514,3891188361.46264,
2019-11-12,159068712900.41,20278071676.0219,4113788114.01961,3244098617.25421,,450783452.193439,11795294865.694,332513141.82404,,1134751209.97285,,,1307869611.56822,,5238065361.26897,950824377.5415,,35507570.9458625,3905317177.68407,
2019-11-11,158009772437.163,20128792759.8642,4118061436.85318,3131442372.72319,,452216839.056404,11910794571.0416,331233143.623261,,1119896696.2799,,,1273346697.99065,,5199842645.04663,941759561.925,,36737500.7301638,3940458193.45469,
2019-11-10,163364406731.87,20559121064.6157,4119110880.64233,3185665329.35981,,452610559.020042,12132388502.1173,338534498.370242,,1139696015.61563,,,1293789172.92508,,5313685658.36397,959075304.4985,,37605572.2442411,4063643935.84045,
2019-11-09,158981489715.407,20074095541.1634,4108822609.19319,3069586392.30998,,452131191.3497,12117941815.2641,330918440.285401,,1100480939.73116,,,1264569279.44817,,5118863817.93066,938931715.365,,35547391.9112339,3943126747.79319,
2019-11-08,158808570728.683,19983058355.9185,4118305230.51789,3062638047.24106,,453928210.236545,11977697598.1145,323568239.581311,,1096640030.4314,,,1253254616.04065,,5032069447.81887,940363180.1375,,34413803.6573371,3852007191.27935,
2019-11-07,167138722904.034,20389037933.9408,4131592434.10987,3211356527.69849,,458718478.248771,12647080585.6273,332378116.853195,,1131378702.53884,,,1308492455.52354,,5312581524.95438,935129238.526,,36199199.7662253,3935124153.30476,
2019-11-06,168806151582.738,20778894603.3483,4120504628.38748,3237951225.45794,,458947112.893693,13410631514.0558,320462936.358363,,1165576445.64309,,,1346170856.21835,,5542406467.1568,948628145.8045,,34572410.0582954,4088991803.04443,
2019-11-05,168459778835.171,20528094420.2551,4127530034.25896,3223447633.78785,,469576715.468718,13028715563.0865,319899213.55598,,1149307855.35644,,,1323796944.205,,5315239099.34649,952007823.123,,35148139.4911605,4027051777.6949,
2019-11-04,169706332936.354,20205859402.4272,4125883664.86697,3225517471.80319,,447664363.99901,12971721431.8757,318630213.427097,,1120989388.95497,,,1322371820.99285,,5281034075.51701,958275490.7425,,34325649.6294712,3916584190.92321,
2019-11-03,166495319475.216,19777347724.088,4126314408.69228,3142781985.6236,,468534830.744074,12596463117.2222,321384941.94111,,1087128847.82322,,,1313635904.74529,,5296136970.28348,918473994.6445,,32361514.0362959,3728676101.92629,
2019-11-02,168090392934.699,19937622286.6921,4127588892.14266,3152261627.43982,,469892324.696928,12812796807.6941,320192884.809535,,1104469762.81278,,,1330824058.39556,,5259529631.73371,934515459.066,,32452440.6821479,3726483414.93098,
2019-11-01,166928044163.92,19940014310.5249,4124890870.72331,3114078497.03222,,455485474.404723,12656190133.6203,320557235.77686,,1097888790.60977,,,1312017557.52604,,5049556630.91299,935190880.8305,,32862148.440456,3725245519.55474,
2019-10-31,165804227834.59,19937256794.3697,4134412347.45245,3110770519.10738,,464314215.42577,12816900824.5844,318711696.451941,,1079489291.49206,,,1326828090.57585,,5145642138.50128,936411527.6775,,32490136.5027457,3737406895.26188,
2019-10-30,165899500650.49,20013431226.5606,4132087644.61413,3124258264.65364,,467478636.95813,12825432797.8163,318792234.722316,,1088083801.87305,,,1341238757.22473,,5256428278.72757,963198913.5965,,32121100.1441045,3714109861.44122,
2019-10-29,169883866262.332,20623205053.7217,4116816179.79752,3184941705.42573,,470545186.652127,13058999923.7203,323421852.221851,,1126380669.86475,,,1466403716.95413,,5225681740.97484,993331437.8995,,33579948.4240695,3805805251.4974,
2019-10-28,166777392742.458,19788729316.0292,4119771723.51427,3073144008.52563,,473738410.886709,12801729616.1485,322352880.67368,,1098341832.5089,,,1345929676.21866,,4799371732.98244,963071165.112,,33219227.7987787,3694652650.76792,
2019-10-27,172087039875.447,19957408084.5054,4125469824.00138,3008958175.0967,,475568091.663675,12892254870.8978,323238307.775632,,1097616330.09321,,,1275743415.00294,,4723673729.20211,914374505.065,,33088291.838953,3807830063.13511,
2019-10-26,166547360781.636,19477741704.7434,4114596273.7484,2938042517.85712,,480409108.987846,12701942701.1749,319273921.860287,,1051275057.80737,,,1105706758.06849,,4565115347.31841,911941836.358,,31792739.1399481,3607985866.66969,
2019-10-25,156006603607.064,19658140298.7604,4116967973.8888,2895480469.82408,,481796816.45994,12895056501.0459,326793803.715882,,1069400506.20016,,,1176236181.55147,,4685079701.08638,921215529.262,,32749181.2708783,3618037379.51415,
2019-10-24,134968410276.478,17560021218.4094,4138558913.24682,2627259624.04715,,481101879.679765,12042668475.4101,309068054.374129,,977063810.745705,,,1020096796.95001,,3869035864.2936,854512428.6405,,30956625.1916463,3181078149.97601,
2019-10-23,135337364281.804,17583244177.4492,4118105519.62095,2599201124.58497,,464430441.704946,11854650117.965,303741402.455736,,943980592.745551,,,954766947.675303,,3802291993.11191,825810062.553,,29772035.3630638,3152820837.67364,
2019-10-22,145469660005.416,18652588580.1737,4126489142.26812,2830084058.2289,,462166934.527917,12609856226.2205,312300057.281714,,1006380702.73246,,,1014350753.88464,,4121197131.87845,825498606.226,,32307348.3913172,3413955637.34258,
2019-10-21,148432733155.222,18933882640.4166,4125208335.05842,2847185142.3403,,477558147.497516,12669199713.1365,337678499.542684,,1018420796.68543,,,1040093474.30539,,4214958979.27148,848439470.2105,,33140053.0006701,3489419288.99761,
2019-10-20,148026597063.944,18997957789.4207,4119901026.02106,2867774149.13929,,474459293.56099,12721101190.3975,332308204.79276,,1024858733.34454,,,1037064304.49785,,4063978003.77391,836937085.8485,,30412219.9207355,3488800280.9642,
2019-10-19,143808163806.88,18711940303.3977,4136188572.5405,2844540342.07011,,476133073.057889,12671070331.1636,333752701.55005,,1016991740.41042,,,1035228775.12312,,3865829057.50264,838177178.881,,30429420.3831832,3431292104.54115,
2019-10-18,143517630375.763,18786275034.6812,4119297017.08149,2839196964.43122,,474714057.808272,12756788002.2849,329253021.93778,,987128932.141048,,,1027991310.99551,,3841388166.93148,888883510.5745,,29303327.1690865,3396445202.05652,
2019-10-17,145853994297.969,19260755682.183,4125325860.62337,2888358527.44567,,474582522.876423,13049972342.8828,335163409.2963,,1024746317.12128,,,1029716914.75419,,3999716236.83166,874110353.858,,31341415.6471048,3484535289.16576,
2019-10-16,144823993562.285,19040429001.7184,4133212798.34803,2774782680.49802,,475595775.166541,12286985752.6576,317190469.358066,,1004433805.75429,,,1019342732.82563,,3940974652.38477,912493135.1165,,30563308.4112961,3359652969.51535,
2019-10-15,147650082214.972,19621350992.6035,4124681551.06932,2884374239.76153,,471057040.746979,12462323338.0067,305248061.408702,,1031011908.45069,,,1049859999.95411,,4024099898.40852,970326221.249,,31601271.1454928,3487585898.65189,
2019-10-14,150680499056.444,20219637356.554,4125276591.12083,2871126616.24114,,468218813.867912,12799942424.7987,309575030.767067,,1083474445.24243,,,1115709151.92304,,4127724343.07943,922420687.265,,33443456.0225004,3616122088.96739,
2019-10-13,149700817938.865,19688808993.7047,4128347940.81619,2847569963.88761,,468541248.845562,11990204702.5889,297629961.951253,,1071428262.39731,,,1076022132.73148,,4046676733.87844,981348416.8985,,32928595.0960776,3599137699.36258,
2019-10-12,149965767624.062,19551368532.4125,4126426746.86517,2687348920.05047,,468394317.822723,11792798088.9456,284518006.262041,,1051143062.95385,,,1049661173.81941,,4063979952.46422,902338849.3945,,34266087.5885184,3552381330.65967,
2019-10-11,149685618275.045,19737401838.3212,4158787987.10516,2598945538.27474,,470359604.206,11702493149.2413,285091460.244972,,1053231669.62257,,,1066471311.59687,,4018292194.54118,840650622.9835,,35069074.3509493,3571918357.17491,
2019-10-10,154430515160.222,20717535746.6135,4121340915.28046,2732959385.64178,,452018482.771802,11744507006.9041,283471138.128954,,1080140961.60936,,,1087784411.01789,,4153494466.04224,765835879.3225,,35501671.3832078,3665380676.14385,
2019-10-09,154579656110.395,20891536594.5492,4131538662.02628,2769576933.53248,,461621062.849061,12156932943.9896,290246473.655638,,1105241985.37919,,,1132516956.68151,,4321609716.68967,688101396.3845,,31398495.7894834,3769908817.05316,
2019-10-08,147966069981.652,19670825764.3233,4133186976.28975,2505415409.7563,,468318969.570658,12020170580.3301,285114081.96272,,1074443874.39755,,,1138794190.08083,,4193283874.93966,692586222.0585,,27269186.6220365,3640571610.71027,
2019-10-07,148252589805.02,19578142142.661,4143061945.84873,2509483158.59617,,471937627.157373,11900420320.324,290494970.512602,,1080435862.86625,,,1090589922.76716,,4226747948.36513,682863179.432,,24110886.1141106,3664860552.19024,
2019-10-06,143607672862.462,18697637484.0571,4157697859.3799,2387329910.37002,,480030265.95277,11112666133.0806,285110218.071853,,1019553042.08405,,,986179655.130232,,4031015784.73015,705830998.0225,,22775052.8250083,3513746873.64423,
2019-10-05,146529229668.44,19050956366.7615,4115980271.29652,2445593918.43634,,473493990.929128,10929504865.0153,282153892.796836,,1030084921.29664,,,1007796284.98908,,4026164980.35121,643757762.6515,,23216565.1719017,3604148251.35139,
2019-10-04,147491804056.45,19116991692.1619,4144365577.31234,2450498699.03145,,476792469.351178,10950104520.8509,286684074.986573,,1028437473.04353,,,980787799.372579,,4027305028.47388,617227495.4755,,23491048.2873719,3604329719.49012,
2019-10-03,148448162840.339,18921747814.4379,4128369915.44436,2446088605.25398,,474684574.423664,10688160806.8087,282370082.884902,,994599040.853026,,,957206949.661036,,4014761921.41042,601027004.319,,23388395.419473,3584521184.31886,
2019-10-02,150823797662.299,19514521236.1805,4125482766.92949,2480818020.39659,,456240793.184141,10933024349.5224,285590696.249197,,1022702346.95611,,,964716302.216216,,4074135488.70131,590578652.356,,23792484.9322673,3581752016.59906,
2019-10-01,149913972767.969,19148222891.9103,4134317780.76204,2473533187.63827,,426469952.129756,10761681803.3485,290007971.362601,,998363540.42098,,,938377942.518565,,4053313928.66974,584556447.335,,23523555.4278993,3552792224.3532,
2019-09-30,149011567415.156,19419149343.0273,4124922495.64087,2467228254.38519,,427374808.370927,11036254661.7981,289882718.675439,,1008182342.68865,,,968460128.923902,,4113583440.91557,580641587.596,,23778588.2736589,3552325139.29095,
2019-09-29,145590374680.607,18405401314.9367,4131364185.28538,2380504959.59023,,429610243.095035,10399003153.2524,269929126.278747,,971890056.531747,,,893676568.869941,,3974487247.26356,616065985.8465,,23980408.6196939,3441861229.428,
2019-09-28,148122503615.689,18842313324.3151,4127056412.84288,2465477589.72792,,429395142.802943,10449975028.3937,271215845.193263,,1006662551.322,,,912545252.765579,,4125600089.15813,607533239.9045,,24654249.3364463,3527794898.62169,
2019-09-27,148212635834.013,18854855889.0488,4150539049.89976,2455965666.28247,,427060555.955582,10512410924.2878,269545633.50762,,1024951252.99385,,,918326229.208251,,4012039009.75419,632571592.807,,24007978.9310847,3570419887.96975,
2019-09-26,145812492487.865,17991000061.726,4126247360.80575,2404567794.51096,,419803976.355502,10502200053.8888,261563927.496273,,991171141.666575,,,859107169.899533,,3897028540.62416,637490132.496,,23373905.1779728,3518070664.40447,
2019-09-25,152404005090.737,18438188568.1795,4135771272.33176,2528773871.77078,,417470013.710571,10616698451.0245,266601412.974145,,1021428554.10558,,,883683793.830946,,4134747962.46755,661291922.9175,,24204698.2160961,3651789616.19822,
2019-09-24,154785821876.078,18135747380.4531,4137451011.04022,2499115713.34658,,389211510.773585,10133548682.1277,270292234.837895,,974166906.620922,,,853144451.509113,,4007054981.73461,639712666.2605,,24282802.7758529,3535218520.53611,
2019-09-23,174674558022.766,21780534855.2009,4118512107.03569,3030706995.38297,,389889240.099847,11574524621.4319,301618719.020143,,1199502001.9636,,,1072331896.10468,,5280913479.86663,656554430.3955,,26858054.1836357,4233164123.53977,
2019-09-22,180784051698.601,22815755536.1328,4118866620.59134,3192478009.92608,,392999540.698005,12009356967.9302,314478667.375803,,1273314002.42958,,,1128300529.76257,,5554995552.26038,633437288.3685,,27530957.4647654,4597645596.34659,
2019-09-21,179853287294.13,23241121350.7197,4117713822.38848,3279053000.71406,,393751351.437252,12461952067.9773,313689746.904664,,1346178814.25484,,,1215410248.92271,,5629674071.14608,570303194.566,,29362192.6139776,4654112106.0819,
2019-09-20,182738947695.643,23511410671.2305,4111952091.78457,3324048451.86931,,393703322.375823,12678417603.7535,324135090.957539,,1357030832.2722,,,1159779602.52318,,5681164929.98271,553502261.6865,,29951661.0479417,4756922829.06083,
2019-09-19,184240949577.458,23856751721.8975,4120322200.03357,3361863927.44104,,399476337.268696,13021616392.559,328562682.408345,,1361274440.82378,,,1177000134.56714,,5830692746.4657,566133841.728,,30033273.2367941,4877292701.70278,
2019-09-18,182998899156.058,22787891774.2794,4128128247.11753,3461538669.26348,,404626236.060134,13509644788.5453,329649837.446452,,1381702254.59478,,,1201424708.34382,,5848498641.4089,547786748.6945,,31470201.2543784,4934275012.3309,
2019-09-17,183748515827.697,22484889435.468,4128114452.06111,3267105837.64666,,414202817.744108,12262515973.6912,316212957.706881,,1270629600.41991,,,1119283625.41181,,5753902076.85453,553326582.3995,,29610214.796377,4696563796.86732,
2019-09-16,184366827555.185,21243167876.5924,4114723986.19885,3172717472.74182,,421382673.070824,11227300186.2445,297647426.44343,,1220414092.21154,,,1046235725.87994,,5537680595.10899,597673768.2055,,28287222.9136199,4591727204.78262,
2019-09-15,185618174383.964,20451239362.2781,4123580641.87815,3203891493.01302,,427289964.344369,11256389684.4947,298246050.434078,,1213352353.76396,,,1039726738.83202,,5477821378.48605,607189370.7565,,28308483.9924162,4448378326.73138,
2019-09-14,185784300332.487,20267272632.6072,4114222769.9063,3277404969.32102,,426122931.536116,11236551219.7835,295798965.957362,,1206223718.84642,,,1054099026.92766,,5485537202.99871,630745597.825,,28728833.9299054,4463527329.78228,
2019-09-13,185809163035.281,19511050764.4777,4097467739.86302,3248767822.39487,,426372460.046606,10994948160.2318,293959645.770237,,1186234364.27817,,,1034632145.63078,,5369159540.11179,628912446.1445,,28419858.9669101,4363467464.35923,
2019-09-12,186678943058.602,19498542851.5573,4101324783.45188,3254182238.62776,,433413766.981154,10963094268.6858,293854225.873227,,1178436047.29258,,,991187112.160446,,5407536587.5693,640837507.891,,28450975.0872416,4377939286.52385,
2019-09-11,182502788242.499,19249367782.4548,4098035280.55792,3250611594.25264,,435865675.202089,11012382023.7306,290629359.975511,,1166460704.29264,,,997238672.442629,,5396077805.54167,621936130.06,,28750017.590403,4421472827.94397,
2019-09-10,181360731382.795,19361276592.841,4087401867.03224,3407987322.34666,,438285027.727163,11129180969.7192,295224766.160785,,1205855448.2112,,,1041753771.43632,,5473250315.34175,606023565.6125,,29675216.8263761,4477994430.69074,
2019-09-09,185263578990.272,19505534124.1163,4086341063.09492,3466507439.90205,,439300894.166889,11157198091.4024,298135096.317599,,1216793069.99255,,,1049680166.67398,,5495918099.15588,629259271.5255,,31040250.9892406,4437564021.90159,
2019-09-08,187150078006.707,19525276831.02,4092580761.89925,3509171072.71078,,443790057.543491,11308589244.5082,302972061.331851,,1211284020.19247,,,1056275571.47362,,5523893244.03566,624835581.657,,30531569.2000945,4459610896.97966,
2019-09-07,188488525926.318,19189873688.9762,4076795699.99183,3507193556.62218,,446581152.959024,11205531352.8117,304626896.533521,,1197778631.93912,,,1029145148.47266,,5418034772.80389,649140668.253,,30478380.9172775,4363628896.93569,
2019-09-06,185530405363.172,18293376880.6347,4066603136.35192,3445627919.99738,,446334724.140348,10846757542.8244,303870099.631257,,1151557931.794,,,950639582.265535,,5170983304.25005,641721121.804,,29930680.6990701,4122321156.92598,
2019-09-05,189492405382.712,18749645579.3166,4039613908.31016,3540186402.68435,,451453128.591623,11018940996.7399,306473459.542747,,1152110878.03846,,,1000830966.26842,,5268389505.55437,621326044.2165,,32542291.5212452,4132391771.18173,
2019-09-04,189810010607.682,18938360722.9922,4035748884.39801,3390126221.3078,,428921431.933419,11171918973.6471,325624542.787525,,1180110608.05634,,,1039747569.38449,,5311159510.81662,626580726.7335,,31021581.1682358,4251369351.17856,
2019-09-03,190312487956.047,19313265198.0836,4036034881.83891,3501837461.94391,,442431639.016929,11310944374.6351,314163634.288929,,1212638991.03532,,,1063540664.49765,,5410524511.39657,632233170.373,,31241653.50832,4367373936.09439,
2019-09-02,185333114163.111,19186913438.703,4019029082.49025,3541124995.65148,,442561508.778547,11211279067.3854,314174809.245812,,1176091976.57765,,,1061853981.71086,,5288061486.03665,624201412.401,,29832675.6788249,4228918427.60845,
2019-09-01,174768292883.373,18461846967.6036,4026198549.67524,3354720067.99556,,452961465.798183,11092364971.53,301547448.716597,,1154858194.53749,,,1041912670.74674,,5076312771.37762,665135295.3525,,26602612.4686208,4177872604.63045,
2019-08-31,172470743516.177,18549906271.5195,4022874816.25618,3307630391.52383,,453985394.452711,11141812866.2524,303898754.402247,,1166467600.16226,,,1037558304.43307,,5032832851.68426,737513471.121,,25766619.3151919,4078358696.32397,
2019-08-30,171869216523.885,18156660600.9936,4016648656.57113,3455847936.75615,,452638755.403154,11013445815.6885,300273833.854111,,1162170223.0199,,,1040672168.77421,,5031070652.97351,726896842.497,,26747441.8171329,4062542325.04117,
2019-08-29,170274910132.348,18227677830.668,4016076899.34,3404637328.37187,,450009119.801497,11035685651.5356,296353532.69928,,1158850279.9835,,,1035797245.70325,,5046194519.0512,729777072.6575,,25468774.1238671,4047272938.0043,
2019-08-28,174627460399.528,18695530287.217,3993337718.07949,3686666048.4685,,424907803.155084,11053053032.2367,305281910.97483,,1188098007.52979,,,1066932137.82798,,5251514386.95463,764817282.1345,,28159702.3815609,4256892976.36232,
2019-08-27,182325540954.58,20158029984.3603,4051946617.56277,3995579225.62158,,424924389.060561,11575485110.6745,316922333.350595,,1292184389.90466,,,1174332606.92961,,5535810620.80438,788655768.25,,30958507.2920043,4597966229.8049,
2019-08-26,185625235888.757,20307338402.9685,4061567311.73184,4060803661.93744,,429435488.666812,11625706518.6063,324057575.398672,,1288484883.17893,,,1181382165.49215,,5590622645.13025,780353504.518,,30305819.6613125,4661893372.72381,
2019-08-25,181450186164.483,20080495261.0071,4047319906.55699,4064461676.71249,,435835634.509754,11589356109.3822,321922165.279636,,1281808184.568,,,1171405384.61495,,5490872606.31633,775709885.4575,,29914977.658665,4563612040.24144,
2019-08-24,181813631752.038,20555802874.0923,4059783763.01673,4121048294.58689,,438031691.134265,11695124195.7663,321787503.38861,,1300940279.70124,,,1187006326.67254,,5527034122.82041,833161948.5805,,32316672.7165675,4636016949.74222,
2019-08-23,186231409722.18,20920364878.5136,4064927505.50839,4226014865.51085,,438606574.941555,11866405277.3821,328052057.37882,,1290905550.70505,,,1205807717.48149,,5691438063.38231,876803143.4715,,33641629.475075,4757819433.3381,
2019-08-22,181257125782.967,20555295232.5693,4055957258.08888,4213363666.24309,,438817601.598031,11620983952.9599,326418778.663991,,1281051015.84988,,,1169496328.25331,,5592067523.52779,874873977.2955,,36530923.9731389,4643456772.4928,
2019-08-21,181364502141.631,20075644244.6094,4021552170.49089,4198513862.96161,,438098196.000305,11420125836.2287,323282142.680742,,1221501502.11635,,,1112907798.94791,,5441704128.57128,837686344.1905,,33450726.4695427,4602987628.98227,
2019-08-20,192530283565.253,21112106338.601,4045850195.89149,4381078783.88997,,416674293.915773,11829516781.8949,333973893.536444,,1275474446.55232,,,1173606965.67842,,5679257104.04963,812662693.591,,34213934.3228322,4743207580.11383,
2019-08-19,195243306008.31,21810324618.1926,4060897532.55433,4480857765.84197,,417987446.87059,12152144825.2148,338022974.102467,,1304079745.06854,,,1205816091.94957,,5846759168.06308,844460610.9135,,33641707.6120421,4873084522.53359,
2019-08-18,185022920955.421,20884307088.1457,4057444465.69491,4344520680.48228,,420617417.95385,12122901988.3913,328961191.382942,,1315314322.7286,,,1189131713.72628,,5682902162.51137,794901897.2335,,30279136.0925039,4809876076.86286,
2019-08-17,182966857173.0,19936235952.7187,4047320852.29244,4274230063.97967,,419396123.475449,11396948392.571,319657988.417752,,1228764421.20886,,,1129673021.26857,,5516558754.1408,844577979.2975,,30777021.8973497,4590467351.31616,
2019-08-16,185500055338.796,19907120203.8354,4053428776.07179,4299745920.83572,,420406892.666513,11236137963.4132,323821638.318145,,1214458933.95546,,,1131447808.37672,,5572942269.71365,832992225.044,,29102347.0220476,4723824771.35466,
2019-08-15,184357666577.279,20233249251.2831,4053746971.21874,4361785696.13636,,418842373.409309,11360984399.6364,318849058.829889,,1232018705.09546,,,1174140765.70196,,5646447971.05661,838892496.393,,31784392.5851274,4815969361.44296,
2019-08-14,179692803424.26,20027397541.0164,4015336888.03876,4215913076.11161,,419239162.890377,11294964982.205,328706637.336832,,1218564199.24436,,,1180521094.9328,,5590600885.71639,812899281.152,,31943249.3367093,4794992634.77197,
2019-08-13,194762696644.164,22396531008.8286,4029041081.63768,4583088148.36476,,421479640.498485,12723035972.4848,341124651.883648,,1362753887.36635,,,1355328946.76061,,6167686392.64121,762704421.066,,35903542.2081716,5320229476.85093,
2019-08-12,203441494985.163,22670420643.3108,4036397867.68369,4692057690.30724,,423256122.518695,12881006908.55,347750297.129122,,1372520556.98175,,,1378762089.42747,,5925637085.61075,801179369.1615,,36756637.9951046,5404272823.8073,
2019-08-11,205941632234.684,23183002869.0522,4033923479.86393,4675006646.40036,,421827378.6306,12943909473.6766,349886911.423066,,1425499839.1357,,,1381358563.1828,,6032155087.54295,837149418.133,,35614687.5023485,5655924170.02385,
2019-08-10,202890020454.664,22176113560.563,4042064735.97161,4616618693.44495,,424503931.025391,12806941381.2383,343120072.04825,,1347716039.76672,,,1364513500.81673,,5669016593.05549,861234531.1815,,32447782.9827484,5382272086.1136,
2019-08-09,211961319132.719,22576055651.279,4038339617.71917,4660109132.82321,,421098918.097283,12747895719.9908,350568745.498968,,1235203861.97511,,,1319597672.52276,,5679741909.15307,869531173.2205,,26499194.573313,5319984195.456,
2019-08-08,213788089212.212,23694202562.3418,4032631238.8258,4795639294.52465,,430327899.652764,13190251226.7093,353408334.377279,,1347437568.97408,,,1459452420.52637,,5986043210.61153,874189200.668,,31249881.9276925,5671748769.07792,
2019-08-07,213330426788.853,24275514217.238,4047815470.12317,4565682087.38434,,432471759.020024,13374954844.7853,362745386.161324,,1345774517.55843,,,1445373772.65695,,6090824526.40143,848917776.3955,,36165371.3208544,5726708989.55936,
2019-08-06,205023347814.272,24232708405.8953,4032665588.1488,4298737321.72729,,432324477.237012,13347360881.5394,355991865.550507,,1383701919.80141,,,1444958025.60712,,5982117479.13955,839928315.541,,33369004.7564492,5861986121.13558,
2019-08-05,210848822060.36,25108076876.4348,4080179145.21392,4356875572.2019,,430635846.468465,13872050658.203,372477432.865982,,1469544377.31491,,,1539576165.02705,,6217888008.67072,763440116.894,,25622156.2225929,6098470159.22262,
2019-08-04,195907875403.024,23867371248.8109,4046865534.54288,4285994666.62342,,421167169.410324,13712472284.6004,354483149.254108,,1458935743.80494,,,1494683390.07909,,5982644434.30137,768893255.7635,,22313002.8293927,5868857449.00058,
2019-08-03,193233960601.286,23845116864.2469,4043681423.09998,4337897093.59706,,423688043.037196,13580218029.3078,351275677.827523,,1497630296.45745,,,1462275541.5839,,5965406240.82982,731198580.6965,,23219046.2316078,5954227576.88564,
2019-08-02,187791090996.091,23347127326.7587,4033499119.48743,4361013466.23289,,421730012.315022,13393149203.8331,350830676.770969,,1488526750.34127,,,1450913287.15479,,5858646056.33659,749106533.8575,,24027029.1821716,5975497671.64337,
2019-08-01,185653203391.495,23337361748.8686,4050895289.40092,4475300389.20585,,429294159.217251,13629460729.7419,356641797.607777,,1526381233.10542,,,1483891309.66365,,5892751618.36567,776205287.1965,,23243355.0882627,6240801534.73212,
2019-07-31,180028959602.822,23425015629.8403,4041560024.65416,4299743458.2696,,436048258.409739,13758215466.7566,349610537.747977,,1559562581.01257,,,1498976815.11352,,5852931215.87782,790468086.562,,24712026.7175422,6197337878.27954,
2019-07-30,171472452506.045,22551013736.1935,4035591592.12463,4190517355.78158,,437549089.503033,13653644725.3782,339690583.313042,,1554177557.29791,,,1478838693.95378,,5661633809.49971,841246588.441,,25047078.9128124,5696275523.13539,
2019-07-29,169880343826.604,22627969069.3631,4029661620.15732,4231107382.16928,,437472835.493028,13318731525.0699,342396264.827239,,1565812954.94572,,,1470560761.12723,,5517534582.81328,834488658.4895,,24812165.7878263,5686062706.34301,
2019-07-28,170461958073.989,22616386468.2393,4036568222.78082,4329390810.2674,,423857747.976285,13376153627.0919,344666082.675676,,1541995847.37038,,,1489106818.57998,,5562469265.81997,841888629.5225,,25571806.0582644,5643415872.96613,
2019-07-27,169099540423.129,22208955062.7296,4023148585.56636,4337238486.27986,,423283757.993799,13300742951.0437,340210523.754065,,1552271993.29449,,,1463377611.74127,,5493623993.27954,829846811.9585,,25966983.2154482,5586678799.35647,
2019-07-26,176085968354.266,23514586697.9851,4040171251.02537,4507327768.12325,,424175789.023537,13857657306.5081,351972410.639651,,1630403438.01073,,,1549915814.31756,,5661444257.61767,849005262.5915,,27770242.0731889,5925662075.88155,
2019-07-25,176806451137.238,23510336984.4543,4037152968.43347,4510942713.53817,,421478374.448937,13484184546.4563,351999833.164186,,1520981691.84134,,,1538405597.84485,,5426343672.73539,892624348.175,,26558085.414332,5870441887.53252,
2019-07-24,175005760793.922,23232101232.4682,4036055230.12324,4536028908.07916,,422466299.239141,13532870284.8362,351265071.530279,,1530901690.05802,,,1595433745.275,,5424049391.10462,925624353.3705,,26158466.6916034,5923434070.71243,
2019-07-23,176572890701.902,22767023809.5926,4014962124.88287,4601584123.77818,,403811643.763042,13274967597.7827,346989161.83281,,1447034779.18971,,,1624517170.52373,,5347064857.04905,913097864.1925,,24984483.0837225,5690513768.67954,
2019-07-22,184443440747.993,23281138562.9913,4028586250.55116,4764802877.76323,,405663025.617542,13796653785.6059,360973873.576175,,1541782517.43501,,,1775013833.28341,,5561548260.91313,937681898.2615,,27701149.565217,5990269581.95453,
2019-07-21,188987475961.558,24141704293.3343,4030144849.92141,4746909287.26699,,404794928.153795,14190843703.792,370439302.885689,,1586808067.15034,,,1944368817.05126,,5744869635.00664,832896514.6915,,29178991.3813654,6253213997.81743,
2019-07-20,191963691255.277,24511869214.3742,4047279802.58611,4801767337.8649,,405396204.573465,14272232665.8015,375496388.561238,,1632319754.84664,,,1944226305.2735,,5804085930.16225,769177556.8505,,30356542.7165503,6313476233.02389,
2019-07-19,187725578627.888,23675884534.2591,4030698284.81468,4522757865.6292,,404461384.756611,13732383140.1234,368322123.281642,,1550095096.47243,,,1870166652.95024,,5513937259.97622,954972344.4485,,29167910.4107436,6173653346.73402,
2019-07-18,190129918120.93,24232572602.8968,4007527467.9292,4498559027.198,,423752492.830468,13842515319.9005,375802424.86651,,1523785855.24705,,,1720711238.12286,,5639784557.7284,975583149.261,,29777344.6437856,6340559062.69637,
2019-07-17,172777250514.701,22616651113.7996,3995324968.97198,2971713195.2909,,424443147.83023,13304378912.5867,364796543.404116,,1432188399.21547,,,1524965286.32995,,5217863518.9739,1109669612.2225,,28695883.7818878,5632042532.27657,
2019-07-16,168908640950.353,21298941498.7518,3936469134.29803,2786705507.95848,,402705576.412351,12630613061.758,340039852.867687,,1349556307.95195,,,1413776358.06922,,5041290674.06188,1110847783.3355,,26153105.9966335,4984318766.63757,
2019-07-15,194147627474.959,24566488596.5127,3969197087.4333,3099868489.54899,,384031763.039641,13421671800.1541,372153997.380526,,1543614519.21197,,,1693841583.92052,,5631883901.04942,989498968.521,,30070581.9337871,5699307529.95997,
2019-07-14,182741933551.727,24328422207.4352,3916691731.60403,4083399701.45484,,381350516.906806,13043521741.9112,362718198.986017,,1540824931.30269,,,1689220379.49938,,5060555564.49441,1091411807.3075,,31099564.0943376,5625773339.07289,
2019-07-13,202968191000.8,28801816022.8443,3906601065.28034,4448006684.52763,,381400432.266635,14139724264.9326,390920284.308042,,1731139937.6756,,,1894196165.17605,,6171207834.44472,1089532122.7735,,36078226.0588632,6329505235.46182,
2019-07-12,210494417831.881,29526802979.1159,3912950351.28323,4474462557.38774,,381774805.087084,14647922420.2662,401865725.844649,,1808509845.12049,,,1972862429.10242,,6340628507.35538,1167515193.1485,,34365571.9659779,6595612500.36637,
2019-07-11,202324174691.693,28713849047.5137,3853202592.30261,4184719946.5854,,376911459.833077,14061255159.6906,390119795.079366,,1690414958.14063,,,1862607656.37249,,6186691363.0354,1160024637.023,,31412375.0682329,6427725958.27728,
2019-07-10,216515999522.295,30985827113.2954,3844539299.06247,4443834090.96635,,377774654.096642,15484656712.2203,411846677.525871,,1865186731.65841,,,2140686586.00413,,6979428054.12477,1216907978.3105,,35077356.6492022,6792744022.32708,
2019-07-09,223928128582.652,32998749927.8766,3847191979.8692,4617518453.57424,,374922536.392976,16778394835.1356,426861436.117779,,2022135799.42349,,,2292087772.8222,,7440740817.7939,1267753705.659,,35273580.4629038,7475393727.68533,
2019-07-08,218778355444.306,33461369497.8749,3778152236.44769,4725098655.02754,,375388100.417522,17091878214.3301,427975398.685475,,2086510859.65519,,,2300666613.01389,,7485665779.65965,1219711939.7925,,36348970.3742776,7714781782.64145,
2019-07-07,203881891345.94,32650611905.7219,3710332354.50274,4692823027.78079,,368058331.739517,16900947895.064,436892153.684487,,2073226940.31393,,,2329386104.43651,,7362894509.268,1236607323.273,,38380887.0777079,7527688154.66055,
2019-07-06,199546110914.427,30707785755.8538,3688689725.77273,4592571450.29276,,367854867.239256,16560748580.6035,426421765.978934,,2005081178.25342,,,2136976307.76046,,7248770122.86563,1275902459.2125,,38253957.1243271,7369730846.17327,
2019-07-05,195424678267.024,30751916426.8749,3694148235.97039,4618296905.43442,,367267504.429454,16131219596.4083,464839135.602298,,1984253355.45456,,,2123781993.23812,,7159550587.48647,1257190705.981,,39473661.5900037,7401137488.10874,
2019-07-04,199617404431.54,30377082393.6103,3663725121.46991,4643731176.14635,,366400452.120413,16546425930.2453,388085562.578922,,2016443988.54943,,,2094105110.32317,,7179847499.32269,1206411074.6345,,39243216.8734023,7501164314.57023,
2019-07-03,212867079175.497,32356299765.4298,3651596466.48787,4611850529.54502,,366894722.438356,17389810699.443,398204900.640692,,2151890421.23483,,,2201404464.16419,,7552985982.15879,1296103164.062,,41767111.7973957,7661188686.13139,
2019-07-02,192206536805.973,31124332020.838,3619787351.5654,4518919330.52658,,370243192.64147,17035325314.4415,385000907.756708,,2102087913.60121,,,2130138721.23638,,7289112276.2373,1036638991.8185,,43451066.4805426,7451762462.53724,
2019-07-01,188297637573.825,31338571563.3304,3586361277.11445,4647821413.63012,,367612314.167811,17318727257.431,389069550.768649,,2173260576.26439,,,2173939871.44017,,7444877513.75892,793662090.8055,,48139157.5938354,7658690466.45716,
2019-06-30,192442065810.218,31020295932.1068,3573328668.09532,4580083462.04202,,366985179.171175,16873846275.0226,391423317.58106,,2128549912.32711,,,2129781704.92175,,7137232211.40976,791545864.97,,47733950.9156066,7636046758.42335,
2019-06-29,212739713110.418,34149263831.9266,3595353335.77314,4991980477.45432,,365854205.449806,18277144071.2141,409063098.5845,,2344378821.39737,,,2357792224.1677,,7909203098.77305,766399120.214,,51707749.7637207,8347117542.2179,
2019-06-28,220681459665.927,33202586959.5675,3600766045.95612,4877576206.92731,,364258190.734496,18189360758.3163,419171359.868963,,2315164002.28576,,,2263415377.60686,,7802534341.8277,651116941.244,,41642375.81737,7501601230.37516,
2019-06-27,198878940963.532,31389390614.5995,3534068745.34711,4775062008.77012,,360953145.201763,17399283013.5691,399859152.63683,,2241360202.72591,,,2150556666.45039,,7381521390.26308,630481076.736,,41676112.6690029,7141234400.19192,
2019-06-26,231462117208.617,35916727560.8771,3545698254.05698,5039726760.48908,,355534299.931576,19897799406.7628,405826744.169832,,2510251343.75695,,,2432722451.72618,,8671982406.94454,643493677.4525,,38457903.8304715,8191677322.78247,
2019-06-25,209647943360.178,33925712999.8582,3534644504.64577,5083488020.40592,,345967173.830009,19930916235.7823,407366308.780511,,2498245356.55674,,,2571088572.45299,,8568477926.8464,596004725.2215,,41158453.5455626,8515726713.41868,
2019-06-24,195762668679.254,33100160024.2527,3563170776.17379,5284712262.88286,,346117014.424979,20010034989.2651,404420400.932071,,2533562407.30881,,,2558937384.73703,,8504058845.79809,617942688.293,,44634874.0474996,8454028779.55437,
2019-06-23,192970090354.715,32819043043.3578,3520635647.66233,5242513178.54625,,344238451.114331,19903281582.0599,396730842.805816,,2505704184.52218,,,2491855575.62795,,8481134641.44687,643454346.073,,45337317.6066248,8536077179.26101,
2019-06-22,190214124823.557,32980338717.0479,3517547292.90125,5336399153.58868,,342590410.086222,20178408967.9602,393654484.630509,,2446662674.02751,,,2489035420.9424,,8572340893.88349,636487947.179,,47182410.8796164,8847068563.78605,
2019-06-21,180293241528.337,31433771858.5325,3573037046.19066,5479856278.11369,,342637241.462375,18836369763.8561,386823956.464658,,2322091328.62384,,,2223480469.89908,,7844600287.93811,690072343.4535,,45850089.1059499,8656823082.61577,
2019-06-20,169304784791.184,28955655289.9731,3548510405.02824,5184819736.42623,,346068745.961029,18268310634.2652,379320132.144197,,2265640397.5583,,,2182322871.94712,,7381555719.7085,585701349.9715,,48485740.5969948,8442646196.59256,
2019-06-19,164780855868.715,28710780974.5695,3542188389.55599,4981687235.78878,,345830994.483512,18565554265.1014,375562335.431735,,2332886411.6084,,,2221136507.10123,,7440639033.32672,602456049.104,,49872687.5047819,8510498678.41247,
2019-06-18,161353637185.781,28240458528.8547,3529616182.24149,4847896839.63757,,341369761.739739,18223194815.3562,374976170.798191,,2311337668.2802,,,2208139301.94362,,7386885005.34811,586795263.7295,,48492025.1157861,8418405569.54257,
2019-06-17,165573372261.217,29227567867.3796,3540042489.45827,4788373009.59748,,342956757.825717,19044270772.3325,382759058.310154,,2425666979.6383,,,2261835111.39878,,7717588598.3865,646771978.482,,46984261.3413427,8371507503.95563,
2019-06-16,159769423369.732,28677606760.1658,3479357226.7516,4574470639.87958,,343748614.954996,18170284661.1008,382232242.973778,,2393611253.65774,,,2201165026.89379,,7642032028.3435,399965628.573,,49069187.4657327,8536706966.91652,
2019-06-15,156982138834.687,28652203066.5422,3456234352.8044,4634207331.74034,,343889179.801642,17443622688.5845,378704191.602897,,2377068997.96133,,,2193150685.45796,,7543301233.16657,398406699.2885,,47303716.7185496,8597209350.69653,
2019-06-14,154398880249.084,28123338884.4728,3453254931.99185,4669574215.90207,,344551146.456849,17252452724.7189,374713827.286984,,2349495493.5539,,,2169710868.34244,,7515047091.90441,417100427.058,,44597100.8309414,8279439668.96264,
2019-06-13,146160317148.195,27276572627.3432,3428991225.42607,4961350436.55916,,343111371.270201,17038475489.2061,368689737.042006,,2326670249.83711,,,2175215011.82853,,7347603510.895,375638527.915,,49914134.6036009,8171623427.09053,
2019-06-12,144634684710.85,27777154177.337,3364252864.83098,4896867644.54081,,341136712.436083,17075593028.9463,367743216.439949,,2502604096.56736,,,2242058040.89238,,7069287862.94304,403416987.316,,50150681.4361243,8437276929.96619,
2019-06-11,140748537529.853,26163906568.7401,3325919823.6272,4554696451.88661,,340263707.540655,16653166702.2963,366598994.178945,,2280666738.99366,,,2086671943.98925,,6917539681.38159,412164418.113,,51332769.9650554,8458730744.53945,
2019-06-10,142023351079.395,26345596474.6313,3294730227.79719,4526753534.50103,,340353225.791705,16913630344.8494,370527383.013694,,2217723086.27225,,,2113147481.9458,,7035828916.23052,391871523.561,,58268805.274352,8024339041.41346,
2019-06-09,136465098533.162,24806123508.6372,3248557122.4277,4314081086.68469,,338071631.581654,16399949893.4008,361011750.53997,,2060434301.66845,,,2006199008.60851,,6795928981.93758,376991267.4325,,55080258.8281078,7156126159.80744,
2019-06-08,141172841635.462,26149221978.7501,3254244637.98403,4526978557.40431,,335510301.358284,17419805679.1614,369623512.090643,,2183393468.14681,,,2170116195.63166,,7028325633.09735,309137608.58925,,55960526.8138893,7366835517.33366,
2019-06-07,142754693587.597,26698353829.5767,3260471456.32148,4459378458.58601,,338066185.921198,17872581318.3288,372741941.089416,,2224715556.88999,,,2257917009.45504,,7155833282.07042,318839079.9258,,52942779.054617,7291832560.83081,
2019-06-06,138800725479.332,26540057658.5091,3241244686.27764,4444219165.58174,,338793465.016737,17720913431.6494,369884381.688593,,2164189637.357,,,2189184990.59219,,7074832085.43064,354351973.1535,,51252036.7550355,6900772771.87922,
2019-06-05,138824651666.408,26278874480.4874,3209466411.80765,4377324479.39434,,337474989.454552,16988033342.4161,367856968.406008,,2163295121.61352,,,2283584261.96048,,7100023321.68401,337796270.8288,,49384803.1395225,6448454321.62205,
2019-06-04,136742790468.573,25667971280.79,3147471970.25103,4147823993.89354,,335910948.068372,16900917006.1166,364362598.069468,,2138623824.44609,,,2333679070.03147,,6819133357.64065,357531895.42,,45854710.720329,6337614782.6016,
2019-06-03,145619047341.18,26863086906.2859,3134744366.36911,4431774967.37045,,333664120.697896,17959558304.1339,383067693.888539,,2299939611.96483,,,2274907107.1152,,7281637876.49715,358662834.964,,41286873.1542289,6670082969.54888,
2019-06-02,155077231351.225,28732949884.7457,3138617718.16278,4683362944.15554,,333445431.098823,18761924960.1703,406924035.043616,,2503977776.9936,,,2563111571.32387,,7906527803.35461,413975943.6155,,43448017.1836255,7117549253.45308,
2019-06-01,151890214309.926,28215330783.7603,3144304602.81166,4660718180.96222,,333732016.929319,18162849086.3406,409426093.689958,,2347250770.55083,,,2494464841.39861,,7739847598.1106,446386194.408,,45490862.5233179,6986544718.34916,
2019-05-31,152059886413.545,28501098830.8551,3141419356.50421,4623238353.11077,,333225825.93436,18499916713.3358,412039594.834364,,2318955942.14735,,,2202012096.1451,,7928120026.90944,423853820.712,,48145434.6228374,7103874447.65817,
2019-05-30,147525141134.055,27194892740.7185,3125081885.26613,4558706819.1109,,329560316.72482,17789891579.9072,390104147.420554,,2191093155.63668,,,2090695953.47409,,7563129805.62856,380472880.7845,,42755627.5889988,6746180187.02347,
2019-05-29,153537047654.921,28636457373.2769,3119583209.92193,4763875685.56041,,358279967.449985,18687708967.5081,374342903.17612,,2355927836.54865,,,2246701834.679,,8087688934.20678,395259087.0445,,47756618.2146872,7134213755.22187,
2019-05-28,154590202287.415,28878512606.7331,3118810070.44761,4709747863.64013,,362123746.867551,18807161863.888,376838964.042123,,2406421934.82715,,,2313504747.20141,,7746217002.72567,467935969.2805,,51069833.4961325,7123212215.21773,
2019-05-27,156093754762.006,28991071395.5429,3099775591.15037,4754886598.29743,,363266208.230784,18285708015.1029,375920685.774088,,2377380307.38001,,,2338403666.48589,,7902126190.92295,470746720.899,,47896837.6523088,7313766497.89417,
2019-05-26,153725486067.287,28371943145.1601,3092734489.89697,4814769247.9117,,361061518.968201,17200982209.7469,370079611.685648,,2230096451.63051,,,2095788311.2122,,7706274016.54136,427015234.611,,52704660.1146202,6902346395.20695,
2019-05-25,142708188838.421,26742086785.8563,3068124540.96349,4948638864.18103,,360871706.83325,16300831592.9493,357860014.062915,,2087176301.42603,,,1872762575.41153,,7240862143.02311,415073110.4345,,54007865.5329868,6358963965.05293,
2019-05-24,141539115575.014,26497014858.4764,3040673514.16376,4777575416.92601,,359166983.33055,16195609303.219,358281102.35542,,2096685245.21352,,,1866948351.64775,,7281315897.93575,395128178.5605,,54785896.6259349,6185976031.07578,
2019-05-23,139654107034.588,26119891327.4058,2985994357.93679,4449249549.51108,,359537081.545529,16055052179.0183,354207199.246359,,2092055879.80178,,,1826183152.85157,,7223445688.70437,348022497.00155,,58913314.5949104,5520439404.52166,
2019-05-22,136063898960.26,25982060191.6039,2931005793.87747,4436022275.65996,,359653672.725096,15862699532.8773,351505520.098358,,2021133887.77506,,,1817881280.88771,,6985412413.6268,326954043.7114,,47924860.8563953,5459427424.33731,
2019-05-21,141065573610.266,27095257004.1212,2936972059.54613,4518656931.38402,,358037015.014446,16745727273.3062,369138169.513289,,2193873581.41703,,,1925874524.55107,,7430305033.60032,310705812.42085,,63623400.9525712,5662154167.95144,
2019-05-20,141315695727.576,26736046291.7593,2876744726.25736,4137202327.60981,,356599309.41308,16762548744.114,363688982.459936,,2199862356.6998,,,1901025386.41418,,7345236299.19944,324143612.05135,,63383341.7387153,5659972915.12678,
2019-05-19,145185076704.969,27733299057.1267,2870362981.90952,4152372616.37773,,358662738.891797,17599092589.196,380056299.375571,,2255549028.02972,,,1952261420.5287,,7498997883.94428,295950927.81765,,43700197.3122721,5895349548.68578,
2019-05-18,128761727083.303,24896520187.1655,2829192012.05269,4008931116.37952,,357148686.37479,15704580784.6184,359326116.325298,,2050923758.24812,,,1788615445.81693,,6361880486.7858,288078580.79525,,26555242.9981224,5360906927.31862,
2019-05-17,130034777632.549,25866318004.5055,2829570345.51832,3625749717.56588,,358044014.990718,16271598326.0076,354120288.238997,,2158684319.56168,,,1815076809.11871,,6489886201.11292,226343857.3795,,31003520.3413331,5501612937.92351,
2019-05-16,139599559277.841,28010958252.9023,2834358442.64633,3716558520.64494,,355813795.826673,17683635996.9539,378701248.616612,,2285757763.18197,,,1924217190.77811,,7091323124.61479,230296512.56045,,23564353.972533,5907639438.74697,
2019-05-15,145254332460.476,26219111162.4131,2831709801.41922,3796906245.20983,,350986006.073221,19212993088.4711,395364529.264547,,2435864141.53177,,,2090358344.39644,,7165698706.17368,237588178.08705,,20547030.152517,6286790204.70114,
2019-05-14,141508656734.802,23033114137.1634,2801454822.85546,3335471229.36476,,347094430.437501,17235125076.7544,366618100.672179,,2190969358.5184,,,1835163831.09303,,6916566797.52028,235011048.93455,,16746989.324216,5659766830.46779,
2019-05-13,138316573807.201,20876934045.1233,2814581049.06315,3361533517.43799,,337091606.475236,13713341569.2235,329298473.78884,,1894538318.84649,,,1641498512.46773,,6836234081.29064,223947011.36465,,18722589.4635498,5438466607.83614,
2019-05-12,123389710222.362,19864635090.7957,2765964069.59584,2940727441.47288,,326565573.650818,13064438400.0185,318441124.804875,,1817119314.83523,,,1583962885.26813,,6294245389.80274,207038074.09565,,11390510.7988999,5221525879.06739,
2019-05-11,127488435181.246,20602050120.0543,2780202557.16985,2971665277.33654,,326080996.21355,13674087916.8407,328986275.313012,,1948954437.71449,,,1685249375.52038,,6335163785.97173,190653521.21585,,9954513.40810351,5507753608.50018,
2019-05-10,112863284035.003,18355936406.3344,2779655673.23013,2766772454.47131,,328247561.757333,12656310572.3491,301197111.107606,,1644492023.28107,,,1574567092.8964,,5114440435.04352,202342028.413,,8144298.82281785,4762537746.26058,
2019-05-09,109238600750.148,18051087499.6447,2774598196.94455,2658102390.925,,325541428.778538,12492913760.3373,298547818.682414,,1599479075.30948,,,1558246116.0362,,5050970285.35638,177442699.5439,,6785407.04374549,4576943366.30703,
2019-05-08,105829143585.149,18118602844.298,2780409484.00643,2929769196.26053,,315621068.152431,12670380604.1329,302952529.75183,,1675057090.59111,,,1642861720.96242,,5088008679.53116,173248139.3097,,7239723.28319782,4603102251.91352,
2019-05-07,103112368557.499,17994460618.5493,2771084835.14792,2945510679.09963,,309665944.828788,12626698622.7779,302868566.662485,,1660270103.54891,,,1589774029.02701,,5095284367.16715,179257760.32745,,0.0,4606527090.59169,
2019-05-06,101640471055.639,18294624766.4457,2775335548.43045,3135032510.69419,,304196575.368419,12726677734.2641,303508480.545574,,1731421228.69312,,,1591989688.84308,,5111287559.57078,162197464.8112,,0.0,4623334242.86151,
2019-05-05,102494420158.46,17317292590.9671,2786657649.43286,3249853031.21068,,302262908.987944,12724692457.4146,316696677.2539,,1714978393.80477,,,1561790308.14908,,5222388151.3897,166608664.98045,,0.0,4683927727.29335,
2019-05-04,103112021258.803,17376070197.628,2781657475.6009,3230777423.12431,,301440447.558006,12817676080.3987,319848588.165382,,1734006639.79408,,,1561564058.08531,,5178176100.28232,165609468.6211,,0.0,4810952019.45219,
2019-05-03,101986240859.226,17789626262.0064,2783727234.47889,3352865379.93216,,300729165.322057,12972165512.4254,324719935.496409,,1811204684.10352,,,1605243981.78888,,5204703336.27217,151725351.17495,,0.0,4887671308.36029,
2019-05-02,97330112146.5137,17169962759.9233,2782770293.30883,3330602282.05084,,297640823.626897,12737560179.2106,311635238.316092,,1778049850.44246,,,1577188577.5033,,4798658848.83009,156876126.44025,,0.0,4544823993.51457,
2019-05-01,95501110090.8014,17029616915.1798,2800146868.76575,3099313163.99178,,297075624.547029,12798744396.7069,300837223.669261,,1789340577.571,,,1585466194.90364,,4827202612.26253,154549706.37085,,0.0,4536348667.28618,
2019-04-30,94573826827.4842,17170110492.6186,2851502734.4723,3123908033.93971,,296148387.031888,12999538690.0705,299790179.203632,,1823858101.45311,,,1598452605.87414,,4754698560.18419,152924255.87215,,0.0,4573555690.89357,
2019-04-29,92737510865.0381,16430642270.9746,2835764600.40435,3064223472.34282,,296038710.6566,12361611828.472,294229866.032108,,1675705397.62513,,,1522918738.6571,,4201181991.36466,155927052.5799,,0.0,4183425749.49915,
2019-04-28,93391244394.8948,16650076836.9297,2829388043.52705,3232825507.84324,,296169540.105274,12493351058.325,301935050.863943,,1778363781.64022,,,1573168401.78418,,4535543219.6923,167409433.9953,,0.0,4291106337.08576,
2019-04-27,93086156556.1504,16768575998.1096,2831886955.31705,3154084439.78264,,295631313.137331,12464603664.4576,300095058.01635,,1819967619.4415,,,1576574113.45732,,4685455837.55889,168519003.0902,,,4437433949.50236,
2019-04-26,93272287959.7983,16545462357.3185,2821503163.17981,3228602708.02825,,266877830.819283,12538573521.1164,300449791.835983,,1794657445.96567,,,1593156018.07952,,4683922946.55282,173832276.53015,,,4497581499.25738,
2019-04-25,92046492863.6906,16343573972.6015,2842830012.68756,3140181469.52719,,257987023.316392,12155572104.6111,298780219.364871,,1795286337.1966,,,1533656264.14207,,4736173073.06282,174824315.42275,,,4381667236.2695,
2019-04-24,96530038144.448,17544029659.319,2843517617.96258,3265257559.8767,,251875614.396768,12698877292.6801,309878403.368902,,1883467317.92384,,,1561426978.35585,,4950183725.35675,180481253.1305,,,4507411995.932,
2019-04-23,98417387004.1095,18136462571.9222,2698944300.34227,3229567383.44703,,251619166.620005,13492933874.6565,330508959.539314,,1932178856.64368,,,1631496924.20595,,5166782245.31472,179994495.6859,,,4600847627.23982,
2019-04-22,95354207775.9268,18179292262.6536,2627691194.26757,3375238997.48366,,252701767.541116,13606823300.8989,333525284.068504,,2023336836.42093,,,1677250865.12865,,5195382025.55248,183526780.5105,,,4729023682.35574,
2019-04-21,93847052256.1912,17983602095.4078,2601017107.19326,3415575669.07318,,251875249.534037,13533407429.7373,328896047.982303,,1921361011.54237,,,1666075718.60031,,5153508007.36991,175090817.3693,,,4751522316.9548,
2019-04-20,94248717443.8952,18373023202.2814,2580691185.12471,3530449999.34778,,252224995.323595,13786384591.8335,345812689.167461,,1983585078.99154,,,1746271335.82572,,5335185126.33616,176068779.3606,,,5007238091.48205,
2019-04-19,93638345002.2649,18366130179.5121,2582526477.17599,3455309687.03116,,252660268.794347,13930181414.776,344694916.159112,,2061207560.03948,,,1771022226.15781,,5442073304.38989,172274841.5108,,,5070985398.1947,
2019-04-18,93532402741.0929,18374913022.0991,2561734880.2916,3111293098.90934,,252677626.210523,14146855827.5394,350965937.859117,,2120197587.75169,,,1797262518.71906,,5444130081.24259,185059170.63305,,,5039449525.62503,
2019-04-17,92702617458.1931,17647086048.4364,2541510568.46798,2767512515.37926,,257358655.419252,14079207979.9901,334723161.140105,,2153869869.07189,,,1785434802.23449,,5511745936.33315,188722677.2032,,,4869545081.97212,
2019-04-16,92404613297.4486,17715913572.0781,2501559972.30704,2799150874.92425,,261998390.065403,13733570916.7036,337688746.065502,,2172245015.30449,,,1802862668.33207,,5644306278.47282,173372566.759,,,4992536055.87948,
2019-04-15,89422237602.9984,17074367782.583,2461221436.57186,2739147031.93981,,259120334.999579,13468978197.435,332280603.221462,,2133983895.70802,,,1766502420.57612,,5569511337.9375,170142917.83125,,,4850589494.50892,
2019-04-14,91188595340.7853,17734050268.5497,2431637598.13314,2751795496.84087,,261528325.935742,13741639598.8247,343200438.446089,,2194550263.94449,,,1804535699.28488,,5117349386.62079,182089916.46895,,,5087597682.60026,
2019-04-13,89925574874.6422,17380468168.9383,2434771924.7493,2642776671.2176,,260490479.511659,13625508288.9129,342015736.359087,,2170900031.72477,,,1754899119.21806,,4954123908.95571,187137932.95575,,,4797064869.20353,
2019-04-12,89792633045.0218,17401765647.0635,2425813371.82198,2602467119.45388,,259999113.885201,13638700668.6978,339977666.992995,,2163952242.88962,,,1770962584.53217,,5013575387.81936,199114822.0957,,,4841472626.7465,
2019-04-11,89341168456.888,17479876008.06,2318990461.74251,2498873859.94752,,259775722.928484,13832528015.473,332037825.219654,,2161932600.45512,,,1781357040.50463,,4833259696.98412,201991506.85595,,,4884140000.13637,
2019-04-10,93918439274.0321,18728058766.8129,2271407885.67318,2576252115.48584,,263097191.103548,14827516668.7291,359651119.910998,,2332498044.10744,,,2007197680.46449,,5408935312.35087,199538351.37005,,,5416155737.51901,
2019-04-09,91799330425.2375,18596496042.2413,2212375021.77609,2602577565.75516,,266472461.024497,14604743888.5557,343234838.527354,,2171369400.55099,,,1997375720.19541,,5245808191.56709,202113892.5827,,,5317455486.34268,
2019-04-08,93286365973.0142,19031640376.2705,2158728024.30925,2557210854.91625,,261528845.328375,14971342083.2572,362309890.128445,,2255876188.4867,,,2049252856.47677,,5495399881.53569,189784006.6066,,,5482058436.94245,
2019-04-07,91674230185.9347,18424576820.4212,2090015279.43067,2697901876.06601,,262035385.091302,15021731304.72,406652917.492884,,2345996894.4429,,,1926752662.3668,,5662007844.39446,197908509.43815,,,5653406711.33037,
2019-04-06,89212733449.5707,17516082777.7057,2086940760.93416,2698658297.50506,,260706590.663,14794185026.2349,409155292.835093,,2340932225.69737,,,1791049252.67808,,5421896038.91498,204497754.03015,,,5667977475.93086,
2019-04-05,88796118649.975,17468192986.1115,2091887833.59421,2746352772.97487,,261161960.131733,15103004665.6233,427026547.926532,,2365234816.9348,,,1816364486.52349,,5183362406.5155,194648237.2261,,,5428143570.74244,
2019-04-04,86778727821.0768,16678477300.0608,2086183477.03416,2702478307.14298,,257700786.673595,13880340560.4673,439749413.925701,,2265240086.55266,,,1732543686.57399,,5075306708.43624,177664597.95175,,,5200609304.87696,
2019-04-03,87655288144.6018,17035703563.9328,2083736154.61407,2647473021.97948,,256492829.340727,14286134858.5548,376346599.001668,,2352181938.74895,,,1730000858.82581,,5283502609.89696,172997221.19855,,,5195750178.10245,
2019-04-02,85986009273.1489,17297572364.584,2058622343.26831,2793832257.49997,,257154540.534726,14672900148.4179,332358223.246825,,2215912840.19835,,,1792687602.59855,,4181200031.15729,174825730.9848,,,4660552087.71317,
2019-04-01,73269368747.441,14960828860.9104,2044790316.793,2534170929.25758,,253290030.608456,13043585710.8733,292641811.11261,,1875296477.01119,,,1623063139.52636,,2967829680.54011,176210776.2191,,,3710564698.27876,
2019-03-31,72339379035.9471,14925533136.91,2029986704.60889,2456689309.02057,,246270110.995094,12896872921.6611,247350012.097438,,1808312386.75248,,,1568590126.54761,,2990730945.17502,174954768.688,,,3714371560.23227,
2019-03-30,72355190645.0434,14984615423.234,2029560141.06912,2390413470.40874,,246478129.794475,12955391175.1783,247321175.307952,,1859991057.31451,,,1553191323.61011,,2984272262.65745,162260295.38215,,,3705312023.33855,
2019-03-29,72202088875.2092,15025361636.5721,2025447733.80704,2330827186.74586,,246925870.833356,12842645324.6491,248123446.936437,,1848311706.92742,,,1554941129.39351,,3016920025.15004,166738405.1242,,,3745935357.22335,
2019-03-28,71678998915.3443,14698609598.6812,2050152762.67175,2372500771.6634,,249534401.240235,12897607539.5467,246454838.409083,,1706724370.55058,,,1559182526.76802,,2998993454.20033,159741728.0361,,,3737005101.54588,
2019-03-27,71987847570.6632,14862394450.5514,2052994600.46667,2369114351.23103,,249648527.365171,13031827697.9234,247769700.134811,,1752535163.22825,,,1575225029.19908,,3064635954.96019,162079234.84235,,,3802058092.07571,
2019-03-26,70184147202.9256,14277816265.9858,2041600211.90077,2306195307.78434,,248448913.42664,12722986422.7757,244056902.209011,,1617074185.15552,,,1508973698.3483,,2856498862.88196,163256017.8851,,,3623575889.98503,
2019-03-25,69789872373.2903,14230733149.2556,2035968594.4039,2377537598.48918,,249298995.119808,12681109120.1852,242770806.122323,,1530346051.83176,,,1516833586.37417,,2859416982.84673,161371278.5517,,,3632066768.95044,
2019-03-24,70823042992.427,14434995336.8381,2032100364.21065,2440268717.14203,,247226412.378138,12874448651.7167,243962932.120316,,1599795321.33573,,,1558089825.13506,,2935530185.42731,170130072.9548,,,3675521098.02921,
2019-03-23,71056017909.8302,14565143357.4364,2035564494.75621,2150949042.47098,,247863704.156413,13014768156.1416,245183327.739392,,1653644985.51994,,,1627297279.51087,,2961308944.06244,169886752.51275,,,3743278483.72917,
2019-03-22,70840048102.3798,14451740115.1843,2026517620.24082,2155244842.80493,,246609279.864952,12980675768.4325,243742932.622498,,1505389455.03651,,,1516929048.0353,,2800577105.65089,168249916.8441,,,3649353013.15833,
2019-03-21,70926226881.5237,14392427839.4474,2034791375.13811,2049500112.39404,,247007932.441517,13029696678.0705,243873314.506114,,1371535198.18631,,,1498485736.55323,,2737074468.18659,169289685.2857,,,3621232357.78006,
2019-03-20,71942444088.065,14817151374.5775,2032419227.57328,2157164801.67477,,243880395.527675,13316885396.7992,244693571.253137,,1397240954.93648,,,1539101397.65512,,2838778127.21034,169959638.3485,,,3709898340.06794,
2019-03-19,71647703827.7263,14797612388.9313,2039364772.46903,2215550960.03387,,243793849.472256,13228510121.7409,248260771.297656,,1363600696.69594,,,1539758936.92608,,2871986995.25232,171530372.81135,,,3694945404.67972,
2019-03-18,70958165406.797,14675181093.7188,2023596101.60116,2213915702.08114,,243412426.788813,13152224849.5606,247277160.020906,,1308074595.18549,,,1533913326.49105,,2872870543.56404,171884118.4914,,,3672726326.94789,
2019-03-17,70821939585.3756,14739201597.3685,2020136778.61798,2225087468.75664,,243982004.876163,13159356178.0036,246984846.9038,,1301710901.52513,,,1543003579.16744,,2759201462.94299,169578469.9875,,,3731425000.77049,
2019-03-16,71227967573.2899,14989691491.1744,2023624449.95878,2275609084.40137,,243037194.799407,13277693053.3083,246562176.266734,,1338373268.85903,,,1558635014.80328,,2785421758.04728,170993151.56805,,,3767063535.94054,
2019-03-15,69675002376.5269,14492364550.8005,2019386957.7849,2128517331.47348,,242997570.829272,13053269085.5741,243069197.744295,,1298350928.26891,,,1545078398.45187,,2544991929.91609,163621430.0931,,,3592290246.49035,
2019-03-14,69024696307.424,14071628063.688,2021198679.91643,2124846986.54685,,244623975.323924,12966405951.3542,241919026.728706,,1245938290.85973,,,1510224734.84795,,2366317916.57439,175618843.344,,,3445001358.225,
2019-03-13,68706700381.1646,14022610219.167,2016486635.77255,2133885107.05051,,243618141.976384,13013743791.0211,240262325.865225,,1207931189.86493,,,1496433013.66039,,2278360790.67247,167109641.692,,,3404536113.25013,
2019-03-12,68743000581.0221,14144929391.8688,2009529079.57759,2174968137.45719,,239478824.859485,12852289140.1538,238641758.689874,,1228861552.7577,,,1493623463.46479,,2278392926.95264,163170754.6518,,,3468475221.92871,
2019-03-11,68666928025.4743,14079044647.9084,2013884109.33904,2049079581.10252,,239824827.759461,12888076063.2533,233158765.339489,,1234989220.09627,,,1483373738.90954,,2300366574.67471,159541169.15765,,,3371760953.24238,
2019-03-10,69475297369.7211,14384860875.6693,2011853490.01736,2046259504.26207,,241217070.080817,12972692491.35,237074915.926868,,1184820249.99948,,,1538405288.60674,,2346643091.68735,151137384.7865,,,3478033205.33304,
2019-03-09,69674508654.6229,14509873018.1563,2006176236.59375,2056345112.55533,,239526386.233332,13002493405.7268,236946256.674061,,1211517757.65433,,,1525374702.3838,,2363674681.63103,151549045.2525,,,3532242782.82796,
2019-03-08,68574579320.2148,14209542040.9116,2013254635.58751,2028259193.67336,,240037668.301367,12847588531.5661,234803751.444237,,1106144502.66,,,1504581580.12616,,2286681067.75977,142733862.62345,,,3410590889.6451,
2019-03-07,68749421310.5083,14513398953.9832,2011160434.0438,2138227829.71274,,239792870.982569,13041438380.5281,236034180.813962,,1113412524.02368,,,1546220904.61114,,2333871541.09654,148459048.60605,,,3475995867.02897,
2019-03-06,68609885775.7594,14590867639.43,2015364289.96745,2049578131.85697,,239891926.782962,13135275498.9144,235065671.521104,,1110799546.54833,,,1562431005.90248,,2353268980.49794,149725369.13845,,,3389799195.91762,
2019-03-05,68470655399.5828,14492117351.504,2045218543.92724,1949911245.59345,,240587906.541794,13113543970.5655,235312822.095306,,1120354028.12656,,,1600176053.50802,,2339621253.07687,151124739.13005,,,3227895751.19244,
2019-03-04,66094551587.193,13432896658.5529,2046154638.27787,1630004462.1997,,240265683.006135,12642316835.7351,234927106.178891,,1052691797.32122,,,1529482001.4043,,2208988908.16038,149597202.29265,,,2820102324.57467,
2019-03-03,67592376373.1992,13900679027.0155,2043328704.96776,1628869046.88422,,239435726.903801,12949767220.5835,236922047.23802,,1097017920.37277,,,1515198953.39909,,2322338738.87796,151017630.00835,,,2937680217.52116,
2019-03-02,67888255370.8382,14103698391.8469,2046557762.56906,1675716940.71283,,238964775.951735,13056329959.2228,237292659.390835,,1110675717.43605,,,1529503689.08813,,2339431979.31633,153101366.07605,,,2975500409.53237,
2019-03-01,67796965743.3518,14335957424.6309,2035341543.17901,1608442973.15923,,233704707.352572,13146898194.0162,236294433.629096,,1122108425.89047,,,1582095414.82073,,2346655914.98751,164723462.27365,,,2882042602.59764,
2019-02-28,67704774107.0288,14365118212.5715,2041809695.16514,1463309043.25706,,234118356.730469,13033383005.9586,234089208.766574,,1118064551.77183,,,1591516788.54917,,2332748074.93359,143724137.68335,,,2805515463.89435,
2019-02-27,67631949500.0921,14298070643.689,2039742725.56608,1397514790.22525,,234332689.620697,12951843119.9634,239107349.620924,,1121874467.6959,,,1609080600.86767,,2343107843.7032,161661081.38145,,,2765113387.4659,
2019-02-26,67683296223.3571,14502464167.2811,2043385025.454,1344215777.26628,,232919408.414078,13215356893.1755,239562466.293354,,1122751732.67115,,,1627874617.01952,,2368915181.40272,158210222.53015,,,2758957943.85662,
2019-02-25,68173204650.9558,14682597925.6233,2051885482.37268,1389450858.61643,,234355972.972785,13589015145.0172,240373594.735811,,1141916266.44313,,,1630393923.18019,,2397004768.26644,155911934.6722,,,2802048987.49299,
2019-02-24,66897483404.1494,14263873720.9089,2045808839.8172,1427720907.03174,,231683105.424672,12469397084.6018,233678258.562318,,1100757851.67943,,,1587629390.49227,,2297963404.86889,163138409.85085,,,2708358746.2649,
2019-02-23,72720867208.2186,16670632412.0171,2038700777.08947,1522126089.51341,,232823545.416301,13759017837.5162,246661868.692155,,1259878821.44754,,,1697403394.19037,,2703206925.74489,160354680.68235,,,3132087063.62058,
2019-02-22,70308555856.5589,15649961167.0137,2038722001.72185,1529935070.18537,,233988554.864832,13315770282.3979,243372975.745897,,1196867487.74709,,,1677564639.41976,,2559341439.61972,166016564.71995,,,3017677752.63346,
2019-02-21,69398333876.334,15337145737.9771,2030389248.96481,1481339199.03617,,233211812.770278,13272215549.1976,240071969.663012,,1165921114.76229,,,1653985089.5952,,2520520395.12271,160124724.58045,,,2977341432.45618,
2019-02-20,70194350041.973,15694462392.6945,2035565492.21419,1548138352.16461,,248241906.786137,13750925866.2106,246042747.215028,,1232864520.10635,,,1682227079.02745,,2610658249.59071,154178776.8906,,,3136141807.5281,
2019-02-19,69262673238.0216,15250901018.9975,2036854532.60167,1491247773.13761,,245411276.877195,13374527523.851,244633572.662847,,1196753167.80276,,,1666581876.45103,,2526640651.66999,151539099.43515,,,2897971715.12025,
2019-02-18,68704389994.3763,15327852479.1827,2032482155.94494,1360146166.91452,,247579345.238675,13251207947.4575,250094071.523358,,1182410903.27203,,,1665955032.37824,,2545790167.94654,149931672.16475,,,2908055842.72856,
2019-02-17,64453368778.9611,14014695489.541,2023392364.03702,1301079823.00345,,250117816.389099,12501307769.4633,235719871.396181,,1074721071.38544,,,1588228526.74374,,2197907884.57183,155415427.09385,,,2658324155.43584,
2019-02-16,63673369195.0388,12928550183.5014,2028056761.14843,1288826514.41954,,247555008.468363,12432602528.1567,227597790.312809,,1063679165.81616,,,1597288741.30044,,2156696757.30712,148888416.38825,,,2637500545.91456,
2019-02-15,63509111125.2578,12805280765.9495,2028414751.87769,1309237747.56946,,247301761.744006,12434893659.6419,225621219.468381,,1052637737.58499,,,1604077570.66685,,2149451478.32335,150307799.2899,,,2582708734.96645,
2019-02-14,63434486051.9796,12729213674.5428,2034561937.73319,1239809924.52741,,246582359.075878,12441105390.7472,224325153.593791,,1051089779.99525,,,1581835916.54415,,2143745070.28252,158265149.20545,,,2518031065.68035,
2019-02-13,63694394519.3354,12849605818.9081,2029480829.94457,1262260337.14234,,246858431.791764,12538960413.1628,223902916.725541,,1066068502.16797,,,1614051409.55067,,2170002268.18678,162516966.6995,,,2539018994.97886,
2019-02-12,64063755249.7315,12849965121.4603,2029502697.42113,1318830504.89504,,262859263.417836,12576315747.1467,223946348.742353,,1082479800.42036,,,1635628306.57697,,2174933529.80585,152781611.98195,,,2655115120.68424,
2019-02-11,63968390249.9939,12714795026.099,2027856142.37821,1348481387.01271,,261437387.316996,12475397373.8564,225276851.360986,,1082007682.50796,,,1648566863.70929,,2158268751.65104,140515983.6185,,,2609389133.24458,
2019-02-10,64694025950.728,13080881910.2291,2029926998.79946,1300443647.11481,,262005710.302891,12758715489.7811,229995070.151242,,1110446759.76446,,,1721025028.58642,,2247451284.56865,139866993.5894,,,2828937241.04575,
2019-02-09,64354732475.0563,12515870173.265,2021998986.53538,1252418196.06194,,261570198.610872,12815309888.3661,230403926.690179,,1064517700.0571,,,1751099121.20497,,2265803862.87513,147621681.52795,,,2705200908.76457,
2019-02-08,64270269952.7511,12496945335.9863,2025330850.84712,1210659827.35669,,277576608.787761,12831745666.6026,231202756.23398,,1056553128.54737,,,1786810202.14575,,2304674878.31656,138058128.71165,,,2624516069.31202,
2019-02-07,59578075990.9339,10951652648.4384,2023283054.39426,1091332443.38554,,276092246.203876,12005682182.0905,218008800.429945,,943648356.657459,,,1713590488.911,,2027740445.32933,138649652.04685,,,2005595915.20041,
2019-02-06,59821158611.6301,10990266832.9059,2023129503.61637,1141569622.26805,,291895729.911005,11969011802.0909,220417139.503702,,950565913.662397,,,1705100839.11035,,2030777404.21473,145224462.10195,,,1987640111.18115,
2019-02-05,60735563489.7233,11253035388.4001,2019910267.92831,1010127808.30475,,291042663.427329,12319438867.7643,223012093.172894,,982536658.416445,,,1745321680.30722,,2072438278.08228,146742213.9841,,,2067028132.47138,
2019-02-04,60603083461.2471,11290969363.787,2020505214.67597,917210594.866134,,291806351.343298,12358907414.8467,223945016.925715,,981529402.063167,,,1803954238.58938,,2097108276.14521,135691624.23355,,,2057598929.68642,
2019-02-03,60681847607.5771,11254870706.4255,2020950151.37317,870405723.231546,,302531642.037434,12445862136.9874,224849258.843295,,985988168.045605,,,1696159965.91882,,2091663603.10442,149425068.23615,,,2016740847.83787,
2019-02-02,61675119055.415,11560765572.9744,2026311239.6373,890238047.661209,,303768811.510232,12798226061.8303,228611251.38275,,1019386720.81326,,,1740803993.28812,,2143595617.90527,159332249.972,,,2073872814.26187,
2019-02-01,61088747491.2873,11263815609.9409,2033605783.29503,847729319.426202,,303077424.572742,12699646520.0179,226308066.90742,,1002816587.78614,,,1751407526.1674,,2051265821.58481,144721540.14255,,,1978856938.98779,
2019-01-31,60553903927.4911,11204735502.2036,2033970566.25859,809728264.269127,,297790025.097145,12762148539.2466,227283335.238771,,994926537.957459,,,1695281544.53264,,2020317794.29576,151812146.7058,,,1907587556.44407,
2019-01-30,61044262622.3971,11396282341.1625,2035381727.47968,797597771.147003,,318185577.981878,13191291588.284,231532342.987148,,1028152445.22734,,,1819292450.43539,,2082944609.56701,165252211.1905,,,1923945741.88619,
2019-01-29,60371874098.8161,11048347342.071,2039923120.58829,798520265.936006,,318523791.89622,11919217294.9316,227482733.174664,,991726129.221892,,,1822610017.0399,,1954462936.95196,167842285.55325,,,1873246049.86135,
2019-01-28,60756570313.9757,11150461957.7976,2038694609.61736,801686638.993026,,318116020.307421,12137576987.0864,229396885.815957,,1005243461.73699,,,1792414630.3529,,1978985766.3759,176484746.8013,,,1878928920.96607,
2019-01-27,62737274092.7359,11861671822.0094,2034836040.57516,915621568.579811,,333585021.910559,12737591538.844,239272756.131475,,1067363755.40963,,,1951984410.96313,,2161816591.47307,178491609.72405,,,1962484749.30007,
2019-01-26,63054898963.1367,12182338148.3055,2035939570.09976,905076468.654929,,326739212.153764,12935008077.8467,245748560.313479,,1105756797.40902,,,1910371481.11469,,2236142032.44013,189117144.9853,,,1995530698.1976,
2019-01-25,63000985907.6837,12168932300.4047,2038477176.89338,870297267.896841,,326799020.612192,13016563842.8419,249905438.276333,,1106850088.06863,,,1784252871.86523,,2257551746.23966,176194053.6293,,,1984872675.53681,
2019-01-24,63014066011.6996,12269992351.2449,2034477909.03914,840388815.62078,,323387385.892337,13034332606.2609,240547775.547546,,1115551801.98608,,,1793718654.28548,,2275366585.08163,171542898.5067,,,1971999181.9773,
2019-01-23,62731361271.6475,12277481872.0362,2033881764.52486,844988794.616968,,315423713.140226,12988961767.1715,240979399.045278,,1112274744.60075,,,1770223608.11228,,2326546173.88712,172014467.534,,,1924964952.01551,
2019-01-22,63065139423.6322,12410972240.9689,2035374036.03316,842637432.572817,,332524897.921907,13112032407.7908,242632498.035559,,1129838202.36795,,,1758703938.82053,,2258084781.2246,175256027.8119,,,1905392084.0115,
2019-01-21,62559869611.6414,12242940197.3863,2043620529.64579,846490209.295981,,328795313.046702,13165341827.4196,247737174.726346,,1113231795.30276,,,1707046432.73983,,2159253905.34991,169054158.38605,,,1876573922.34769,
2019-01-20,62990143284.0983,12483136112.3603,2050721693.05414,838848751.23981,,327478050.118495,13181215053.6675,249843274.61501,,1127226431.18326,,,1591020869.78584,,2177598900.13556,174080780.93805,,,1873953844.25753,
2019-01-19,65214103658.5829,13007954845.5818,2049986706.61459,857137441.770554,,325827498.615332,13584427086.4756,253903206.062992,,1186172182.64597,,,1637519379.71398,,2288428148.62714,181578132.0199,,,1956101651.33911,
2019-01-18,63970991867.2934,12639234713.3557,2049916428.82381,847783880.638233,,326379673.600693,13308451031.432,248304913.518916,,1148980461.70621,,,1653057364.20899,,2257476671.77689,169981024.04115,,,1881176120.61099,
2019-01-17,64327048254.6073,12922347329.5559,2039914520.91755,829026635.15604,,322975566.959863,13516769989.7764,246798931.509283,,1174964368.46115,,,1687652401.57029,,2302882084.2473,155491200.42925,,,1915371846.65269,
2019-01-16,63909348775.7898,12899812275.3187,2034461698.31308,799081409.01282,,321495519.472611,13531060364.9609,251931605.092914,,1160927550.54362,,,1678251865.46394,,2269508448.94336,144285539.5898,,,1910976280.56617,
2019-01-15,63477817959.3241,12739543688.3081,2030634313.53922,774207425.843685,,360749462.484744,13427555273.7552,248720212.529666,,1109941703.31088,,,1636805582.73121,,2257176864.22612,155467563.6486,,,1891520613.29553,
2019-01-14,64789619995.0563,13471754801.5015,1994117521.69903,805629864.657473,,365745274.226616,13697899740.6082,257213741.174364,,1142310311.73142,,,1710959699.32167,,2353563603.74397,124111323.11165,,,1942198293.84778,
2019-01-13,62106461671.3502,12199288487.1023,1967105373.40181,728389539.395229,,372399548.300604,13045216854.2835,246733655.806186,,1043328639.89574,,,1418916137.76712,,2219291824.60165,140631738.9491,,,1820214943.63745,
2019-01-12,63994140881.8701,13143426379.4793,1968628488.43233,781782829.448523,,364888857.606942,13494075803.9191,253082186.198382,,1133124202.72846,,,1566205165.42924,,2360139637.18438,148469448.0052,,,1942860853.89598,
2019-01-11,64443301116.571,13306214133.6505,1973324875.63411,794650510.520558,,356762455.949104,13662512032.1385,250754769.579297,,1144607284.26339,,,1674709539.79422,,2312246613.06982,131765950.1494,,,1938944919.48045,
2019-01-10,64288932886.0169,13416263931.3845,1951532808.85567,773798121.708119,,346525551.461309,13652158154.6882,251103614.519666,,1154512657.80517,,,1722582542.07545,,2369927478.11348,138953563.83265,,,2030671877.95968,
2019-01-09,70508733459.2063,15726845711.4899,1924061689.52225,868710099.929928,,337931396.126043,15130140418.9396,266854313.577598,,1352599204.34376,,,1893889900.4478,,2810697903.18575,138581888.47405,,,2337068756.41465,
2019-01-08,70422743854.2439,15677889901.9284,1921519012.39787,868514465.615097,,327134638.459624,14902699114.9664,267977606.798294,,1258115425.75085,,,1755126351.51645,,2842511735.26091,153011386.7758,,,2366141318.87744,
2019-01-07,70316305580.3226,15814868678.4056,1899849837.7623,822912211.66108,,316560982.708861,14863201413.8935,269018283.211661,,1244393599.41455,,,1572854360.02079,,2830470728.17174,128091006.6226,,,2265284885.72705,
2019-01-06,71206795852.7853,16442429109.107,1910347640.97755,836589632.290566,,305397453.051633,15028369642.2363,274056601.320637,,1277183981.10897,,,1533052180.49677,,2928444441.0636,110771091.78835,,,2354185201.46198,
2019-01-05,67157570935.0686,16219974744.6123,1900850296.7127,793368779.23691,,294420174.104658,14493133456.6644,272996563.66542,,1158975656.30669,,,1485654797.01321,,2815113500.12871,104779850.2884,,,2092365506.31532,
2019-01-04,67368333500.343,16107068093.0135,1898444419.19731,793315819.500825,,293621600.157558,14553198220.8348,272494769.560141,,1135911588.76831,,,1432220060.56006,,2832257307.0689,101305557.4587,,,1940204514.80649,
2019-01-03,66994920902.7202,15536849936.05,1900260729.7536,772178240.97525,,290759445.09417,14695011675.9226,277679885.380054,,1106608705.49667,,,1338612806.83514,,2843455670.3955,104525175.10225,,,1917129494.40832,
2019-01-02,68849856731.6738,16150049902.4194,1908446133.84257,809466353.98711,,288816453.982704,15307691623.9993,283171751.233943,,1173420169.64328,,,1347509925.81858,,3014732747.3389,104989447.31695,,,2000859669.00456,
2019-01-01,67098634180.6128,14665318369.5793,1892772546.77921,794641453.820804,,261353425.183565,14880496657.818,281442716.957996,,1103113660.38553,,,1303479300.07706,,2892087607.88397,104432786.5315,,,1913387273.89145,
2018-12-31,65331499157.744,13886837729.6685,1884199082.05867,806342664.223829,,254230217.987737,14388351240.4842,275928511.690179,,1064641797.76087,,,1254466430.84772,,2649556711.45309,96309875.2483,,,1822504810.6983,
2018-12-30,67475512827.3938,14560066114.1858,1893629500.49846,784234811.603213,,249383514.72167,15076740856.3326,278470304.317267,,1122116467.72364,,,1329143863.29708,,2869903437.90899,107654192.7118,,,1912263647.7747,
2018-12-29,66672244158.107,14365797195.6268,1916646100.40582,762866028.381429,,251416579.518138,14981716068.1975,282658119.389757,,1076193321.70365,,,1332915269.41154,,2894826363.48566,111181784.33005,,,1887178390.25484,
2018-12-28,68471837968.722,14324511544.327,1901200729.37757,786342938.383752,,244258933.08336,15373342678.0375,286240348.35408,,1085348669.6997,,,1390471113.38469,,3051295976.16189,107783370.20885,,,1943259589.28651,
2018-12-27,63768757100.9022,12129493222.3095,1901298702.01406,690025210.537114,,241190277.097648,13917404308.5459,277947391.555032,,957851765.085455,,,1231854129.76525,,2632368862.02149,109641509.55205,,,1690851756.70963,
2018-12-26,67292819464.6361,13717858345.6728,1892714209.14914,747270232.953585,,230733088.199726,15448432551.6306,290868131.283693,,1068154537.07353,,,1362422619.46337,,3077145390.64941,108957073.4196,,,1851236646.53255,
2018-12-25,66556033171.8177,13505089289.6782,1891786345.07948,725618989.35551,,230303642.404413,15537325694.9142,282621316.494911,,1076264960.11815,,,1333092748.9704,,2996171176.8794,104469141.79835,,,1859663792.37488,
2018-12-24,71137548588.8249,14583457939.4692,1885710063.90003,803751864.00728,,230219938.837192,16594994618.0122,298584294.039031,,1185292600.21324,,,1403852882.78541,,3194811505.32571,118477117.0856,,,1982394885.38302,
2018-12-23,69741217416.6041,13595887731.6921,1886040853.0988,792514008.109313,,230406707.706327,15145652798.4735,298792069.667937,,1146761807.24473,,,1393248733.55969,,3464468332.25792,103720962.37755,,,1997631552.1715,
2018-12-22,69997508294.9082,12137481655.0609,1895045964.64421,775715534.095207,,230419099.604875,14780047339.8459,294025343.229956,,1089171594.3266,,,1396919541.73435,,3446690555.00031,94578830.64245,,,1901410379.62576,
2018-12-21,67937650255.418,11380357568.5836,1885208113.95385,728178645.409819,,231531679.284072,14627554926.2073,299000804.042382,,1057728023.22514,,,1333912302.53457,,3404763308.34083,81697551.6441,,,1837728497.27295,
2018-12-20,72078243770.6126,12076674310.4854,1892468256.0846,757623267.658345,,229602069.567973,15416266365.8491,320894678.999937,,1021545368.51411,,,1155486075.92903,,3403293233.96912,72408560.15715,,,1957741036.0435,
2018-12-19,65299132785.3376,10521416480.5439,1897935600.3038,718336896.354926,,227179148.2048,14346541678.6659,319482825.742301,,895652794.843526,,,1041199795.11408,,2250407550.27346,71174851.5611,,,1770286211.72934,
2018-12-18,64422587801.2914,10503295748.6239,1880309990.20407,732511503.918834,,216113191.260591,14273429558.8071,315219760.419398,,900577014.496003,,,985731822.968486,,1842897808.90355,71026149.97135,,,1797254322.65608,
2018-12-17,61798926686.5305,9880456238.6125,1874876148.40095,668386724.552592,,214498101.48321,13388520904.4401,297529699.781063,,851032497.353834,,,945171694.927836,,1582485422.31498,71993569.1699,,,1744804499.27744,
2018-12-16,56685436643.7664,8853567310.96731,1868184262.64413,607596553.575919,,204222546.55487,11784050728.6,249589838.665024,,754560639.026868,,,865476179.606902,,1429835839.92772,79365651.8277,,,1525579985.73963,
2018-12-15,56400691424.6544,8766638124.2495,1865684230.68699,596838783.010203,,201408567.141206,11700328892.3153,248156317.090334,,733050647.687981,,,849683641.669469,,1354857548.63196,78186886.15115,,,1417098011.85708,
2018-12-14,56494379457.2721,8751209553.55698,1860500700.84521,592960008.912301,,205058002.573482,11819314866.2693,243041742.187764,,735240139.144575,,,849070529.307525,,1407338099.28988,76675208.8305,,,1397818607.78229,
2018-12-13,57728688215.976,8981108542.83176,1862692455.66884,608308844.671492,,195990468.119113,12279148092.9081,242442810.394584,,756817501.219184,,,865075082.359124,,1581083402.13337,83926770.3015,,,1409664571.76246,
2018-12-12,60741625425.5272,9400044026.00045,1874533234.07643,657022817.035932,,195911388.817137,12577803840.8252,247778497.146685,,793596929.144336,,,884591712.205782,,1796083514.82597,79898993.91145,,,1458445719.21113,
2018-12-11,59650201102.151,9227301064.46874,1874603559.08175,646239850.28034,,193258122.194989,12333147092.1542,245087586.383077,,766165271.114972,,,880508582.972945,,1786818887.80945,75763778.27725,,,1416941471.3306,
2018-12-10,61004445982.3277,9509816314.68256,1887246299.40818,616360813.692558,,194659963.590114,12432208489.2219,246427923.736884,,783071163.516834,,,882182593.195555,,1878384640.87337,77956051.1898,,,1465168781.62035,
2018-12-09,62942160928.0342,9866414731.76198,1885200218.75929,635567538.85443,,188363784.190033,12825284623.7147,246649040.005517,,821695909.725349,,,902611068.362736,,1918499081.36582,89814395.8467,,,1543919019.03962,
2018-12-08,60531278391.8027,9555327945.88673,1893504596.29703,614811505.012123,,189115396.526225,12575595451.1481,248738484.343774,,795394848.654057,,,892118083.095459,,1820816061.69278,100734096.47875,,,1479137860.23639,
2018-12-07,59547645578.0206,9671177427.255,1859078677.73016,592344302.51507,,186984731.705864,12359838915.6977,246818848.314936,,774280072.814008,,,876069050.37089,,1869734341.12371,100968609.0168,,,1503108919.624,
2018-12-06,61303965507.8301,9510417097.19255,1853258431.55953,647677222.881112,,181375784.53353,12539238457.6656,245980362.963325,,798494898.433854,,,847781485.788859,,1882490957.98067,110480027.3955,,,1602141067.04171,
2018-12-05,65352496335.9036,10618884099.1403,1843363374.47968,782739422.182673,,180498554.856648,13640400736.3568,255697624.908685,,888035721.58382,,,922861947.04312,,2283779814.15573,116442288.4695,,,1741570135.83298,
2018-12-04,68878292607.5452,11418617062.7491,1856479287.61269,769203427.424102,,178853753.702588,14204552398.7097,257494595.219507,,977433741.986457,,,953286940.331871,,2617978806.20351,112784611.2666,,,1853542250.03779,
2018-12-03,67779050169.8008,11282911403.5501,1850098415.92123,668286590.267413,,178146805.65555,14064337568.8134,278040469.947048,,1002625723.90889,,,917251052.456927,,2795421069.00063,120673703.4895,,,1846319082.31238,
2018-12-02,72050487506.1332,12053770487.1165,1853398856.14673,686750929.993746,,178770938.264327,14825428857.6068,263285350.994659,,1080429209.08028,,,987857121.635747,,3010194660.90659,116011000.0,,,2002705712.11052,
2018-12-01,73346194969.0855,12284117522.0051,1858375216.23055,691761388.860487,,177962574.067388,15038289184.0537,263750542.439472,,1075155851.85578,,,1004282932.98172,,3010070869.44564,100654400.0,,,2039473601.46009,
2018-11-30,69904637061.278,11716096075.5861,1841241017.54765,664273799.147219,,178350743.836846,14616841112.3162,253728205.803632,,1008977117.58809,,,951790054.089092,,3026267123.79553,99353100.0,,,1903850875.11055,
2018-11-29,74451016926.881,12166285641.54,1851552528.55949,699335927.88344,,179215722.520525,15306739230.0938,262631886.10457,,1085456213.88935,,,1038039757.75208,,3164359443.5033,90799800.0,,,2006241775.02039,
2018-11-28,74072560088.04,12670491119.1293,1853863586.47261,698070712.185068,,173690422.157984,15750125593.8891,263216104.549114,,1089471060.24908,,,963170386.733728,,3322936115.9,99598800.0,,,2054986530.83619,
2018-11-27,66468970322.0,11382216772.81,1827201657.50557,642623574.563207,,170711290.864261,14524416370.1378,244511714.869169,,945329511.593072,,,779470162.797319,,3130144345.8125,115270050.0,,,1843430374.32555,
2018-11-26,65739289045.5,11206775318.0214,1814175146.1867,644376285.384213,,172044015.330946,14334393936.0285,245848748.434413,,928344687.683628,,,766662430.648853,,3181915943.775,120036350.0,,,1744724140.71782,
2018-11-25,69749265801.14,12043900588.4367,1821092173.57363,677616315.30529,,170393048.504764,15104646162.5749,260041719.537575,,978106514.167212,,,813501385.384822,,3226002255.6,128627450.0,,,1832205976.29138,
2018-11-24,67495633205.0,11735901798.827,1770697939.38059,669075120.035758,,169951729.428763,15136303125.8125,260499267.998098,,997092907.922189,,,825027029.356208,,3157626102.275,119634550.0,,,1732510654.34387,
2018-11-23,75598851166.0,12747016419.385,1774935804.77237,726908037.163229,,169431171.766614,16430488175.7773,276466211.265452,,1125551171.60976,,,898763536.566188,,3624574888.125,143951500.0,,,1906521506.365,
2018-11-22,75919439808.5,13097009561.8385,1803148499.43935,752821997.451128,,166175761.749806,17182673753.2403,282441633.823295,,1147394728.53803,,,912340521.620901,,3694885203.4,183483300.0,,,1908210439.72838,
2018-11-21,80020171046.79,14127420909.3746,1783848689.61594,810831493.653849,,165035814.906515,18052574841.1373,286620432.236602,,1238792837.59859,,,968232991.330401,,4122235034.475,169792000.0,,,2054460598.71757,
2018-11-20,77401044319.69,13467303238.6031,1750059571.05109,753431522.25903,,156707497.53873,17531343949.6131,263932882.378113,,1160931252.06592,,,909914416.301197,,3907841849.175,179512900.0,,,1957630540.54305,
2018-11-19,84688539692.25,15410551811.3501,1726088332.25007,867472829.021666,,145433960.311124,19283163673.2349,283005650.914032,,1363284259.49385,,,1039017408.32752,,5885744614.75,189571550.0,,,2170262911.52863,
2018-11-18,97753714643.0,18288411984.3956,1743306534.52439,1046363128.1684,,144472180.075049,20557640500.2219,309369879.440067,,1605295314.0167,,,1239266431.965,,6746074649.7,191745050.0,,,2506544509.73895,
2018-11-17,96542098113.96,17968221714.767,1731601740.07819,1009535273.03686,,144078009.427742,19799766456.7883,303689775.826382,,1573112041.35788,,,1236623357.87686,,6771541905.025,203504700.0,,,2482345520.5253,
2018-11-16,96900828780.0,18086156169.3652,1684284326.44805,1031284583.13514,,147038389.425786,18992519249.1457,321325360.840395,,1585474068.5904,,,1242369742.83465,,6789652604.0,196979650.0,,,2513114190.03552,
2018-11-15,98151606540.75,18663659629.0191,1675743685.66125,1070574081.37499,,145288637.977145,19399223641.7615,327645999.363026,,1647483843.19613,,,1254230702.17542,,7356352530.0,178372600.0,,,2600634638.64971,
2018-11-14,99712077258.95,18721032761.1747,1649502332.21082,1099631149.20235,,145938457.51628,19103790091.4863,315331725.949183,,1680683457.02004,,,1272883441.44914,,7669576347.75,182400050.0,,,2580084188.96294,
2018-11-13,110494466204.13,21341261802.2819,1681026767.35474,1209685692.84377,,135535719.465778,20509312470.8081,344531570.688022,,1908320543.63663,,,1446359834.02473,,8945077318.75,172366950.0,,,2939427817.71693,
2018-11-12,110689666527.5,21707637539.5254,1687903646.94931,1224441163.56898,,135869179.957355,20792881923.9019,358414069.618565,,1970491066.0797,,,1477452116.0217,,9012099961.975,174290900.0,,,2994928762.76625,
2018-11-11,111373453740.24,21798464880.6961,1690145885.10992,1238146315.79473,,135307299.941031,20340489539.6382,369745369.674913,,1982925689.10972,,,1499793324.35871,,9308507141.2,168749350.0,,,3036594686.5711,
2018-11-10,111326145314.14,21917195707.8987,1771412226.32984,1250117069.10358,,135543519.223448,20372050863.9936,384068860.53947,,1950249802.11068,,,1513731924.02747,,9711658823.65,169028650.0,,,3097146196.49004,
2018-11-09,110905767441.0,21659329261.3419,1767241188.09459,1249682815.37778,,135152022.946511,20129611646.3336,367129457.309387,,1924449774.21832,,,1514040940.1522,,9499852950.975,168478800.0,,,3066513267.19331,
2018-11-08,112078367037.0,21877424056.9623,1766354753.64852,1262337649.10408,,134582387.304781,19841740203.8054,395578770.058429,,1983244592.07734,,,1519734726.62066,,10022537740.95,176398600.0,,,3094006430.33628,
2018-11-07,113395632954.68,22383497661.8305,1764466417.34355,1284047719.40786,,134846050.978564,21538372466.8292,425182384.979541,,2036408050.21551,,,1563115330.6841,,10768569004.5,190060850.0,,,3200474366.35222,
2018-11-06,112095603776.0,22445690691.5,1765260477.86,1278317401.42,,134764761.215,21639288293.7,433467771.72,,2084951304.38,,,1612281768.57,,10797299033.4,175274050.0,,,3259562075.36,
2018-11-05,111456211022.0,21540996877.4,1764299433.7,1265157682.34,,134043873.058,19998705113.4,423301552.855,,1974302345.45,,,1561195485.82,,9740952454.27,179907700.0,,,3161333291.5,
2018-11-04,110689215104.0,21371416840.4,1756362381.39,1259275637.14,,131925671.16,18602729462.9,429511052.794,,1976402438.16,,,1530155802.32,,9769871611.5,177115400.0,,,3164416254.48,
2018-11-03,110421212888.0,20615439150.7,1775414504.5,1246544939.81,,132760169.643,18320325932.8,436195624.042,,1853235889.57,,,1492515008.4,,8335552143.33,157643500.0,,,3007885629.2,
2018-11-02,110880236966.0,20657629735.2,1764876770.76,1252152306.44,,132263915.845,18441666174.0,440812519.171,,1881885302.52,,,1502968958.15,,8055935542.12,146351800.0,,,3028256022.02,
2018-11-01,110683820788.0,20472105763.9,1761712963.65,1249031434.79,,126328568.292,18322537236.1,441152745.241,,1837384078.64,,,1484257045.58,,7393934934.25,154156800.0,,,2965093308.24,
2018-10-31,109627117226.0,20314628127.2,1755321398.25,1224930353.01,,126902714.865,18027428763.6,439603253.562,,1807238673.73,,,1459082093.63,,7371737947.16,155527400.0,,,2915436795.96,
2018-10-30,109903543419.0,20328580025.7,1820341577.67,1227818401.88,,127961108.516,17881764186.4,449643132.979,,1805750459.88,,,1459003195.89,,7354852860.03,151243050.0,,,2902792750.8,
2018-10-29,109862898081.0,20292811277.7,1920370844.95,1229856255.21,,126268125.218,17751297293.6,449242891.107,,1805221547.64,,,1458602132.41,,7278038085.59,153210050.0,,,2892215652.44,
2018-10-28,112518434372.0,21123907348.8,1923441561.2,1264409510.25,,125585473.774,18591270891.4,474359841.967,,1896990413.81,,,1548696769.8,,7687035518.4,144226250.0,,,3060378327.72,
2018-10-27,112403001148.0,21000852986.6,1913123646.38,1262795446.71,,125258973.687,18347705887.8,489681080.36,,1889715277.82,,,1530214975.62,,7624285342.04,153259050.0,,,3059270071.14,
2018-10-26,112294341019.0,20906130835.2,1906751043.28,1269103897.67,,125705149.382,18465910098.9,465080941.067,,1911154372.45,,,1550702087.21,,7644644149.75,136650850.0,,,3068345272.05,
2018-10-25,112309554478.0,20839259066.2,1904828474.39,1267743584.79,,85423350.5586,18416216083.6,433818658.581,,1914952688.28,,,1521661146.29,,7669884249.64,130126850.0,,,3075692175.6,
2018-10-24,112637293966.0,20951603017.5,2003344844.9,1274681180.46,,85597083.7735,18288398358.8,456437857.085,,1926918031.33,,,1543745936.99,,7707652665.3,129768100.0,,,3091471494.64,
2018-10-23,112279779884.0,20997181867.2,2002027670.77,1282236148.9,,0.0,18481226954.2,486756513.048,,1937869625.93,,,1543568417.09,,7710485714.88,126691950.0,,,3092294662.35,
2018-10-22,112465213723.0,20962977291.7,2043194835.01,1272265317.11,,33637864.4966,18123288124.0,509318217.263,,1964652289.79,,,1565508561.95,,7789079577.14,131919550.0,,,3071678874.92,
2018-10-21,112369106369.0,21071630785.8,2042260445.23,1274416965.84,,24149158.5883,18266679643.3,526968561.161,,1967169808.34,,,1590867608.61,,7799358753.82,131938800.0,,,3112806425.38,
2018-10-20,112476559221.0,21097037288.7,2042848072.58,1275898922.08,,23994903.4238,18364953831.0,530881311.268,,1979319233.6,,,1588250833.77,,7791561135.25,125595750.0,,,3138354412.53,
2018-10-19,112052990522.0,20917973392.6,2050906665.34,1277484209.78,,24002105.7351,18166045595.2,521344520.317,,1966215692.15,,,1582820039.74,,7675834213.6,118873300.0,,,3117454727.05,
2018-10-18,112237252159.0,20875341345.3,2085717770.76,1270922008.14,,24187789.2696,18307917204.4,511469870.124,,1947931922.0,,,1595772417.74,,7632886084.69,113849400.0,,,3087779466.01,
2018-10-17,113399343801.0,21254117735.7,2142931950.18,1295497891.44,,24107422.7902,18726772431.8,536231883.176,,2006973047.03,,,1593326587.99,,7812582934.09,111595050.0,,,3154277210.2,
2018-10-16,114283707152.0,21561538444.9,2200354168.34,1175713141.98,,24323316.2344,18809007568.1,584946753.882,,1965629740.35,,,1601518802.7,,7972225573.8,108947300.0,,,3176809629.1,
2018-10-15,114280022340.0,21514574461.5,2456639187.11,1211556837.45,,0.0,17891581827.9,608254396.047,,1939054493.05,,,1649080986.66,,7995239191.87,106120350.0,,,3223700518.11,
2018-10-14,108972590373.0,20075397006.8,2480279756.92,1115328494.34,,0.0,16130485985.4,601233348.731,,1848416047.16,,,1553128192.53,,7643835570.1,121751350.0,,,3064779525.84,
2018-10-13,108878136724.0,20494529772.8,2674069170.2,1120451371.13,,0.0,16754129100.9,603905182.485,,1895336266.71,,,1549334526.48,,7802698333.12,118899200.0,,,3138228770.29,
2018-10-12,108669526315.0,20171157773.8,2690459260.23,1119110168.63,,0.0,16763608540.3,611427695.055,,1898221949.66,,,1494960838.15,,7711708128.82,120254750.0,,,3143348329.41,
2018-10-11,108341572839.0,19426181717.3,2687547150.44,1092377724.46,,0.0,15324293666.5,582635154.731,,1839248235.02,,,1376055378.24,,7533647535.29,118172950.0,,,3006484457.06,
2018-10-10,114030835912.0,23139713070.2,2688835407.19,1212954412.73,,0.0,18494386175.9,646790164.936,,2195465442.55,,,1667023646.33,,8922601499.75,118334300.0,,,3401689392.52,
2018-10-09,115007759484.0,23361891400.9,2697704351.21,1219636936.55,,0.0,19163286272.5,656416571.128,,2238978845.04,,,1713270868.06,,9006258033.5,124776400.0,,,3443777361.84,
2018-10-08,115162906843.0,23487672999.7,2794674054.24,1233929786.29,,0.0,19558407223.9,649726469.809,,2245470983.5,,,1748393509.3,,9199873690.31,112329000.0,,,3483963901.85,
2018-10-07,114298880311.0,23161767973.0,2796927610.89,1235386083.22,,,19250425338.2,647783089.718,,2194941715.73,,,1767000224.9,,8998846140.2,108618300.0,,,3409620084.67,
2018-10-06,114033598927.0,23054817089.3,2798499207.06,1218133662.3,,,19491755023.8,645695892.723,,2107948615.95,,,1559203318.04,,8844170277.2,112386750.0,,,3390224024.31,
2018-10-05,114614764674.0,23304234601.1,2794573023.06,1249150438.1,,,20727516366.0,660047445.461,,2151708325.61,,,1530287298.54,,9052044225.71,113831200.0,,,3443401206.13,
2018-10-04,113811343543.0,22748580858.8,2795715236.7,1204451517.74,,,21030226777.6,657223863.557,,2107977135.73,,,1492653079.43,,8918891879.62,116164300.0,,,3414046744.27,
2018-10-03,112516993837.0,22567089085.9,2802405746.12,1206283633.23,,,21092366276.3,663984391.115,,2094614323.57,,,1420146061.91,,8943917327.81,115220700.0,,,3366307855.36,
2018-10-02,113431019760.0,23247403474.2,2805694872.39,1216336779.8,,,20799839394.4,677834330.757,,2139639274.27,,,1452546731.33,,9268718959.88,117244050.0,,,3496006537.17,
2018-10-01,113999846113.0,23609728018.1,2800598410.52,1167816254.42,,,23021206667.6,691491511.997,,2190041499.4,,,1449864208.38,,9226907043.77,120956500.0,,,3524604879.69,
2018-09-30,114608519470.0,23817805502.1,2807432047.45,1176523500.76,,,23187803288.1,687215142.888,,2208861959.9,,,1457287170.18,,9208784935.62,122123400.0,,,3578364983.75,
2018-09-29,114186839964.0,23688983896.2,2805304779.77,1174332008.76,,,22775378623.2,682339781.634,,2193583137.23,,,1448759640.1,,9329262106.8,114272550.0,,,3604639871.88,
2018-09-28,114903584220.0,22740233568.0,2810406854.49,1120985498.39,,,21494884565.0,678300465.89,,2178690627.91,,,1444979123.68,,9379539272.28,117129950.0,,,3620659227.42,
2018-09-27,115454861756.0,23358464738.5,2798302757.54,1127941240.99,,,21585351653.6,683838581.031,,2229764364.17,,,1479792748.8,,9805022236.62,120263150.0,,,3683109446.35,
2018-09-26,112300336125.0,22061164303.3,2812399413.92,1094818817.82,,,20585668395.4,662329725.015,,2060579858.08,,,1382518417.62,,8961941258.55,118251000.0,,,3355751429.54,
2018-09-25,111450035114.0,22328327983.4,2807656561.19,1100050804.61,,,21009615752.5,661194575.513,,2100805708.02,,,1399126390.62,,7732846562.43,123656050.0,,,3363315938.37,
2018-09-24,114011060309.0,23368514474.6,2808189781.32,1128469724.51,,,19724616281.8,660168122.221,,2145558424.47,,,1452290313.7,,8042327737.12,125441050.0,,,3387711671.63,
2018-09-23,115990387532.0,24957339670.0,2805052201.82,1155984600.26,,,22718597839.0,686080916.532,,2327045325.53,,,1564239623.39,,8485324614.56,115210550.0,,,3585375264.02,
2018-09-22,116173876360.0,24559189741.1,2809003643.62,1151981618.74,,,22722937027.6,669390105.176,,2156937815.73,,,1523751936.24,,8470234975.12,101924200.0,,,3530127873.23,
2018-09-21,116385068032.0,25177561991.2,2790784353.71,1170624718.05,,,22351279558.4,660681858.128,,2271359163.43,,,1639126722.56,,8663959552.71,94052350.0,,,3545908289.48,
2018-09-20,112653130183.0,22927300807.8,2760666625.1,962240914.067,,,17910816754.0,661896910.189,,2112885130.18,,,1407857739.85,,7911447821.35,95852750.0,,,3306309550.36,
2018-09-19,110547735544.0,21430323331.0,2758323666.62,918743555.917,,,12979866409.2,651826831.054,,1875826146.13,,,1298729024.14,,7450355940.54,94250800.0,,,3171223927.1,
2018-09-18,110064685348.0,21426628308.9,2762623684.53,911577251.308,,,12812946982.5,694945887.327,,1800126878.28,,,1274809861.12,,7561557588.2,94114300.0,,,3156689623.05,
2018-09-17,108497127334.0,20187902504.8,2767750628.96,898320113.101,,,10838058873.2,725299656.712,,1656713880.31,,,1217484082.58,,7296518752.35,95121600.0,,,3065033150.59,
2018-09-16,112562367224.0,22500748645.5,2759067900.49,949014339.866,,,11192956724.3,758705130.939,,1813922672.51,,,1313311955.3,,7793981526.0,88723250.0,,,3322793504.18,
2018-09-15,113000324618.0,22749647320.9,2758792258.32,965660262.394,,,11226475960.4,716133148.532,,1797311198.42,,,1310537384.99,,7819564574.25,91150150.0,,,3306873163.44,
2018-09-14,112462453186.0,21590366995.5,2762926890.92,948444130.103,,,11033441784.3,717737372.686,,1769475895.49,,,1303936274.58,,7798253364.59,86732450.0,,,3298089235.66,
2018-09-13,112530970182.0,21545775837.3,2773925013.65,917308002.695,,,11142751261.3,761150295.435,,1810453630.48,,,1311385535.63,,8056553806.23,83909350.0,,,3178346287.75,
2018-09-12,109661521297.0,18685319378.4,2759867262.79,880093458.316,,,10725925162.6,749563101.831,,1730491952.23,,,1199409926.69,,7507802666.0,84667450.0,,,3009756628.76,
2018-09-11,109119948884.0,18858381965.7,2768935890.3,895330571.128,,,10472676303.0,734786914.687,,1828198117.55,,,1227944607.14,,7645555697.25,91231700.0,,,3050454271.11,
2018-09-10,109255603474.0,20078523983.5,2759949955.45,909744365.99,,,10735217970.1,800113778.708,,1905844508.4,,,1274283876.23,,8074017699.36,95336500.0,,,3179465715.46,
2018-09-09,108747090915.0,20058708800.0,2770148715.87,908575292.707,,,11049704671.8,676577705.495,,1987128467.24,,,1273192457.57,,8343621588.94,94044650.0,,,3197781807.63,
2018-09-08,107442122871.0,20159309964.3,2768219220.65,909286861.004,,,11075596221.7,660574627.575,,2028396585.42,,,1269707807.66,,8240449742.56,104902000.0,,,3099244507.43,
2018-09-07,111590424587.0,22115522904.4,2773952577.86,958687848.207,,,11555442374.8,615880469.769,,2177433164.99,,,1354095508.95,,8695300497.8,106379000.0,,,3270299048.79,
2018-09-06,112649565532.0,23435751842.0,2758930079.4,982269890.163,,,12002497851.3,581271399.635,,2298847043.62,,,1423065278.07,,8999244961.35,108828300.0,,,3344492650.0,
2018-09-05,117185657641.0,23646371776.6,2778335288.42,963396615.596,,,11244823075.3,572046224.431,,2270418010.77,,,1433966314.98,,9195328777.7,114890300.0,,,3399043578.22,
2018-09-04,126986882925.0,29074743100.6,2765803806.84,1084945852.51,,,13150052582.9,611181289.08,,2729213080.18,,,1660475134.41,,10832926790.3,114834650.0,,,3937324170.56,
2018-09-03,125222785390.0,29428616901.4,2798335029.05,1075576073.99,,,13320905092.7,610853684.724,,2686225997.23,,,1646155195.69,,10854338381.5,106886500.0,,,3800526796.92,
2018-09-02,125427780027.0,29942718225.1,2835998470.36,1079234203.62,,,13581089397.5,579769447.222,,2707615830.42,,,1681284411.74,,11191429185.5,108048500.0,,,3815602461.2,
2018-09-01,124044625438.0,30035327410.2,2733401134.37,1086875205.47,,,13787190893.4,727970620.19,,2769711164.36,,,1748222564.21,,10660641895.8,117527550.0,,,3832231494.64,
2018-08-31,121346613238.0,28774922508.3,2751765248.2,1051955827.02,,,13295965146.4,555832504.294,,2649642900.7,,,1666379314.83,,9408059252.32,117629750.0,,,3597385669.46,
2018-08-30,120309828156.0,28881058148.3,2782223799.83,1027963081.22,,,13300405963.5,371736147.615,,2607226213.3,,,1636917586.01,,9354178043.75,115107300.0,,,3502972843.21,
2018-08-29,121484666374.0,29404459724.6,2783976548.25,1067209176.96,,,13671491746.6,302033241.693,,2734502202.57,,,1671685187.44,,9601608721.65,111918450.0,,,3586429316.31,
2018-08-28,122319195736.0,30128902936.5,2810438990.72,1097066391.69,,,13939151830.5,302144269.502,,2734787400.35,,,1765152702.96,,9790089435.53,117924450.0,,,3658481635.97,
2018-08-27,118657885712.0,29015874948.4,2805959251.17,1070962819.12,,,13347493496.0,285305948.654,,2599551800.42,,,1608198810.84,,9460943184.26,112357700.0,,,3496598713.51,
2018-08-26,115585205491.0,27953028997.1,2789982011.14,972852355.384,,,12797087411.7,278624233.162,,2419973131.75,,,1496696588.3,,9053488090.1,110121200.0,,,3326564887.79,
2018-08-25,116534497933.0,28399212923.0,2794932475.96,968095831.733,,,12973129574.6,274615435.445,,2444461249.88,,,1478056998.65,,9301131505.66,109174450.0,,,3359063829.94,
2018-08-24,115778358839.0,28730705349.2,2797110345.42,977542020.269,,,12948466281.0,281064241.656,,2439148793.12,,,1420553700.2,,9268456188.06,100541700.0,,,3359443512.67,
2018-08-23,112577436411.0,28129662664.2,2789281183.92,927907982.51,,,12952537305.5,276305563.329,,2397040637.86,,,1365634302.55,,9187213313.25,105795200.0,,,3336208360.57,
2018-08-22,109840902181.0,27539119678.7,2823128084.74,911163682.083,,,12640056537.7,268075742.068,,2337294296.52,,,1296026776.75,,8999075739.4,95662000.0,,,3206435040.09,
2018-08-21,111758100192.0,28609531323.2,2824115833.86,927868822.375,,,13196722736.2,280772182.736,,2463159853.15,,,1380907588.88,,9285694360.25,102139450.0,,,3265411240.71,
2018-08-20,108642191682.0,27829775230.8,2736812672.03,926560300.809,,,12570937819.0,274272437.996,,2431015471.1,,,1358441459.13,,8922877508.0,93885400.0,,,3128235977.86,
2018-08-19,112031838393.0,30514025773.7,2723555848.6,970044287.205,,,13543239223.9,286367575.707,,2655891324.7,,,1463756784.37,,9860902396.45,90141450.0,,,3355770259.08,
2018-08-18,110603014928.0,29998584852.4,2729925656.98,946297963.709,,,12878711865.7,277170288.232,,2587119770.1,,,1421401850.84,,9600348331.89,95168500.0,,,3316534144.84,
2018-08-17,113290724406.0,32011921282.7,2696090243.41,1038010998.65,,,14436913947.0,284151788.607,,2849048000.21,,,1530648913.15,,10327471783.2,90752200.0,,,3561007624.81,
2018-08-16,109045250379.0,29199228645.6,2410077056.85,936245270.652,,,11513907010.5,265235124.042,,2471645783.34,,,1283462312.61,,8948374195.12,99258950.0,,,3204120259.09,
2018-08-15,108581773101.0,28617473115.7,2410149271.06,903835961.31,,,11103213511.7,266549316.148,,2464119154.76,,,1278340534.72,,8883897484.05,94734500.0,,,3153513508.43,
2018-08-14,106696389129.0,28263969131.7,2401226001.8,899738474.069,,,10798746746.6,261534677.37,,2454300573.15,,,1253073535.41,,8807468661.81,96154450.0,,,3156149907.28,
2018-08-13,108369686635.0,29024490502.9,2416600407.18,976921188.869,,,10924502190.5,269736328.589,,2668154829.07,,,1273028087.29,,9267806097.23,96644800.0,,,3287753597.5,
2018-08-12,108790259014.0,32368768331.5,2408319844.39,1121488943.85,,,11706253644.1,278123344.734,,2928981158.68,,,1484644959.44,,9871588493.51,79814000.0,,,3430379427.46,
2018-08-11,108314257212.0,32619681420.3,2430850678.03,1120992278.73,,,11839558818.7,278022864.789,,2915213884.22,,,1486854095.99,,9798237015.41,81898950.0,,,3373620431.22,
2018-08-10,106390927598.0,33834485092.3,2410943627.37,1158643315.34,,,12592701615.4,276653725.975,,3016744292.45,,,1566251515.61,,9895148957.05,82764850.0,,,3432695951.47,
2018-08-09,112973963230.0,37007391030.6,2417346620.69,1228100022.14,,,13628056811.4,295514406.101,,3202174700.94,,,1705598063.43,,10556792247.3,88881450.0,,,3696931038.73,
2018-08-08,108448409560.0,36091566801.1,2411208412.81,1159875426.88,,,13045357570.9,279185556.298,,2949256127.84,,,1609638694.48,,10117889996.2,90296150.0,,,3609827135.67,
2018-08-07,116128339800.0,38472420232.6,2440893541.76,1255617180.05,,,14973488018.0,308809410.878,,3250684249.91,,,1832143453.91,,11394551150.4,99661100.0,,,3936927335.15,
2018-08-06,119531508535.0,41139790461.5,2439455628.95,1308435605.33,,,16273331370.1,321265094.797,,3384856839.95,,,1921666082.73,,11967927796.4,108353000.0,,,4265995090.05,
2018-08-05,121526079384.0,41521715110.2,2435548892.98,1301186204.83,,,17041919017.5,327938539.923,,3415139658.34,,,1994067903.27,,12253194393.5,100548000.0,,,4305369688.66,
2018-08-04,120899698889.0,41183215694.2,2433496820.81,1322122549.89,,,16840271360.9,317270338.329,,3306920065.91,,,1902250665.36,,12018987362.1,102876900.0,,,4224004697.87,
2018-08-03,127785826655.0,42287977978.1,2434934733.61,1350031309.14,,,17314385048.0,337172279.42,,3377130572.93,,,2012010562.94,,12518098696.4,111395900.0,,,4473145659.8,
2018-08-02,130052066760.0,41709183608.4,2418735658.25,1354071488.87,,,16915730078.3,340387651.762,,3420843613.85,,,2073603393.93,,12690380884.0,115037650.0,,,4391532339.5,
2018-08-01,131030166771.0,42521937217.6,2395723635.68,1296477437.44,,,17528976109.1,365019481.485,,3653150165.87,,,2146235332.86,,13286522593.9,97993350.0,,,4489424992.88,
2018-07-31,133688476220.0,43839034236.6,2460926510.43,1315723210.84,,,17111168340.8,340164809.296,,3715271426.88,,,2230570435.67,,13419815413.9,93394000.0,,,4594971658.11,
2018-07-30,140547190784.0,46175217427.0,2504407562.65,1262379466.69,,,17539001608.4,377999635.665,,3995024517.99,,,2396656740.5,,14090698576.3,88140850.0,,,4775334188.85,
2018-07-29,141185844808.0,47133881665.7,2504430126.91,1339200189.02,,,17822035213.8,381945738.766,,4234227670.77,,,2579692908.51,,14311866496.6,85297800.0,,,4845428837.14,
2018-07-28,140716560550.0,47147853886.3,2501842758.07,1394645208.69,,,17836228175.5,392607816.671,,4235964784.5,,,2418333892.91,,14135134758.0,70918400.0,,,4817687940.6,
2018-07-27,140235573607.0,47417755376.4,2499914767.15,1329792205.5,,,17834970073.6,394605474.642,,4291967256.86,,,2400075642.3,,14143182948.6,68967500.0,,,4864859010.87,
2018-07-26,136553079708.0,46839932192.6,2502003215.06,1279609925.85,,,17688912309.5,391735302.128,,4271873777.19,,,2366662451.97,,13913836179.2,70497700.0,,,4838652756.37,
2018-07-25,140482950401.0,47683830874.3,2504109212.95,1235874741.52,,,18078491417.1,408948842.128,,4478408821.1,,,2440688250.87,,14348574832.8,78046850.0,,,4967065513.73,
2018-07-24,144634918474.0,48368209917.3,2498377890.12,1160009144.42,,,17991761019.3,417763030.491,,4489842659.21,,,2505450140.84,,15002990003.5,75757500.0,,,5138587102.3,
2018-07-23,132375368459.0,45481301491.0,2600612066.2,1148050976.52,,,17506330275.5,395957341.953,,4252765526.21,,,2239453005.55,,13533403851.0,80385550.0,,,4742939001.1,
2018-07-22,127336615249.0,46360029756.7,2656723174.59,1157602228.83,,,17664969058.3,399040882.341,,4414783790.0,,,2309284074.93,,13605908098.8,83923000.0,,,4783253313.16,
2018-07-21,127333468174.0,46630720739.0,2657246631.24,1163848747.85,,,17904755411.8,377290409.714,,4242628041.63,,,2340843168.52,,13618682842.9,87035900.0,,,4857361114.5,
2018-07-20,126202570251.0,45437819521.9,2659877200.18,1152922115.2,,,17573874619.7,393392431.813,,4204722664.5,,,2295016734.71,,13240791714.9,77895650.0,,,4757974241.4,
2018-07-19,128122730711.0,47335899963.0,2701964293.28,1233830773.53,,,18731289025.5,443392195.254,,4689403321.14,,,2492964574.44,,14226486191.0,69758500.0,,,4981759674.7,
2018-07-18,126458165406.0,48424155623.5,2713123125.79,1228749507.3,,,19096821223.5,428178334.927,,4650746058.97,,,2607649005.58,,14312056080.8,68141850.0,,,4997438569.31,
2018-07-17,125588963706.0,50478766285.3,2707492273.87,1563825403.01,,,19850581637.1,372245951.921,,4430028907.48,,,2614092320.52,,14669907853.8,70243250.0,,,5159554161.08,
2018-07-16,115638203962.0,48419026521.3,2704809497.79,1509598769.57,,,18979505038.6,329148247.879,,4047682398.25,,,2466921747.41,,13890898718.2,71607900.0,,,4858950162.22,
2018-07-15,109074579938.0,45306414380.4,2702678978.33,1401464818.28,,,17506888524.6,274421956.281,,3688436908.88,,,2259381258.19,,12463683161.5,72357250.0,,,4532784609.22,
2018-07-14,107631453835.0,43911193560.9,2714314267.54,1379500465.81,,,17246853353.3,272285060.333,,3554393954.2,,,2197887049.37,,12136402555.3,73908450.0,,,4404338245.76,
2018-07-13,106968440793.0,43694988768.9,2710984484.92,1389034317.66,,,17226044257.6,268861136.119,,3575005975.27,,,2192009168.19,,12006355938.6,82325600.0,,,4415840362.9,
2018-07-12,106798864820.0,43288294177.4,2704622705.1,1376546796.4,,,17093454981.8,265785073.863,,3297430758.09,,,2118910417.66,,11766667945.5,86360750.0,,,4407032324.2,
2018-07-11,109631867446.0,44934271235.3,2610164628.43,1448883186.71,,,17677248272.3,279463345.288,,3408969015.55,,,2207703242.44,,12191463386.5,87479700.0,,,4514447288.44,
2018-07-10,108511009626.0,43708241775.1,2610268914.04,1455315115.47,,,17473436921.7,277864985.586,,3339199268.73,,,2208321274.69,,11865396160.9,80482150.0,,,4363305675.77,
2018-07-09,115557889495.0,47950212027.3,2626693898.22,1558317208.7,,,18620999655.9,299949049.888,,3629037990.27,,,2353644325.86,,12635262088.1,76472900.0,,,4636050015.1,
2018-07-08,116097021279.0,49191161178.1,2618220692.09,1595654327.08,,,18757593701.1,300734141.542,,3769510858.45,,,2439268091.66,,12943531512.1,81300100.0,,,4722977524.09,
2018-07-07,117506606000.0,49436674024.9,2623330687.17,1642741975.77,,,19335850986.9,304620168.816,,3898731378.01,,,2520361812.56,,13354548972.3,82781300.0,,,4939834010.82,
2018-07-06,114350502582.0,47652424063.6,2615378909.12,1542933038.67,,,18812639648.6,299049594.502,,3787530172.47,,,2431043002.89,,12699236145.8,87150000.0,,,4776762277.79,
2018-07-05,113748385620.0,47682968019.5,2723762187.35,1579528888.66,,,18909774936.8,299294779.773,,3861085271.59,,,2489308979.43,,12885612954.4,77420000.0,,,4797418574.46,
2018-07-04,113024522547.0,46960391870.5,2704961097.65,1597205288.63,,,19240115961.4,308602980.15,,3913950568.42,,,2557272802.44,,13128203651.6,79316650.0,,,4895597691.08,
2018-07-03,111849428104.0,46637067238.7,2708006630.53,1616136142.79,,,19050872652.3,303713116.808,,3906042811.9,,,2555445004.93,,13050265125.6,63375200.0,,,4871976743.91,
2018-07-02,113288832522.0,47747743959.2,2704051498.49,1661650021.67,,,19086169277.8,311174075.889,,4103684870.61,,,2598943955.6,,13362677310.9,58197300.0,,,4879760109.99,
2018-07-01,109366024632.0,45585861718.1,2703948627.16,1642662146.87,,,18113882699.5,286509504.419,,3687036847.07,,,2490873784.49,,12728748477.2,60198250.0,,,4591723092.83,
2018-06-30,109665618200.0,45703302056.4,2704952976.23,1671537401.52,,,18305756569.2,287630566.836,,3569405728.04,,,2526265992.98,,12887050715.0,59769850.0,,,4655306526.98,
2018-06-29,106474707240.0,43769409548.2,2716155122.98,1654579461.68,,,17788871057.8,279304722.012,,3259551308.04,,,2448255858.52,,12317788897.4,62893950.0,,,4505043162.95,
2018-06-28,101072353482.0,42391125054.3,2699541402.67,1610787606.28,,,17607401644.0,271187894.004,,3093618056.59,,,2410661088.28,,11361954618.0,65430400.0,,,4284330180.92,
2018-06-27,105403600614.0,44389430888.5,2701550100.81,1602291530.17,,,18467712720.6,280401349.511,,3304249577.64,,,2563301904.27,,12282011821.2,67781000.0,,,4610879159.64,
2018-06-26,104307939200.0,43417898247.6,2708656344.22,1610263016.35,,,17903549770.4,285041032.835,,3269377667.77,,,2515634523.33,,12048157419.5,65131150.0,,,4393058423.46,
2018-06-25,106958465208.0,46171165113.8,2708818772.64,1701598685.59,,,18914626969.1,285861157.984,,3507128904.6,,,2784386504.49,,13020419082.1,74508350.0,,,4675821027.49,
2018-06-24,105646571668.0,45897156207.1,2620436761.39,1647622942.99,,,18734923546.7,288641070.567,,3440600041.6,,,2791651670.83,,12890445591.1,78953350.0,,,4614286499.82,
2018-06-23,105449276520.0,47577076101.7,2612302483.51,1773478910.75,,,19280590262.9,303670219.972,,3574513360.93,,,2904679249.56,,13119368989.6,77267750.0,,,4717454160.12,
2018-06-22,104088814967.0,46694859627.8,2614961766.66,1778348473.84,,,19110383376.6,306702252.792,,3625615616.96,,,2836077669.87,,13001267499.7,73528000.0,,,4857442767.51,
2018-06-21,115129700024.0,52853921455.3,2608522130.01,1944780332.62,,,20987407808.6,343481918.247,,4110892596.22,,,3196660038.56,,15031302840.1,74900700.0,,,5532658032.75,
2018-06-20,115916357344.0,53735032875.1,2604087384.28,1831719797.61,,,21164443378.0,347206137.989,,4199796521.1,,,3247549076.98,,15311038807.1,77707700.0,,,5592175726.87,
2018-06-19,115789919278.0,53893191559.4,2607713916.5,1904443928.31,,,21570043601.9,348638114.612,,4334617287.9,,,3254728770.77,,15553580062.7,78244950.0,,,5638967092.32,
2018-06-18,115176197712.0,51972519170.6,2614518552.8,1924982764.66,,,21094155037.4,347923935.035,,4255073035.48,,,2964976842.75,,15224997908.0,83987400.0,,,5636516739.04,
2018-06-17,111134754810.0,50114921287.6,2621427474.72,1890667740.47,,,20729997855.3,330081698.171,,4184110643.42,,,2804038615.06,,14646877139.5,75084100.0,,,5480226337.2,
2018-06-16,111992015616.0,50024018701.1,2618194620.69,1802901563.6,,,20987761016.4,332593553.11,,4225127269.01,,,2841291495.12,,14646873026.7,80022600.0,,,5562876558.81,
2018-06-15,110378702283.0,49149084089.5,2625259971.03,1716104737.7,,,21102475042.0,333264839.523,,4219552948.85,,,2818634695.85,,14595956014.7,92041250.0,,,5510142474.55,
2018-06-14,114106009748.0,52015066663.3,2517043549.99,1698679228.57,,,22028624987.0,338168614.49,,4469178783.99,,,2986075411.77,,15424258127.7,84639800.0,,,5764020025.96,
2018-06-13,108530585830.0,47777150787.0,2515990551.04,1663759785.54,,,20982481909.3,323516473.57,,4158909530.86,,,2730703171.33,,14505818809.1,104168400.0,,,5359361891.5,
2018-06-12,112491874164.0,49702985162.4,2509070843.69,1736415491.47,,,22091918626.5,354758101.966,,4319061045.57,,,2891740021.19,,15023005658.9,102735850.0,,,5738282059.23,
2018-06-11,118025877189.0,53337466294.1,2511979126.49,1754354186.4,,,23706154936.8,371367949.66,,4700059347.13,,,3210447417.57,,16466571853.5,107369500.0,,,6121874767.28,
2018-06-10,115948312827.0,52645885460.5,2502665100.11,1617584467.17,,,23080600594.0,365371602.834,,4585669111.91,,,3156093453.68,,16138135357.7,115452400.0,,,6093573159.68,
2018-06-09,128682085689.0,59741701632.7,2522383758.93,1820463922.28,,,25891631461.4,412504965.847,,5239627612.09,,,3757984541.73,,18757223537.0,117666850.0,,,6700860850.19,
2018-06-08,130256218613.0,60080608858.0,2511628595.58,1855885146.98,,,26464127493.6,419946808.996,,5324331351.54,,,3785552724.95,,19202774711.6,119178150.0,,,6832464150.85,
2018-06-07,131153169176.0,60478879394.6,2504006887.5,1854664905.18,,,26612667216.8,428293523.755,,5473697204.91,,,3867244753.66,,19639588593.8,126802900.0,,,6907065819.85,
2018-06-06,130725095161.0,60659842640.8,2508870740.68,1966927151.16,,,26480063917.7,434554167.542,,5593013583.53,,,3905990115.86,,19421623315.0,128558500.0,,,6891340696.44,
2018-06-05,130365918088.0,60864980394.9,2509698097.15,1778964296.81,,,26567101622.0,419254905.661,,5716063460.3,,,3982829933.94,,19792584942.0,122326050.0,,,6918871999.67,
2018-06-04,128312205314.0,59222873879.9,2508444526.74,1626354242.38,,,25955326234.0,405239497.06,,5548704219.98,,,3890900924.23,,18982052220.0,120670550.0,,,6814722747.6,
2018-06-03,131808021256.0,61740821845.6,2507391527.6,1661125431.73,,,26339108356.8,423325478.714,,5915364851.53,,,4074962762.78,,20088760230.0,117541900.0,,,7130994473.54,
2018-06-02,130481526036.0,59080880116.9,2490919612.46,1674091926.42,,,25249999048.4,408089277.658,,5904682898.47,,,4022745612.52,,18617224875.8,122939950.0,,,7004694348.87,
2018-06-01,128725854692.0,57894350583.0,2509622882.93,1624039204.19,,,24461754518.7,392591613.027,,5768954684.2,,,3859880965.16,,17210408076.0,110547500.0,,,6810365343.3,
2018-05-31,127902999390.0,57643138806.7,2502134053.32,1618268714.91,,,24008636722.5,389661095.576,,5839139264.15,,,3980463001.92,,17078622465.8,120837150.0,,,6704155891.53,
2018-05-30,126391893474.0,55829809816.9,2506456364.08,1433601653.84,,,23741948988.6,384506683.522,,5474319454.6,,,4102839962.12,,16893852271.5,127617000.0,,,6671786966.14,
2018-05-29,127502651064.0,56396587655.5,2508845669.27,1433692886.87,,,23562615694.0,393979506.2,,5268121462.62,,,4274245289.18,,16943358765.0,119996800.0,,,6785779703.14,
2018-05-28,121747389422.0,51463146627.2,2513383594.15,1356441316.95,,,21644580268.4,369745371.288,,4531611169.84,,,3987853089.67,,15302656174.7,126184100.0,,,6331861061.26,
2018-05-27,125695017596.0,57099072056.3,2505089972.33,1437581694.86,,,23822837083.1,392428907.345,,5018365992.12,,,4641902154.69,,17098555062.8,122041500.0,,,6692969133.94,
2018-05-26,125469061263.0,58544016480.6,2506865028.03,1455064224.64,,,24012007059.8,396818056.522,,5096406474.44,,,4810276493.8,,17363589040.0,131948950.0,,,6707450004.77,
2018-05-25,127573690458.0,58477440267.9,2508243955.48,1483449101.74,,,23945109784.0,402683932.786,,5202396338.8,,,4686446500.33,,17444380642.5,148524600.0,,,6771922223.23,
2018-05-24,129385391552.0,59962094302.0,2504177373.08,1482570983.81,,,24767942357.1,400915452.008,,5418472544.67,,,4805845071.08,,18369471600.0,158609850.0,,,6950014204.36,
2018-05-23,128868479514.0,58139666822.0,2517219519.59,1439908137.18,,,23498069816.3,411345522.531,,5259902581.26,,,4592367527.38,,17240265830.9,158580100.0,,,6761219902.12,
2018-05-22,137104106176.0,64517663406.1,2514587021.74,1588081985.42,,,25299750226.1,441124251.685,,5818242045.29,,,4919885170.72,,19574049585.0,159894350.0,,,7289726771.79,
2018-05-21,143518943480.0,69631032596.2,2514587021.74,1678950085.38,,,26711372882.1,489159637.869,,6451692232.68,,,5416165067.04,,21145453148.0,155556450.0,,,7618147581.96,
2018-05-20,145109512565.0,71224213260.1,2504927008.18,1610012125.51,,,27442540119.6,506485164.165,,6640856139.32,,,5080290838.71,,22139339234.6,168311850.0,,,7910023832.7,
2018-05-19,140559162894.0,69334147807.0,2508043384.21,1624598006.51,,,26520360976.9,490735464.017,,6307304376.85,,,4546074281.97,,20306600272.0,176401400.0,,,7660047419.92,
2018-05-18,140607667610.0,69104455848.8,2509923739.82,1726060542.32,,,26660700253.2,459919189.689,,6366236608.18,,,4562044498.29,,20686223395.5,180919200.0,,,7699946952.16,
2018-05-17,137923772714.0,66929938612.3,2307579170.27,1421524681.21,,,26151857705.6,479446691.625,,6317493715.57,,,4433848830.2,,20665642306.8,176209950.0,,,7512142011.42,
2018-05-16,142587497878.0,70337446111.0,2307025456.48,1398203237.39,,,27984811710.1,501944870.633,,6647052709.18,,,4730852774.93,,21939149630.8,162667400.0,,,7877577804.06,
2018-05-15,144979744412.0,70504110200.8,2209656954.05,1433248125.84,,,27377641532.1,516726420.819,,6745057035.81,,,4508052149.0,,23011847516.2,163745400.0,,,7910044416.6,
2018-05-14,148480275422.0,72645181706.2,2209943882.35,1467791232.61,,,29035769088.3,510361317.631,,7089342605.49,,,4787264654.73,,24522075800.6,184230550.0,,,8350939001.71,
2018-05-13,148587777457.0,72923278118.9,2214314021.16,1496073472.56,,,29225840434.3,495286561.632,,7412290196.11,,,4971405391.01,,25571546400.0,188829200.0,,,8172151736.16,
2018-05-12,144841040789.0,68192028457.7,2209568668.41,1476139055.05,,,27305022521.0,511781760.529,,7024473075.0,,,4518920311.86,,25214058585.0,193499950.0,,,8016973263.93,
2018-05-11,143743802092.0,67535702572.4,2111881880.35,1481841119.55,,,26843090365.4,498921346.211,,6744331077.84,,,4334983394.72,,23487841057.8,200556300.0,,,7745751348.42,
2018-05-10,153988453198.0,72260117775.0,2109964382.21,1575868163.25,,,29706405924.2,557000639.144,,7702647459.06,,,4837338416.55,,26170760101.5,188439650.0,,,8463834937.35,
2018-05-09,158758858205.0,74728439729.9,2108215455.33,1671868121.26,,,31422648758.5,582406975.681,,8389818536.6,,,5326004681.55,,28046926773.2,200037250.0,,,8867315507.76,
2018-05-08,157202142973.0,74770813968.4,2111607952.04,1542864613.89,,,31889927859.2,606410324.171,,8513205465.29,,,5461761382.47,,27592020263.5,203904050.0,,,9009611517.27,
2018-05-07,159538115686.0,74841655792.1,2151180633.45,1562650777.73,,,32621425141.7,550808733.636,,8690131794.64,,,5462760753.77,,28329658360.0,198684150.0,,,9304214739.31,
2018-05-06,164316605278.0,78656662788.1,2190993213.52,1590032091.48,,,34140875578.6,568134217.701,,9075019156.78,,,5573993409.05,,30217488953.0,197645350.0,,,9692232318.42,
2018-05-05,167759953654.0,81003446782.8,2258716118.26,1638625085.2,,,35460360179.3,592172153.953,,9498071166.75,,,5726805170.13,,29981891397.5,192640350.0,,,10025761272.6,
2018-05-04,165062796742.0,77960306235.7,2263878397.89,1634154666.62,,,35081859014.5,602168794.775,,9338464120.52,,,5707626445.97,,25961592166.5,190641850.0,,,9516919409.12,
2018-05-03,165778380092.0,77340839220.0,2312443969.09,1671001407.46,,,34651838438.6,644659838.352,,9585471321.53,,,5742466370.33,,25867122953.2,180499900.0,,,9101264231.22,
2018-05-02,157119854754.0,68159979253.2,2311264544.42,1643243757.45,,,33636838507.9,602519225.175,,9655759609.76,,,6009173585.22,,24953703084.0,169566600.0,,,8542044174.66,
2018-05-01,155114132125.0,66803233984.4,2425576634.96,1615315045.5,,,32944324344.5,587750702.008,,9299858712.49,,,6138270002.43,,23113272798.0,158201750.0,,,8365945725.5,
2018-04-30,157163847314.0,66423712255.5,2414527884.3,1632170348.18,,,32802091382.9,595237179.108,,8901230002.97,,,6165640941.31,,23089803896.2,171551800.0,,,8363095108.81,
2018-04-29,160182287342.0,68289153705.5,2412345206.15,1717028472.15,,,34165945109.3,623566087.355,,9464858589.39,,,5861128562.22,,24630696326.2,152028450.0,,,8650921305.04,
2018-04-28,158963068374.0,67759208003.9,2415533414.88,1733439013.79,,,33814647080.0,611859889.769,,9278624441.72,,,5369128867.97,,23874967437.5,187888400.0,,,8573467172.68,
2018-04-27,152802874822.0,64114105428.4,2427171947.9,1634109050.11,,,31860507752.6,619127864.669,,7479674652.44,,,4867786367.06,,22873890375.0,172334750.0,,,8211418533.5,
2018-04-26,157793327246.0,65663946135.1,2416207797.17,1671115448.75,,,33368771823.3,642470067.61,,7630207223.98,,,4902567118.12,,24282832216.5,174758850.0,,,8646685577.89,
2018-04-25,150369282696.0,60955966710.5,2397342013.12,1515711382.72,,,31340724463.9,581482890.608,,7043192419.93,,,4603327737.59,,21962007541.5,171972150.0,,,8142994938.47,
2018-04-24,164833256250.0,70127342534.4,2298027603.79,1740954334.81,,,36593127158.6,662124917.506,,8111932194.58,,,4823281470.28,,24380281488.8,168495600.0,,,9323040641.11,
2018-04-23,151784994312.0,63617020167.4,2282216599.35,1553846790.13,,,34317793232.3,625700625.841,,7479259819.31,,,3849256070.32,,24477753078.0,168978250.0,,,8559830143.7,
2018-04-22,149585589886.0,61556034015.4,2278440529.87,1468384247.32,,,34036636008.2,632129664.281,,7403086086.07,,,3446516012.44,,20527017939.5,156201500.0,,,8249632683.46,
2018-04-21,151150137128.0,59913832193.8,2284885692.68,1525689995.6,,,34158229654.9,617731981.171,,7533888156.93,,,3529141664.34,,19729798322.1,145877900.0,,,8368621972.81,
2018-04-20,150287113368.0,60922818296.2,2283339585.49,1434092031.38,,,36167654650.1,672355879.22,,7810452218.36,,,3528911545.95,,19271883294.0,143338300.0,,,8737234628.75,
2018-04-19,140902801023.0,56178772001.3,2280702512.13,1408706440.21,,,30984314667.6,664427354.102,,7061445077.59,,,3247437305.19,,16547121874.2,148381100.0,,,8216206205.03,
2018-04-18,138661092884.0,51904227886.3,2281672259.83,1399936665.0,,,27735401282.3,617372188.328,,6749879470.93,,,3124429163.11,,15183404214.0,137902450.0,,,7860031849.46,
2018-04-17,134206623206.0,49728519115.3,2283838182.19,1342197559.81,,,25701055066.7,541044698.576,,6319049339.8,,,2769047470.05,,12938925098.7,133540050.0,,,7461107434.69,
2018-04-16,136849408643.0,50534185799.2,2281633378.44,1392444152.24,,,25950032533.9,522843971.412,,6654078945.3,,,2712510668.84,,13089241458.3,135383850.0,,,7201443157.82,
2018-04-15,141427138383.0,52555419462.3,2283943390.66,1489242399.28,,,26702637740.7,521261890.589,,5739994146.41,,,2825262105.5,,13332965082.0,125750450.0,,,7407732783.3,
2018-04-14,135589384440.0,49557725332.8,2286605622.57,1539815189.47,,,24732805014.1,473228672.703,,5207529898.77,,,2630621395.79,,12617189719.9,124542600.0,,,7083109034.68,
2018-04-13,134043001354.0,48683660481.3,2284613522.92,1573810082.51,,,24963746872.7,455430860.868,,5199207309.13,,,2564551118.4,,12604116397.3,109034800.0,,,7028553368.12,
2018-04-12,133912618634.0,48693844480.7,2279892864.28,1505878427.23,,,24597948739.8,432950912.176,,5502579961.49,,,2601278013.56,,12537506748.7,114482900.0,,,7249888005.05,
2018-04-11,118267198080.0,42521044920.4,2287712598.72,1421984053.7,,,21091728443.2,387108402.762,,4304645594.35,,,2384749757.48,,11377412410.8,106443400.0,,,6628996615.92,
2018-04-10,115978358964.0,40903130395.8,2281093613.21,1399347919.38,,,19231806624.6,346737260.529,,4053619697.4,,,2427919967.59,,11086647103.4,96271700.0,,,6401817412.24,
2018-04-09,114886335694.0,39343018191.4,2281548754.23,1379827596.05,,,19228835441.0,314807365.832,,3969590061.79,,,2350902629.6,,10870684887.7,100423750.0,,,6440841467.17,
2018-04-08,119162880482.0,39530560783.8,2279842547.18,1408811613.96,,,19562819930.7,323884728.82,,4060153319.18,,,2474232937.43,,11180534839.6,101556350.0,,,6589392072.11,
2018-04-07,117241368688.0,38023057370.7,2286326591.39,1448119662.31,,,19072926492.8,319168903.781,,3857792533.63,,,2436861710.77,,10925007140.6,103415550.0,,,6508657629.6,
2018-04-06,112565173568.0,36532478895.9,2289633797.01,1425181247.82,,,18625841554.9,304130895.945,,3745191266.28,,,2427308510.15,,10413379219.2,95789400.0,,,6333258411.31,
2018-04-05,115524404354.0,37802008407.7,2292927279.78,1447875512.94,,,19383102419.4,309054897.075,,3856859159.09,,,2630818640.12,,11019780659.8,91553000.0,,,6665917788.2,
2018-04-04,116229557118.0,37528933631.2,2289039140.4,1417275458.74,,,19611023474.6,315475248.14,,4027925970.5,,,1981407252.9,,11072508447.1,98059850.0,,,6623848142.83,
2018-04-03,126429245883.0,41105280497.5,2287987055.62,1553336414.03,,,21816462666.5,339266306.834,,4471045533.07,,,2288089696.7,,12157350124.2,100622900.0,,,7520099456.49,
2018-04-02,120101932910.0,38093277842.3,2287438141.83,1467302826.98,,,19574157341.7,318465573.668,,4054604926.09,,,2350826621.96,,11301621765.3,98056350.0,,,6670329213.46,
2018-04-01,116026809075.0,37413407420.1,2286706256.77,1286574163.4,,,18964009158.3,309485888.548,,3908972570.87,,,2113909585.2,,10963859523.0,122978450.0,,,6440292738.81,
2018-03-31,118204645927.0,39066085341.7,2288901911.95,1094688882.6,,,20030194924.8,320911091.63,,4042522911.21,,,2233597594.78,,11682407782.7,119918750.0,,,6515946055.87,
2018-03-30,116786562165.0,38879465943.6,2284723305.68,1024834505.6,,,19921199401.3,314463228.196,,3816698126.83,,,2713914440.09,,11881684759.2,130023600.0,,,6625396574.59,
2018-03-29,121436043045.0,38016727208.9,2283991420.62,1009556645.4,,,19997127299.9,321655143.719,,3808219974.76,,,2827323497.29,,12174626633.2,142136750.0,,,6404746988.1,
2018-03-28,134788265876.0,43948072320.8,2285320249.43,1152562565.6,,,22596541567.3,357344343.97,,4149835056.17,,,3209649236.53,,14665917655.5,146679750.0,,,7356010690.22,
2018-03-27,132717053150.0,44316774117.9,2290823110.23,1139482816.2,,,22593218558.0,357785687.47,,4016777330.17,,,2832109965.7,,14933976474.3,143199000.0,,,7579179650.8,
2018-03-26,139078211968.0,48228842327.3,2294939963.69,1194247459.6,,,23435542779.3,374176871.716,,4350717998.7,,,2917786435.32,,15663618220.8,146752200.0,,,8327233976.13,
2018-03-25,143914265310.0,51598047955.4,2286422651.3,1265705863.4,,,25093607147.5,398679314.316,,4786266856.67,,,2979109774.44,,16473439912.8,155897350.0,,,8931055241.6,
2018-03-24,146818882936.0,51799123912.0,2307953794.92,1296004147.4,,,25069759668.9,408301807.687,,4905427672.86,,,3272918722.15,,16734538465.6,137099550.0,,,8903292216.05,
2018-03-23,150383574951.0,53084905905.7,2264806883.48,1162186726.4,,,25144390548.8,404772684.683,,4906931442.95,,,2704703118.32,,17365238220.4,133575400.0,,,9358153821.48,
2018-03-22,147809220250.0,53082150649.3,2284812504.17,996704628.2,,,25909425482.8,401139207.441,,5275666240.14,,,2493460750.72,,17228587960.0,130668300.0,,,9124249895.84,
2018-03-21,151193917440.0,55237391316.0,2215464655.06,988357748.0,,,27118166203.1,415921724.809,,5527366240.93,,,2439685304.09,,17600286488.1,130851350.0,,,9421555108.01,
2018-03-20,150909503835.0,54777982164.4,2210116911.42,907060323.02,,,27749301270.2,414990078.178,,5313675325.55,,,2505827985.72,,18035635329.0,148547000.0,,,9405993910.15,
2018-03-19,146107514353.0,54722473140.3,2194674525.66,890407158.36,,,29284604562.7,390980328.04,,5124433637.69,,,2127867926.46,,16936492859.7,146907950.0,,,8976121254.42,
2018-03-18,139201713268.0,52934184182.0,2223969607.23,886358475.9,,,25752723731.3,362543841.367,,4048641699.86,,,1881779016.84,,15971701035.9,155263150.0,,,8580189409.86,
2018-03-17,133993486925.0,54312035488.8,2220732581.64,889912088.36,,,24934885930.0,374824967.305,,4012551217.67,,,1864493817.04,,16168562806.5,197344350.0,,,8516500295.67,
2018-03-16,141111773179.0,59103031871.3,2213928176.48,902148238.48,,,26944356525.8,398839482.543,,4637782523.7,,,1980250084.71,,16630711168.9,178569300.0,,,9208968693.18,
2018-03-15,140460819364.0,60037233577.4,2219978753.76,900936307.12,,,27257442083.4,401676595.446,,4814890342.54,,,1980263234.35,,16060495992.8,179733400.0,,,9152161116.58,
2018-03-14,139920843550.0,60318025225.7,2223237950.76,887087218.94,,,27438554006.0,400229180.029,,5174058050.7,,,2041908739.62,,16158029406.0,163698500.0,,,8962106000.68,
2018-03-13,155555594312.0,67819092120.8,2216792722.41,1001546412.8,,,30871158541.6,449768151.377,,5782410833.81,,,2348946223.66,,18105827088.2,168306950.0,,,9776393861.78,
2018-03-12,155710928717.0,68688764839.3,2222351094.43,796000279.78,,,31314533735.4,457816698.176,,5800456074.9,,,2375607115.71,,17886964137.0,170247700.0,,,9909960606.19,
2018-03-11,162009710243.0,70981343638.5,2225654634.24,819081433.32,,,32490185241.4,477971378.738,,5794648411.1,,,2545487295.42,,19482419344.4,182401800.0,,,10502793498.4,
2018-03-10,149939797150.0,67390487259.0,2228647774.34,759601743.24,,,31141708194.8,451032436.277,,5441392075.02,,,2296433142.33,,17111762062.9,186854500.0,,,9876881425.23,
2018-03-09,157898203939.0,71498733754.0,2220821267.27,823110312.98,,,33218820222.4,470609045.886,,5761176563.04,,,2431407606.66,,18148929842.2,205358300.0,,,10398444426.5,
2018-03-08,158852238332.0,69098851660.6,2230244115.73,822849906.16,,,32284366089.3,456837511.846,,5749146402.31,,,2394884485.74,,17691098519.9,207486300.0,,,9804070596.6,
2018-03-07,168479670395.0,73813918307.4,2222639322.74,894579608.32,,,34057303601.8,456705754.474,,6411271929.71,,,2537959127.39,,18572604012.0,220047100.0,,,10319459550.6,
2018-03-06,182225316082.0,80083929890.6,2218249383.93,929185001.32,,,36077458648.5,523141571.29,,7398471067.51,,,2890172194.48,,20506961442.0,228459700.0,,,10914025494.3,
2018-03-05,195614809925.0,83667342991.5,2214622141.56,1001081047.0,,,37503572321.1,591986387.762,,7716466587.66,,,3075457175.69,,21558729052.5,232072750.0,,,11719782020.5,
2018-03-04,194567395376.0,84923240777.7,2211846281.26,1024606773.4,,,39308526146.2,624158961.847,,7798525765.91,,,3142829348.52,,21914279432.5,231506450.0,,,11862048435.8,
2018-03-03,194159120569.0,83979651072.5,2219069726.03,1011715150.6,,,35487834665.5,601285948.957,,7703088219.26,,,3216263504.7,,21594173316.0,253384950.0,,,11683955340.9,
2018-03-02,187318996197.0,83925690000.9,2216542185.5,1012398347.2,,,35579309844.2,621726560.824,,7609698911.19,,,3481136672.9,,21673564990.5,242006100.0,,,11786864287.1,
2018-03-01,185009753075.0,85410827047.4,2218072012.66,1040607435.8,,,36293542330.5,704812282.141,,7892122490.56,,,3211588808.21,,21955792824.0,236500250.0,,,11628116966.4,
2018-02-28,175644310997.0,83728564148.6,2214708610.05,1033527934.8,,,35364493451.2,682419941.821,,8104309635.84,,,2850217017.91,,20462034996.0,227835300.0,,,11245167903.9,
2018-02-27,181158869820.0,85968788107.6,2218293726.74,1055479338.6,,,37034701590.5,713270307.094,,8699465540.04,,,2809499162.31,,21181906560.5,236176850.0,,,12001557416.9,
2018-02-26,175076064010.0,85074973200.0,2216167488.7,980468312.48,,,37408213330.6,718603157.21,,8772035410.47,,,2746209952.23,,21246107744.0,210673050.0,,,12240119978.9,
2018-02-25,163204062358.0,82659602549.0,2217894641.4,925444252.4,,,36885437635.7,696235029.881,,8919767858.4,,,2622254884.96,,20012870666.2,228784150.0,,,12209956904.4,
2018-02-24,165687799108.0,82222377927.7,2223437493.43,905177076.74,,,37312157401.6,716769750.728,,8373562263.38,,,2691020919.47,,20268481491.4,244974100.0,,,11594912514.9,
2018-02-23,173909350860.0,84520567484.8,2220621724.6,959654579.54,,,39050038643.5,753353115.357,,8951528519.81,,,2818947177.57,,21581532149.6,271026700.0,,,11585694405.4,
2018-02-22,168892273935.0,79482140043.6,2226208919.45,881623626.42,,,36738411365.6,709168605.291,,8760005249.74,,,2674268280.03,,20709470641.8,266616350.0,,,10807770153.8,
2018-02-21,180442459820.0,83095081059.4,2219291440.11,928829541.06,,,39609567669.7,745581439.886,,9448887513.94,,,2931054420.56,,22218026982.2,235370450.0,,,11803114421.5,
2018-02-20,192457815912.0,87514997546.3,2218493269.42,980685153.14,,,42498980286.9,803659982.014,,9820629851.31,,,3081026047.59,,24087960507.4,223869800.0,,,12878414402.2,
2018-02-19,189426791571.0,92235641556.0,2218493269.42,1096649359.8,,,44642926789.3,758506771.37,,10149722157.7,,,3388793336.57,,26055483336.0,197837850.0,,,12333459061.1,
2018-02-18,178040648022.0,90267805475.7,2228647774.34,1059687433.6,,,43708265977.8,727588695.507,,9997945086.72,,,3261491686.3,,25249614906.8,198888550.0,,,11925650529.3,
2018-02-17,187482083882.0,95151956513.1,2225344234.53,1157404350.2,,,47005324900.5,798267106.342,,10886336158.7,,,3610476517.14,,26332072140.4,199765650.0,,,12681138421.0,
2018-02-16,172637061144.0,92211437654.4,2221796809.23,1109115222.4,,,44393657900.1,796386651.408,,10469610353.9,,,3448400647.87,,26343142897.5,171598700.0,,,12714036455.7,
2018-02-15,171477807437.0,91485862822.0,2229135545.32,1082331935.4,,,44738109276.0,831793417.692,,10613713012.0,,,3057027957.34,,23346962573.6,145654950.0,,,12451226607.1,
2018-02-14,160131558835.0,90157005929.3,2218848011.95,1029805008.4,,,44533700985.0,761914123.954,,10290661713.1,,,3020195819.92,,23114690849.2,146955900.0,,,11781584374.0,
2018-02-13,144995984203.0,82496189205.9,2219579668.41,889817034.92,,,40078458444.1,638124004.595,,9678938410.82,,,2850565483.33,,20901788079.8,152317900.0,,,8808187848.57,
2018-02-12,150513128412.0,84767037716.4,2217340356.19,923055044.58,,,42169352413.0,619304749.189,,9964162113.81,,,3032063368.66,,21780634413.0,143878000.0,,,8916808661.52,
2018-02-11,137064586975.0,79476512346.9,2215480175.05,861907958.74,,,39171494175.9,560868396.226,,9587026945.77,,,2787782534.33,,20654142397.5,131869850.0,,,8220569161.74,
2018-02-10,145341842785.0,83922989197.7,2225344234.53,916470613.58,,,41768727766.4,564542285.216,,10523071973.4,,,3201890949.82,,21324826284.2,148836800.0,,,8582616173.85,
2018-02-09,147266052809.0,86191922699.4,2221818980.64,963451766.44,,,37231487853.8,565681598.641,,10153092676.8,,,3153776422.57,,22251745462.5,119527100.0,,,9041364282.96,
2018-02-08,139306699929.0,79733609806.2,2259066946.3,851074837.0,,,31412678173.4,516515303.922,,9245178520.72,,,2414615518.3,,21782508718.0,152029850.0,,,8240405570.42,
2018-02-07,128435001186.0,73796288509.0,2220244810.66,801519320.14,,,28238576299.0,486004813.255,,8826793383.45,,,2152977161.16,,16242319570.5,181495300.0,,,7617284051.66,
2018-02-06,130658094648.0,77294507867.5,2239511764.33,820712193.9,,,30286482112.1,493153304.123,,9586612112.64,,,2398336265.84,,16521414682.5,173100900.0,,,7879137719.9,
2018-02-05,117184385122.0,68005284182.7,2208955129.64,663891840.42,,,26986536507.5,399524305.742,,8487771009.1,,,1983018083.61,,15042848357.5,182121450.0,,,6903938801.58,
2018-02-04,139433682759.0,81310521832.3,2239600449.96,837523780.96,,,31819934386.7,497364798.999,,9834215636.28,,,2494026185.17,,19752812251.5,217051100.0,,,8151908185.62,
2018-02-03,154540000411.0,93890299032.2,2220045267.99,965354815.52,,,36046192830.6,583800029.803,,11377731926.6,,,2923960190.59,,21566075500.0,208872300.0,,,8822761362.79,
2018-02-02,148725283812.0,89173962073.8,2196625609.57,955711842.06,,,34514730026.0,505797136.183,,10125402565.5,,,2682467079.63,,20185147775.5,244199200.0,,,7231180058.55,
2018-02-01,154428564694.0,100935354837.0,2188182737.35,942201381.76,,,37547540520.6,568402415.934,,10932719687.9,,,3039367992.84,,21593159857.5,266210350.0,,,7830131932.64,
2018-01-31,172099559942.0,108848638400.0,2195576901.97,1103511030.0,,,45029992212.1,679199152.555,,13464316636.4,,,3580252073.06,,25191540894.4,273236250.0,,,8986099109.05,
2018-01-30,170151556678.0,104234481555.0,2216772952.57,1113976809.8,,,44106838438.9,680637218.096,,13790945871.1,,,3534708300.13,,24912532404.4,248448550.0,,,9089747498.02,
2018-01-29,190164444830.0,115034583684.0,2267427080.38,1263864203.0,,,51289462907.5,787122892.801,,16157854067.6,,,4207943491.8,,28070315174.2,266152950.0,,,9988197029.93,
2018-01-28,198389948175.0,121201618306.0,2252553425.39,1340669362.8,,,54219304278.3,843237987.663,,17378552402.6,,,4306171291.36,,29576563671.9,277502050.0,,,10656038483.5,
2018-01-27,192550550498.0,107663911307.0,1607290066.76,1312232542.0,,,47227276392.3,832760567.351,,15992672701.2,,,4498616250.74,,27581500502.0,280670950.0,,,9940021813.89,
2018-01-26,187995804677.0,102595008990.0,1624789719.01,1308786854.8,,,47155996369.5,817296655.313,,16162469086.1,,,4380802064.64,,27159760942.5,281000300.0,,,9709025118.14,
2018-01-25,189455303273.0,102657059605.0,1617435496.22,1309796797.6,,,50834665370.9,865745131.056,,16528377832.6,,,4521220479.31,,27804026889.5,310739800.0,,,9900458587.38,
2018-01-24,191115225673.0,102902843882.0,1614019706.49,1349432101.8,,,52574827665.9,799755503.414,,16132030705.3,,,4630040312.68,,27750266008.8,426755000.0,,,9882205701.16,
2018-01-23,182830257191.0,95831359552.3,1626262181.66,1296439809.0,,,51796945678.3,753393585.259,,14598755607.8,,,4508465329.97,,27448541049.8,284516750.0,,,9759876576.61,
2018-01-22,183866421285.0,97465684890.1,1626246000.75,1288627604.4,,,52582575494.5,760095988.779,,14790304805.0,,,4695190196.6,,27453023400.0,260480500.0,,,9878115975.43,
2018-01-21,195089460991.0,101943726022.0,1617865908.38,1392958656.2,,,53461566644.9,804877209.963,,15897520352.3,,,4680357404.38,,30068588224.0,244521900.0,,,10446773723.0,
2018-01-20,216907619830.0,112174461242.0,1619886903.81,1603066364.2,,,61154385624.3,953343861.217,,18343661676.3,,,5601831471.56,,34388779313.5,264758550.0,,,11573785098.2,
2018-01-19,195158837709.0,100883462786.0,1625436955.34,1479328568.4,,,60125086599.8,888117577.09,,16865507530.8,,,5292676895.72,,29943762140.2,307190800.0,,,10580777288.9,
2018-01-18,192907550324.0,100588318055.0,1655484901.92,1413959525.6,,,61850140629.2,899102559.907,,17107796005.0,,,5468875476.74,,29722694803.1,353794000.0,,,10570969163.8,
2018-01-17,188070430523.0,98429091487.1,1641601682.66,1406315644.8,,,50606491819.7,862812720.103,,16310771929.6,,,4972068984.76,,29572177011.9,385430500.0,,,10221726463.8,
2018-01-16,193121120762.0,102231295311.0,1673348624.61,1375492586.6,,,45682746768.4,769558551.718,,16243128202.6,,,3582480936.79,,29975361481.5,368046000.0,,,10318360404.2,
2018-01-15,232242775485.0,125319766537.0,1477808591.24,1937179205.8,,,64955082925.5,1111760878.55,,20186480069.0,,,4976737106.42,,40618867059.5,353615500.0,,,12749749657.9,
2018-01-14,231413491364.0,132554906162.0,1491755444.68,2057243582.2,,,72100905208.4,1317716491.69,,20800303464.0,,,5574289553.73,,43182003172.0,416048500.0,,,13069624171.6,
2018-01-13,241268592240.0,135400735922.0,1471055377.99,2195576041.6,,,78305366321.0,1468529067.44,,22922745312.3,,,6774365011.71,,45408790958.0,429898000.0,,,14189082270.1,
2018-01-12,234865160377.0,123426938667.0,1477015822.73,2209626128.2,,,79152978765.7,1472034319.45,,23269753224.4,,,7157216736.5,,44316550741.8,482055000.0,,,12962893955.1,
2018-01-11,225178724050.0,111937424561.0,1470600270.14,2083521897.8,,,75572319795.7,1292966655.29,,17848506483.2,,,7171812835.23,,41634454573.9,444661000.0,,,12549854306.5,
2018-01-10,251472635522.0,121689425203.0,1469968991.51,1721932671.2,,,76506707920.3,1476852402.04,,20563304112.2,,,8517875579.78,,48945566478.2,372249500.0,,,13703530794.0,
2018-01-09,245095808695.0,125917925182.0,1476883694.64,1724011965.2,,,81421159856.5,1512508348.27,,21123899231.3,,,8204190953.48,,40423910895.5,317620100.0,,,13509671201.7,
2018-01-08,254715263101.0,111244629093.0,1481772433.8,1808084752.6,,,95151474964.6,1695430615.87,,23308488267.8,,,9993265018.93,,40924901249.5,344528800.0,,,13983422101.3,
2018-01-07,276634797271.0,111670667774.0,1470394737.56,1847284395.2,,,130853470856.0,1925382961.14,,26147969179.0,,,13126955368.7,,47096251512.0,238408450.0,,,15766532096.1,
2018-01-06,294217423675.0,100852102738.0,1481287964.15,2253538837.2,,,119857751982.0,1674491224.73,,26630990503.1,,,11492586800.1,,47087244209.4,235799200.0,,,16200057346.4,
2018-01-05,292544135538.0,96574936368.0,1466084425.8,1477011640.8,,,118104418286.0,1370604721.48,,25915636699.9,,,14501092591.4,,43666146452.0,256747050.0,,,13618156609.0,
2018-01-04,261795321110.0,94924308782.9,1471804103.81,912314005.86,,,123834712592.0,1086239170.67,,28885867827.8,,,13673914581.9,,41055035638.5,210543200.0,,,13183094319.7,
2018-01-03,255080562912.0,93146829617.0,1386476963.92,944185622.32,,,120299378234.0,1049588234.52,,27992420977.1,,,6226537922.37,,44066024088.6,205144800.0,,,13397610073.3,
2018-01-02,251377913955.0,85552984076.5,1374793476.72,875062958.78,,,96107944450.9,1029797362.1,,20290188351.1,,,5173179555.9,,45789806625.0,170221800.0,,,13957197179.3,
2018-01-01,229119155396.0,74724233457.5,1378049530.53,833164194.54,,,92626457503.5,1003050473.22,,18891941437.0,,,3398826510.74,,41081678129.2,177343950.0,,,12499214454.4,
2017-12-31,237465823980.0,73170170967.3,1384862617.92,855043318.12,,,89122114460.7,1010010338.71,,18659583030.8,,,2942336810.39,,42774211629.6,176925350.0,,,12663194466.7,
2017-12-30,217239803085.0,69338470695.5,1397298554.53,776369764.14,,,83638588507.6,884810743.017,,16573698351.9,,,2394062633.33,,40395783039.8,182497350.0,,,11943513790.6,
2017-12-29,245793634125.0,72835328712.1,1375805863.2,872075706.4,,,85791710178.2,1056955585.69,,13723172508.7,,,2389841599.38,,46933895850.0,175676550.0,,,13387459288.5,
2017-12-28,244929825575.0,71219054808.3,1276446548.54,922950089.74,,,55431067578.7,954963150.217,,10570492585.4,,,2759681756.87,,43328187749.0,190456700.0,,,13625185917.7,
2017-12-27,265559172050.0,73698377069.6,1222548045.32,1000734498.0,,,54220856693.7,998314075.16,,10738370367.1,,,2421571677.06,,48773544483.0,202188000.0,,,14833811827.9,
2017-12-26,269908107763.0,74744613930.9,1223047462.15,894038991.88,,,46079825404.1,1058877172.79,,11108842278.1,,,2487352743.64,,52470912753.0,149407300.0,,,15610545231.1,
2017-12-25,235126843805.0,73955757348.5,1231647176.4,649532830.14,,,43477717044.7,1004674178.31,,10795072870.4,,,2312850465.99,,49863052971.0,148500450.0,,,14891746902.0,
2017-12-24,233414163395.0,67019237420.1,1246142445.46,523356319.52,,,40441730263.0,965364619.581,,10112309394.9,,,2380650002.07,,48988190394.0,130478600.0,,,15028955416.6,
2017-12-23,246349213910.0,69441297649.2,1273220582.52,479154489.64,,,45492927359.6,816428067.41,,10734507233.6,,,3405171211.32,,54954593738.0,153774600.0,,,15693563722.8,
2017-12-22,231788283457.0,65129109276.5,1239954549.09,429339556.1,,,44095993796.4,680766389.618,,10556206769.5,,,2569044872.79,,45494171558.8,152217450.0,,,14419250801.7,
2017-12-21,264788651530.0,79221896340.7,1229308443.91,512893510.14,,,46218124151.2,834820435.071,,12389276583.7,,,3022385234.73,,55113237296.0,146158600.0,,,17273490962.7,
2017-12-20,278528964015.0,79014430827.6,1169260419.0,512517256.94,,,30060181792.1,748907794.666,,12604471269.1,,,3213968892.78,,66171059188.9,119487550.0,,,17114472564.2,
2017-12-19,297801055828.0,79743740361.5,1181535443.89,573521762.62,,,30652619534.2,636924901.881,,13774352545.9,,,3080158171.45,,47321685586.2,112277550.0,,,19047802998.3,
2017-12-18,320174318520.0,76623897491.8,1133586953.59,556047771.9,,,30154821522.9,723023421.381,,13435356098.7,,,2931626429.83,,37042462022.0,107976050.0,,,19482623740.8,
2017-12-17,320576568850.0,69409025337.5,1129357068.01,569995874.08,,,28216275975.6,672488066.769,,13300872383.8,,,2379440235.33,,31410042966.0,91657300.0,,,17323822452.0,
2017-12-16,326502485530.0,67103695920.2,1127320456.44,461865655.1,,,29389142325.0,666727523.433,,10491777999.3,,,2384726390.0,,30378232772.5,80998400.0,,,16245954060.1,
2017-12-15,296482120238.0,65956174320.9,1035423527.02,395674796.1,,,29293805289.5,422678523.553,,5534573966.54,,,1211975880.82,,30603860846.6,91207200.0,,,16284702204.8,
2017-12-14,277310347000.0,67036917106.7,1027363099.8,312759482.36,,,33480809542.9,416683564.584,,6242020013.24,,,1163085524.89,,33141132956.2,88514300.0,,,15169467973.4,
2017-12-13,274663619978.0,67692231422.2,913163058.884,275070793.4,,,18248577789.1,388750770.191,,3481512958.91,,,1082215248.15,,27095413482.5,83600650.0,,,16428650864.7,
2017-12-12,291483935710.0,62733982231.6,904360018.76,265827836.5,,,14470658905.3,371078319.825,,3471401401.4,,,500556768.882,,27216606687.2,85829100.0,,,17159753614.0,
2017-12-11,283439888520.0,49597927197.8,854589509.694,267996243.1,,,9750294105.69,314179915.571,,3147105603.11,,,347251051.005,,23984344429.5,91022400.0,,,11622977830.9,
2017-12-10,258615393665.0,42520479602.2,828466155.642,245888397.18,,,9194077463.97,285960070.257,,2859263266.0,,,289800280.42,,22291645664.8,102049500.0,,,8063839922.05,
2017-12-09,253946084745.0,45570080683.4,827961464.886,258469116.02,,,9479778657.22,293806516.981,,3101110979.98,,,294110074.437,,23755016433.8,109856950.0,,,8417983191.51,
2017-12-08,277185764485.0,43879256076.4,828344053.04,280275959.38,,,9767106894.55,311978308.204,,2993669199.67,,,288925829.46,,24663214945.1,80353350.0,,,6767649864.74,
2017-12-07,299405364249.0,41789848007.1,839789136.949,275253969.3,,,8631972508.34,305323589.866,,2735331868.83,,,281044593.628,,22416587804.0,80720150.0,,,5325979410.01,
2017-12-06,239024437136.0,41220997941.6,822084259.636,256217537.66,,,9008555736.97,298826686.202,,3055220065.13,,,200849550.82,,24085547561.2,72764300.0,,,5435639653.38,
2017-12-05,199278350420.0,44548159326.4,815620961.895,256971034.2,,,9533742325.86,278242796.499,,3305390368.75,,,137083666.348,,25290985041.9,62238050.0,,,5544450235.06,
2017-12-04,194912755450.0,45204145124.6,817004791.386,246711203.52,,,9814930419.61,276409782.43,,3522711074.0,,,140959522.294,,26552277517.5,59661350.0,,,5642170446.65,
2017-12-03,189302389920.0,44776362723.9,814554599.169,220528931.5,,,9754514905.26,249405607.482,,3417369386.4,,,139121860.314,,26263371462.5,50839250.0,,,5479554407.91,
2017-12-02,185122039035.0,44535863932.9,813735697.718,206361018.24,,,9867834407.05,241024465.926,,3431473712.77,,,136282195.881,,24157152872.8,61748400.0,,,5425172170.93,
2017-12-01,183444663767.0,44823457368.9,771489437.381,204981753.22,,,9875829341.22,240929704.886,,3405572569.31,,,139260589.0,,24620981620.5,64458800.0,,,5354697599.74,
2017-11-30,171020085600.0,42947937239.0,770205888.237,197727987.58,,,9689628482.97,233164227.235,,3108214997.31,,,147526451.758,,23391282946.5,64010800.0,,,4776295619.93,
2017-11-29,165233728795.0,41057383008.6,732076009.362,173425991.42,,,9387829373.58,233280394.694,,2326119729.11,,,135985014.051,,22882899517.5,63335650.0,,,4625810651.32,
2017-11-28,168056012886.0,45405717908.6,675062334.847,189820729.54,,,11554108929.2,264879641.395,,3104611134.5,,,151748143.197,,26018324622.8,67522350.0,,,5189729756.95,
2017-11-27,164019464090.0,46111561438.2,675838547.862,192382221.72,,,9807389614.85,222859152.28,,1311728279.73,,,135546473.607,,27300835484.8,57534400.0,,,4948735851.38,
2017-11-26,155850742551.0,45235644661.6,680826560.195,183485813.82,,,9610065369.92,227138162.779,,941982326.787,,,140471933.238,,29201004189.0,58980250.0,,,4640580646.73,
2017-11-25,146820557006.0,44741093552.3,678618400.053,185539364.18,,,9748142131.64,232185058.738,,789409294.792,,,134371881.378,,26432512807.1,54240200.0,,,4795225155.14,
2017-11-24,137831976173.0,45560021462.3,676539502.218,170077337.94,,,9448776263.09,213828664.98,,735856930.595,,,132859497.291,,27728844880.5,56764050.0,,,4208440986.98,
2017-11-23,134227860479.0,39340408035.9,671342932.598,153342981.8,,,9362261033.37,211863702.451,,711539931.138,,,138114457.876,,28319832009.0,56823900.0,,,3951301844.24,
2017-11-22,137797862084.0,36501878924.8,675068074.53,159585814.5,,,9225420203.5,204237209.952,,740197122.203,,,151069126.596,,21917585064.9,59805200.0,,,3878507509.63,
2017-11-21,134739693480.0,34552559750.0,672298685.628,155853976.84,,,9009595603.64,155605422.242,,734526871.877,,,140637285.126,,19790794686.4,55877150.0,,,3776954172.25,
2017-11-20,136881802624.0,35151847932.9,676262765.818,160843292.3,,,9221563180.62,156086761.131,,766956451.706,,,140003461.687,,20781175181.1,59416350.0,,,3895876984.05,
2017-11-19,134124196206.0,33961430090.0,676613748.569,159785822.78,,,8922506124.31,154127619.845,,728148812.524,,,131331366.039,,19703757418.1,65148300.0,,,3858885780.51,
2017-11-18,129997247838.0,33305160559.1,645504498.359,165782110.62,,,8830236034.22,153733391.749,,683673515.724,,,133063554.32,,21088257259.4,65839900.0,,,3752808798.37,
2017-11-17,128621507062.0,31840349187.1,644913316.919,149546785.04,,,8751213596.25,147031148.023,,668205425.441,,,130179198.379,,19925103285.0,64074850.0,,,3639939202.45,
2017-11-16,131328418537.0,31692795452.9,615319850.155,156236170.88,,,8771529237.69,155643098.269,,715068605.438,,,144951352.531,,15138148703.8,59814300.0,,,3827031146.1,
2017-11-15,122035826506.0,31919060540.0,595907109.374,151535976.3,,,8224976686.5,149852218.276,,685631009.549,,,152374829.126,,20373957660.0,62919500.0,,,3436473712.38,
2017-11-14,110683148744.0,32321383639.1,598075275.555,157687716.12,,,8104043783.99,132549461.987,,680069652.919,,,163054688.464,,21398535582.4,65660700.0,,,3374058999.97,
2017-11-13,109400650105.0,30312834755.5,599572201.247,166998992.68,,,7857514002.15,135534681.644,,669115465.616,,,138562595.981,,22748149041.8,78389150.0,,,3304148264.68,
2017-11-12,99226193603.2,29463540579.2,601469616.266,150470585.66,,,7603775359.33,116147794.615,,621653370.29,,,116811866.453,,23332952164.5,74868150.0,,,3174662070.64,
2017-11-11,106016076151.0,30105285828.4,599402281.664,165399916.58,,,8108191735.36,134375657.734,,711363627.058,,,131269351.557,,22505049628.8,62138650.0,,,3350986564.96,
2017-11-10,110354089394.0,28623188737.6,567451677.896,177912315.76,,,7956107751.23,130061008.459,,703121411.334,,,131882040.156,,16904381672.5,58609600.0,,,3186381939.3,
2017-11-09,119104730750.0,30685584327.4,538430291.714,197114100.78,,,8380147337.07,158275566.926,,831037799.247,,,153598083.139,,10975433919.0,60220650.0,,,3454692871.37,
2017-11-08,124360767999.0,29549552409.4,499970644.816,201099414.28,,,8378182228.58,136644127.741,,652999198.57,,,153207535.112,,10440110926.1,62161050.0,,,3362586559.96,
2017-11-07,119091456315.0,28165778801.2,516971256.312,178862850.16,,,8105263338.4,131659738.298,,575443552.47,,,143082118.812,,10335114438.6,60129300.0,,,3293059021.4,
2017-11-06,117050623317.0,28564296471.6,495731595.711,155431187.06,,,7937111702.54,128985531.406,,567310230.442,,,139271654.42,,10104568883.6,58599450.0,,,2963390868.47,
2017-11-05,123449206170.0,28307052340.9,493468793.275,150665643.24,,,7785490096.88,132186840.261,,535005100.552,,,145381503.086,,10573198700.9,55163850.0,,,2939687733.86,
2017-11-04,122978748805.0,28702737364.9,495094256.16,162105720.8,,,7850801055.36,132880238.843,,570968540.095,,,139440717.157,,10399844801.1,67869200.0,,,2954562413.33,
2017-11-03,120097405359.0,29197317355.4,490139897.013,144483209.08,,,8019684790.45,125277848.756,,586680344.841,,,145953564.206,,10479281207.1,73447150.0,,,3015087607.96,
2017-11-02,117933380780.0,27445442367.9,452513728.943,128681564.82,,,7932141134.02,128673014.383,,552399572.176,,,151486764.778,,9838155901.95,69606600.0,,,2936796128.63,
2017-11-01,112735345036.0,27846764493.8,452762362.86,124910121.56,,,7479896461.69,127124958.424,,595964828.801,,,164505906.057,,8909561583.45,72285850.0,,,2852614515.48,
2017-10-31,107743731291.0,29194751984.9,452382631.059,129994490.46,,,7727808383.12,125608534.109,,789155209.5,,,184364224.784,,7354889628.26,78625400.0,,,2989858626.79,
2017-10-30,102105356519.0,29367079932.6,452323863.042,129933101.78,,,7810766786.42,128553236.267,,741070864.481,,,182150779.26,,7508138420.25,79464350.0,,,3023193804.08,
2017-10-29,102482445590.0,29106827254.2,452563455.726,122899147.22,,,7813618120.3,131042650.188,,741693114.174,,,193429291.077,,7569653562.35,89052250.0,,,3060676463.04,
2017-10-28,95797359517.6,28262202960.2,438792431.478,114120565.98,,,7777013158.32,115838085.287,,670632199.243,,,196233543.406,,7090441358.81,89058550.0,,,2930569299.92,
2017-10-27,96254297360.0,28363439564.0,437092261.592,116260258.52,,,7813618120.3,117507605.69,,684002789.519,,,199632538.005,,6150539620.75,87036250.0,,,2963913613.34,
2017-10-26,98310176011.0,28271925665.9,437003975.135,119668320.4,,,7846100207.61,117395796.037,,703448092.423,,,185865137.746,,5654242244.44,92643250.0,,,2984809327.49,
2017-10-25,95732630219.6,28399185652.0,438049426.643,124042758.92,,,7883706989.6,117863495.64,,713707434.235,,,198414919.343,,5551042407.04,88438350.0,,,3024524456.71,
2017-10-24,91988225799.7,28431576038.0,438263085.485,123612048.02,,,7962311329.0,121932279.047,,705027051.019,,,172231865.282,,5462740512.5,78355900.0,,,2995287986.39,
2017-10-23,98695054084.0,27341319875.9,435547187.392,117205842.22,,,7587938896.83,113352713.289,,659937282.646,,,158844708.086,,5273363643.62,105000000.0,,,2938685569.52,
2017-10-22,99981911326.0,28144794781.6,437904695.328,120180222.78,,,7867254022.48,114153274.072,,718926553.534,,,168994130.448,,5541354551.25,128180150.0,,,3038822573.09,
2017-10-21,100353682389.0,28590314193.9,437467634.161,124168506.7,,,8130771217.16,112344622.006,,737267363.233,,,150374752.442,,5402588666.48,140296800.0,,,3112605047.2,
2017-10-20,100007083345.0,28947916800.4,437507375.084,122967466.88,,,8112776988.49,117173990.231,,794140985.165,,,127068307.988,,5470545512.25,148332450.0,,,3225577482.02,
2017-10-19,94954808115.0,29330304837.3,437350137.826,128461000.0,,,8290060599.07,118646430.679,,700857978.076,,,125279422.439,,5526221741.95,144730600.0,,,3193124742.71,
2017-10-18,92982539105.8,29917084625.0,438233002.414,132756000.0,,,8419911885.24,116835649.54,,692011661.609,,,136990753.899,,5665390707.82,137151000.0,,,3245232732.28,
2017-10-17,93218297188.6,30173609811.9,436771031.104,138995000.0,,,8941783048.4,119044077.859,,705670042.368,,,127108261.499,,6208911373.7,152111050.0,,,3177462297.9,
2017-10-16,95203392843.0,31718200756.4,436191924.382,144070000.0,,,9873013281.06,129818631.046,,750542023.348,,,141019739.849,,5238563399.44,155403850.0,,,3451297831.73,
2017-10-15,94403031754.5,32018244067.1,436730384.368,155844000.0,,,10171671239.2,123350731.815,,779072171.768,,,149467465.949,,5260122752.04,157662050.0,,,3495462090.38,
2017-10-14,96942498330.5,32301459659.3,436934492.172,153819000.0,,,9914935595.41,123728892.153,,841719752.309,,,156540589.149,,5377048729.33,142614150.0,,,3413379167.8,
2017-10-13,93864253933.5,32213441853.9,437083430.198,143548000.0,,,10037042042.3,118811778.266,,872212579.969,,,138163286.249,,5368370572.16,133206150.0,,,3171116142.05,
2017-10-12,90525666971.7,28916525239.7,435935269.435,134376000.0,,,9588892545.51,118374301.883,,680640048.471,,,153334272.299,,5226976847.25,138997950.0,,,3206464408.15,
2017-10-11,80205238020.0,28847211567.6,436460617.451,143373000.0,,,10207464779.9,116589677.594,,583864664.98,,,161521072.349,,5252890389.6,162279950.0,,,2713909625.76,
2017-10-10,79457603223.9,28501667385.4,436817259.698,139336000.0,,,10064411506.9,115410504.89,,558243533.875,,,145534610.649,,5364153359.0,166517750.0,,,2704130907.9,
2017-10-09,79282158943.2,28261533648.4,436965423.573,140378000.0,,,9719725409.81,110386303.529,,573343459.756,,,142021024.199,,5239797070.7,142288300.0,,,2673983611.1,
2017-10-08,76589293760.0,29322710612.1,436380635.182,121723000.0,,,10805038459.7,117635322.665,,530913808.821,,,164739647.699,,5707257740.6,139076350.0,,,2832001431.32,
2017-10-07,73529314833.0,29557048402.5,436764375.247,158425000.0,,,9209664171.69,118755629.512,,542936191.429,,,160132110.299,,6016481807.95,120937250.0,,,2801457684.04,
2017-10-06,72589262957.0,29311483315.4,437537969.233,157991000.0,,,9033236633.32,117619217.234,,480664553.411,,,119821600.0,,6053063329.98,124868450.0,,,2775993787.37,
2017-10-05,71876277937.0,28098336332.5,437192690.591,167849000.0,,,9088104027.74,111512917.068,,557139040.67,,,132808800.0,,5931788840.62,152826450.0,,,2751241080.45,
2017-10-04,70225033578.0,27789444566.8,437607899.085,160148000.0,,,8235260296.58,114065545.619,,568619547.504,,,130009600.0,,5971673252.95,157977400.0,,,2736160242.31,
2017-10-03,71681069637.0,27766443809.3,437114019.508,182070000.0,,,7795993243.97,123407576.78,,539692714.905,,,97860400.0,,6729274230.53,107954000.0,,,2785938781.24,
2017-10-02,73195646775.8,28237763673.8,437804576.792,196467000.0,,,7771376497.48,120828185.984,,628899051.78,,,112120400.0,,7012388891.9,85328250.0,,,2839774396.68,
2017-10-01,73094870673.9,28694730559.4,437028355.44,152653000.0,,,7919230351.78,120619529.206,,0.0,,,18600626.6357,,6909649774.2,68105100.0,,,2901076714.14,
2017-09-30,72008428789.3,28607406297.7,435526611.878,128358000.0,,,7574020743.31,127462556.478,,,,,22757253.1107,,7195230134.65,68235300.0,,,2932074834.66,
2017-09-29,69086146650.0,27654290279.9,437001794.661,126624000.0,,,7423597851.6,120442313.107,,,,,19961571.9812,,7261040414.69,63769300.0,,,2797277252.21,
2017-09-28,69270823145.5,28379292200.9,427826112.503,137788000.0,,,7520416052.35,120169039.32,,,,,29255845.154,,7444349334.3,59597300.0,,,2874185280.07,
2017-09-27,69691950752.2,29068342955.7,427334991.58,114366000.0,,,7795264710.97,130487492.467,,,,,0.0,,7601937916.88,45895150.0,,,2990132969.53,
2017-09-26,64569365079.4,27259015800.1,428167761.84,86074700.0,,,7136517507.42,128051586.842,,,,,0.0,,7343076528.12,52676050.0,,,2737818455.1,
2017-09-25,65122213848.8,27718684464.8,443056462.718,91705900.0,,,6958908831.82,126867682.99,,,,,0.0,,7407290306.74,59388000.0,,,2738822451.59,
2017-09-24,61081971156.1,26780610986.1,443777707.134,78326800.0,,,6740348933.09,99150920.6594,,,,,0.0,,6994250354.62,66207750.0,,,2527746379.09,
2017-09-23,62892069388.8,27125537826.4,443406022.895,77096500.0,,,6820679281.83,106075800.231,,,,,0.0,,7116984901.85,,,,2614760413.5,
2017-09-22,60203040223.4,25049676631.9,444512231.011,71589300.0,,,6653040005.12,85839982.7661,,,,,0.0,,6892432473.15,,,,2551351872.02,
2017-09-21,60202370872.0,24502550354.3,444569753.572,70214000.0,,,6585708218.77,83953178.8209,,,,,0.0,,6909737844.9,,,,2471892745.71,
2017-09-20,64751811835.1,26881372918.4,444490107.334,74789000.0,,,6981570042.37,95864198.9878,,,,,0.0,,7901970549.0,,,,2743090712.19,
2017-09-19,65061185838.2,26787085257.8,443299832.792,80242500.0,,,7056839003.99,98960884.4317,,,,,0.0,,8760547515.62,,,,2800667554.25,
2017-09-18,67377945990.0,27794233413.2,443547622.288,90920200.0,,,7276434186.45,105289091.965,,,,,0.0,,7953091288.35,,,,2942496799.31,
2017-09-17,59377995376.0,23835888182.5,445388344.257,78958900.0,,,6840272985.03,94759414.1663,,,,,0.0,,6964751266.7,,,,2568944479.44,
2017-09-16,60068678194.5,23336257867.7,443361780.166,80419800.0,,,6866691892.09,96306792.1231,,,,,0.0,,7301428312.1,,,,2555926414.89,
2017-09-15,60267886368.0,23704566169.9,444857366.766,79970900.0,,,6953962476.22,96132678.5395,,,,,0.0,,7031847658.23,,,,2552770742.74,
2017-09-14,52265453816.2,20240633669.4,420011024.062,67878400.0,,,6294793490.41,94847805.9111,,,,,0.0,,6086136221.62,,,,2201222135.24,
2017-09-13,64311123695.2,26215830135.1,414751290.772,93720400.0,,,7698599885.58,155284725.025,,,,,0.0,,8349412081.44,,,,3266612281.33,
2017-09-12,68412822896.0,27568017612.9,405836067.124,103568000.0,,,8025481137.64,159882603.496,,,,,,,8461057682.68,,,,3398168751.36,
2017-09-11,68907352119.2,27852586150.0,404132451.049,102581000.0,,,8222491797.23,162461816.181,,,,,,,8914019239.12,,,,3492778153.95,
2017-09-10,68263826800.5,27300089799.4,405897934.734,94215900.0,,,8168426980.18,154850998.158,,,,,,,8900562997.51,,,,3257755733.88,
2017-09-09,69963847482.2,27829435117.5,404202404.051,98930100.0,,,8052015076.22,174031366.641,,,,,,,9071936639.38,,,,3489300920.8,
2017-09-08,69999555937.5,28021550341.3,396410359.54,100683000.0,,,8110412747.41,177125056.719,,,,,,,9661132100.25,,,,3582709923.63,
2017-09-07,76132843874.0,31127463389.8,394229273.829,136622000.0,,,8575216798.71,213910026.33,,,,,,,10815367304.4,,,,4146294753.86,
2017-09-06,76077049312.0,31584914370.2,387158941.078,108614000.0,,,8672840220.15,223986647.71,,,,,,,10570580961.4,,,,4231165242.22,
2017-09-05,72417728535.6,29562162666.3,386827671.56,97371600.0,,,8251172990.96,211642097.313,,,,,,,8971830391.76,,,,3764198422.8,
2017-09-04,70087101256.2,27873682151.2,381507840.364,104957000.0,,,7859260583.07,198144547.633,,,,,,,8565835029.19,,,,3441750071.36,
2017-09-03,75812181333.5,32807142041.2,364809998.994,157580000.0,,,8773492805.09,238765000.991,,,,,,,10058460268.3,,,,4054990307.88,
2017-09-02,75734114961.8,32942250737.6,350148972.12,199268000.0,,,8691360295.78,246876827.886,,,,,,,9535389383.38,,,,4168935431.49,
2017-09-01,80905039782.0,36593410761.0,320894490.319,238417000.0,,,9527639487.25,282046045.649,,,,,,,10300395649.2,,,,4537751620.21,
2017-08-31,77775374624.8,36142706813.6,320495343.741,220379000.0,,,9801836300.55,228804388.924,,,,,,,9736726124.44,,,,3746359354.78,
2017-08-30,75482724983.6,35705639884.6,319734936.3,235005000.0,,,8742626012.38,233398752.657,,,,,,,9521473371.88,,,,3382337004.1,
2017-08-29,75699786262.5,34961063278.1,319984145.136,232758000.0,,,8380583457.32,206951989.615,,,,,,,9152068438.76,,,,3328402346.36,
2017-08-28,72445588933.0,32792635350.2,319837226.877,204290000.0,,,8608499253.47,202245398.624,,,,,,,9866885846.46,,,,3284548362.2,
2017-08-27,72441993792.0,32799991738.8,320440601.833,200519000.0,,,7783608183.04,194996479.774,,,,,,,10274649097.6,,,,3220428679.67,
2017-08-26,71929882018.8,31472781161.6,319160040.75,216936000.0,,,8151018875.96,197004365.445,,,,,,,10347467981.5,,,,2724082506.87,
2017-08-25,72241507489.2,31281210162.4,320415041.732,249687000.0,,,8352362389.69,198284911.561,,,,,,,10602408645.0,,,,2693138535.83,
2017-08-24,71625870868.2,30680964299.9,321073264.59,237932000.0,,,8395690931.02,201223519.618,,,,,,,10382947973.1,,,,2640188252.92,
2017-08-23,68593954170.2,29911326161.9,320143515.754,258043000.0,,,9464295460.46,191824058.741,,,,,,,11060763960.0,,,,2800477715.84,
2017-08-22,67743202431.2,29646659313.6,321584466.699,248527000.0,,,9175144548.82,190062368.264,,,,,,,11415546169.4,,,,2456801453.78,
2017-08-21,66106992037.9,30280406340.3,319265845.633,270111000.0,,,7358873446.5,189571337.13,,,,,,,9901427964.88,,,,2519583623.78,
2017-08-20,67520478837.5,28375046490.7,318424279.161,250258000.0,,,6086509741.3,189031463.249,,,,,,,11764311435.3,,,,2429290295.83,
2017-08-19,69265141207.5,27995885730.5,320376751.716,209337000.0,,,5945481090.85,185787197.822,,,,,,,12447999917.9,,,,2389136366.27,
2017-08-18,68710871036.5,27812276026.1,323760270.675,238400000.0,,,6092184629.9,185762813.376,,,,,,,11385819408.0,,,,2483120185.61,
2017-08-17,71527949443.3,28357573570.0,322041353.584,196715000.0,,,6039078408.89,189307022.997,,,,,,,7596275407.88,,,,2305686992.81,
2017-08-16,72260183303.1,28426961862.9,319884703.577,143724000.0,,,6151540897.13,196376335.578,,,,,,,4951611203.25,,,,2316550874.02,
2017-08-15,69038855080.5,27249639651.1,319990139.007,105655000.0,,,6181832532.22,192321527.565,,,,,,,4912603932.6,,,,2272230662.49,
2017-08-14,71394704653.5,28209451116.8,318914378.123,129557000.0,,,6518108025.53,195005983.281,,,,,,,4909115806.27,,,,2403048691.84,
2017-08-13,67230528988.6,28011760530.6,319059012.351,87682800.0,,,6446772325.96,199948812.529,,,,,,,4914961031.93,,,,2402845047.49,
2017-08-12,64111163866.0,29183139234.1,319862238.373,44636500.0,,,6667721897.44,205262085.071,,,,,,,5228596735.39,,,,2434695720.5,
2017-08-11,60241844923.4,29013166488.9,319785558.085,39257200.0,,,6876897207.78,207948540.845,,,,,,,5412173083.73,,,,2468915570.66,
2017-08-10,55791120000.0,27788165831.7,317261818.09,34907900.0,,,6918778293.02,209656696.493,,,,,,,4549781986.32,,,,2436800274.39,
2017-08-09,55145196472.4,27794475648.4,320414975.453,24291200.0,,,7014890840.97,214167441.839,,,,,,,5010026797.39,,,,2515337793.45,
2017-08-08,56417337744.8,27857712298.9,319983648.83,22442100.0,,,7384487132.88,216822986.504,,,,,,,5695399910.2,,,,2547114357.97,
2017-08-07,55734179250.5,25262099071.4,318304350.512,14884800.0,,,6864352917.74,215460298.207,,,,,,,5270009227.2,,,,2397858442.04,
2017-08-06,53006426108.3,24541904158.6,319833483.265,13099900.0,,,6918916204.74,211048435.933,,,,,,,3637254889.2,,,,2360943929.29,
2017-08-05,53643452553.9,24061766193.9,318962522.978,12887100.0,,,7083526317.94,230690211.297,,,,,,,3513302001.0,,,,2452225533.44,
2017-08-04,47749461443.0,20920682038.0,320891027.011,10749400.0,,,6661974120.28,201162665.689,,,,,,,3841262261.1,,,,2273186517.51,
2017-08-03,46239970790.2,21128736917.8,309693788.068,10664200.0,,,6695294918.87,198345141.976,,,,,,,6000453014.2,,,,2241762848.18,
2017-08-02,44684649515.8,20620858653.94,319958099.629,10045200.0,,,6635956325.85,197572304.012,,,,,,,7460771888.97,,,,2203009837.5,
2017-08-01,44804603884.5,21252988046.8,318484879.537,9986680.0,,,6786988703.1,197951947.576,,,,,,,6263348570.62,,,,2249631447.62,
2017-07-31,47388334773.0,19102596754.5,319795154.011,10425000.0,,,6416422715.56,189798983.584,,,,,,,0.0,,,,2248288102.73,
2017-07-30,45435913867.5,18545669553.6,319139537.522,10641400.0,,,6328103274.65,189841583.854,,,,,,,0.0,,,,2111806255.44,
2017-07-29,44924534585.0,19272280500.2,318420979.294,10781100.0,,,6511680445.88,195262613.903,,,,,,,0.0,,,,2147368302.45,
2017-07-28,46279316161.1,18081289102.8,320121045.248,10406700.0,,,6360878067.17,196738456.44,,,,,,,0.0,,,,2120556594.86,
2017-07-27,44013533096.9,19124468250.3,318630572.09,10773700.0,,,6649142909.04,204889709.569,,,,,,,0.0,,,,2199530364.94,
2017-07-26,41663929264.6,19085332800.0,318528431.397,10513800.0,,,6662995240.07,199806282.333,,,,,,,0.0,,,,2203577729.59,
2017-07-25,42433788244.0,19338262506.3,319438051.635,10587000.0,,,6827134104.07,195723773.73,,,,,,,0.0,,,,2203568415.46,
2017-07-24,45366654309.3,21016755176.6,317583346.514,,,,7359876264.71,218468435.803,,,,,,,0.0,,,,2315840403.9,
2017-07-23,44957775264.8,21127295408.6,318785949.455,,,,7469041519.54,217635336.586,,,,,,,0.0,,,,2296964811.03,
2017-07-22,46264340367.0,21451273566.4,317328703.967,,,,7402491087.56,231094037.037,,,,,,,,,,,2426674809.18,
2017-07-21,43915296559.1,20401709506.4,318607353.407,,,,6992313741.56,213594706.445,,,,,,,,,,,2384504333.86,
2017-07-20,46376428080.0,21233651866.3,315304973.019,,,,7210076863.92,213373669.711,,,,,,,,,,,2344827630.72,
2017-07-19,37415031060.8,18653610728.8,310457677.168,,,,6447810207.18,186252335.973,,,,,,,,,,,2127931180.84,
2017-07-18,38158677672.0,21887962775.7,308949167.743,,,,7226274120.95,205507620.057,,,,,,,,,,,2306211598.79,
2017-07-17,36665393516.9,18057735704.2,293584829.993,,,,6811616682.58,167556913.842,,,,,,,,,,,2220519768.39,
2017-07-16,31748939342.8,14687441604.6,294234258.251,,,,5669269710.64,144110351.301,,,,,,,,,,,2128387550.57,
2017-07-15,32880721299.8,15923953592.6,295061456.301,,,,6532089551.71,163558753.458,,,,,,,,,,,2024299011.59,
2017-07-14,36734255487.5,18625794688.3,290349772.069,,,,7304809757.31,185301422.525,,,,,,,,,,,2225420765.35,
2017-07-13,38778935907.3,19560300930.2,290590041.571,,,,7689255290.72,200871716.711,,,,,,,,,,,2408038311.87,
2017-07-12,39447604438.0,21517152173.6,268297014.65,,,,7863289648.23,213554221.052,,,,,,,,,,,2533260183.77,
2017-07-11,38438497236.2,18401040700.6,262164132.685,,,,7084634277.52,195983179.706,,,,,,,,,,,2354858331.81,
2017-07-10,39005033498.7,20069373698.1,236849454.842,,,,7779469800.36,215080219.359,,,,,,,,,,,2418908416.24,
2017-07-09,41397076604.3,22559120946.3,222163568.107,,,,8937822572.39,256657309.214,,,,,,,,,,,2574185219.15,
2017-07-08,42262222822.5,23443013085.5,219920858.213,,,,9041898564.4,268764834.36,,,,,,,,,,,2706260958.02,
2017-07-07,41391217674.5,22900134646.4,221739004.096,,,,9170021547.95,263978150.305,,,,,,,,,,,2416847285.07,
2017-07-06,42863758794.7,25179348910.6,220773285.956,,,,9750557278.23,290253629.895,,,,,,,,,,,2652393637.23,
2017-07-05,42751085998.5,25011710284.7,219201850.047,,,,9822621670.05,298730544.247,,,,,,,,,,,2758632585.72,
2017-07-04,42740618672.7,25425860777.0,219722764.064,,,,9753161092.6,277197170.687,,,,,,,,,,,2868712774.0,
2017-07-03,42118211082.5,26310761677.2,220145566.741,,,,9954190878.5,278765958.972,,,,,,,,,,,2406133732.25,
2017-07-02,41167015221.0,26776243984.3,224437398.095,,,,9934662270.73,272983973.678,,,,,,,,,,,2153776658.5,
2017-07-01,39980058372.5,25524313602.7,219273753.723,,,,9754501291.18,291030486.925,,,,,,,,,,,2019589047.42,
2017-06-30,40735082695.0,27404731860.5,216233928.162,,,,10067954591.6,286240722.201,,,,,,,,,,,2089790095.0,
2017-06-29,41690395782.8,28136918558.1,218807245.84,,,,10163338438.6,292156833.817,,,,,,,,,,,2126019668.11,
2017-06-28,42268942193.0,30454577323.1,146399765.197,,,,10739011162.6,307215582.03,,,,,,,,,,,2217715824.17,
2017-06-27,41897190525.0,27211279055.1,145725491.972,,,,10580140194.7,288432959.877,,,,,,,,,,,2097663118.05,
2017-06-26,40677994353.8,25309759967.6,146155232.632,,,,10617742337.5,302421459.805,,,,,,,,,,,2127619780.34,
2017-06-25,42495001715.8,28138409363.6,146596548.799,,,,11427030818.5,325563587.853,,,,,,,,,,,2271527609.5,
2017-06-24,42807952580.6,30027238695.6,147660048.412,,,,11912833655.3,344687036.847,,,,,,,,,,,2300237510.94,
2017-06-23,45037797052.5,31691908923.7,145561987.95,,,,12252401682.3,345466884.972,,,,,,,,,,,2446591285.66,
2017-06-22,44384244937.2,31185326164.1,140772911.73,,,,11405013270.5,341137156.315,,,,,,,,,,,2465480961.66,
2017-06-21,44111929172.5,31222823000.4,141996876.796,,,,11347934562.8,343387743.538,,,,,,,,,,,2468646451.97,
2017-06-20,44643512689.0,33260958885.1,141115836.095,,,,12422397867.5,353617215.451,,,,,,,,,,,2438536181.65,
2017-06-19,42470734800.0,34278915230.0,125760664.508,,,,11336524061.9,345103749.756,,,,,,,,,,,2598038245.42,
2017-06-18,41788418973.5,34398150200.6,127853347.994,,,,10897411229.9,354812175.892,,,,,,,,,,,2376272924.69,
2017-06-17,43548031451.6,35124053707.0,126038346.038,,,,10275232610.5,364943129.202,,,,,,,,,,,2458295326.33,
2017-06-16,41291821422.7,34263095461.8,129485268.832,,,,10034654835.6,347356322.025,,,,,,,,,,,1841437408.26,
2017-06-15,40402259202.0,33485258151.5,129716032.638,,,,9927365495.2,334136363.816,,,,,,,,,,,1558335943.4,
2017-06-14,41082567338.9,33208658541.8,130701559.831,,,,10671865889.1,339460161.552,,,,,,,,,,,1558146224.07,
2017-06-13,44530631894.2,36756801122.8,128563488.546,,,,10200681357.6,363714822.367,,,,,,,,,,,1579263281.08,
2017-06-12,43585351532.5,37110948644.2,129758105.597,,,,9733521096.16,357074637.073,,,,,,,,,,,1520019062.32,
2017-06-11,48471330146.3,31473965820.8,128535439.907,,,,10453865432.4,395265960.428,,,,,,,,,,,1710731870.1,
2017-06-10,48295501718.2,31192780483.0,130600839.717,,,,9998356390.82,363573699.639,,,,,,,,,,,1567381712.97,
2017-06-09,46260465853.5,26018098658.2,127579236.291,,,,10962073248.2,378848043.615,,,,,,,,,,,1527922168.13,
2017-06-08,45957247988.5,24157329920.9,128100685.996,,,,11115200953.0,392181329.925,,,,,,,,,,,1554899463.47,
2017-06-07,44748237217.9,23818300201.8,105936533.137,,,,10805693393.7,362183090.197,,,,,,,,,,,1461052337.29,
2017-06-06,46888622160.0,24401181120.6,105500809.324,,,,10989725765.2,410328883.672,,,,,,,,,,,1571642192.19,
2017-06-05,43994968834.2,22917910489.0,106757583.791,,,,11354893881.4,424751203.705,,,,,,,,,,,1586278857.2,
2017-06-04,41124262595.2,22622207553.3,106215816.351,,,,11563837245.6,348600599.515,,,,,,,,,,,1436512586.63,
2017-06-03,41177190056.7,20683715605.0,107431643.279,,,,11377178598.8,356480570.815,,,,,,,,,,,1421817786.94,
2017-06-02,40732491835.1,20622162298.6,107500939.115,,,,11719675780.6,331768243.681,,,,,,,,,,,1487366316.31,
2017-06-01,39407633762.6,20474652879.1,108203346.899,,,,12886398532.6,314238600.152,,,,,,,,,,,1479645992.12,
2017-05-31,37414813240.0,21244817138.8,108802860.868,,,,9431903616.29,291223323.988,,,,,,,,,,,1299159066.93,
2017-05-30,35594903085.4,21352550183.5,105992179.792,,,,7853506541.67,287491007.218,,,,,,,,,,,1239464943.17,
2017-05-29,36901102917.0,17939882188.9,107261553.502,,,,8876523266.28,299397081.624,,,,,,,,,,,1293996450.86,
2017-05-28,35264171109.6,15689192547.8,109449621.997,,,,8780287938.41,282586772.964,,,,,,,,,,,1242756136.98,
2017-05-27,33347170525.4,14511207045.4,107480990.314,,,,8129857989.93,278381109.296,,,,,,,,,,,1217527310.54,
2017-05-26,36017660893.5,14749889599.6,98433411.3099,,,,10396475356.4,265467531.217,,,,,,,,,,,1217869994.99,
2017-05-25,37690456715.0,16036165876.8,70897554.1149,,,,9411822715.2,327904155.229,,,,,,,,,,,1532898258.85,
2017-05-24,39952841999.0,17464735543.0,69547450.2,,,,11401392712.9,400696360.863,,,,,,,,,,,1765854145.55,
2017-05-23,37933704065.5,16715702521.2,64800006.1604,,,,12460189796.2,390020192.119,,,,,,,,,,,1645417818.31,
2017-05-22,35525744380.0,16004156112.1,62884751.3812,,,,12251574634.6,372790906.964,,,,,,,,,,,1300136201.38,
2017-05-21,33361091114.4,14500421528.6,62399255.4733,,,,12954677858.2,335148584.911,,,,,,,,,,,1346703402.76,
2017-05-20,34068630558.5,11612447945.8,61983382.7128,,,,13549350519.5,207936862.073,,,,,,,,,,,1408135490.27,
2017-05-19,32479082014.5,11884632930.1,62469137.0489,,,,12631004537.8,166080690.348,,,,,,,,,,,1417518092.81,
2017-05-18,30856574835.0,8888797356.92,60346099.2496,,,,14059328661.9,165053035.11,,,,,,,,,,,1450914686.23,
2017-05-17,30043626195.3,8239948168.78,60551133.3367,,,,15097570678.2,144250618.133,,,,,,,,,,,1299438422.83,
2017-05-16,28330874003.4,8198722531.46,59812491.2875,,,,13401731336.3,115902941.285,,,,,,,,,,,1192913432.41,
2017-05-15,28392885375.4,8468960165.58,60353216.6055,,,,10370166172.7,123385339.698,,,,,,,,,,,1296726955.99,
2017-05-14,29540290793.7,8317148600.72,61217245.0419,,,,8435834460.17,139315690.231,,,,,,,,,,,1476620317.5,
2017-05-13,29471223857.4,8319066650.65,60751894.4952,,,,8231089564.36,129426581.159,,,,,,,,,,,1477122966.74,
2017-05-12,28150631936.0,8116816184.31,60903017.99,,,,7893614815.61,129385995.041,,,,,,,,,,,1402203623.72,
2017-05-11,30176934750.8,8226220249.18,61380410.9953,,,,7015146210.27,132531385.452,,,,,,,,,,,1568331565.01,
2017-05-10,29170965564.0,8191083679.73,61273022.8668,,,,7062242804.08,135432314.796,,,,,,,,,,,1631357006.36,
2017-05-09,28649119972.3,8338258352.48,60558338.9482,,,,6075701388.86,135399786.395,,,,,,,,,,,1713609763.87,
2017-05-08,28123369330.2,8359085414.16,60360765.9732,,,,7523251269.35,166179751.696,,,,,,,,,,,1477190573.45,
2017-05-07,26053077974.8,8592854298.44,60468126.896,,,,5380696777.67,142549285.622,,,,,,,,,,,1544713042.46,
2017-05-06,25757608890.0,8937843150.73,60444975.2896,,,,3863536364.89,127767020.157,,,,,,,,,,,1435575547.67,
2017-05-05,25373374562.9,8622992170.8,59632609.7585,,,,3550763414.29,91730011.8909,,,,,,,,,,,1338680275.36,
2017-05-04,25080858486.5,8856050446.13,59029170.3143,,,,2995241761.19,81302972.1229,,,,,,,,,,,1191860814.29,
2017-05-03,24301634925.3,7277279245.56,57342736.9443,,,,2291657723.25,74082830.9529,,,,,,,,,,,1071743436.52,
2017-05-02,23691443737.8,7050941746.05,58811371.882,,,,2042306875.13,66664318.6702,,,,,,,,,,,809254702.051,
2017-05-01,23179524919.2,6960466481.79,58977841.0889,,,,2088015009.42,74926987.8415,,,,,,,,,,,810118724.683,
2017-04-30,21975104908.9,7206669916.76,59033935.1045,,,,1955141292.56,81479217.0366,,,,,,,,,,,799087301.38,
2017-04-29,21547126640.2,6233911088.18,59055943.158,,,,2002906577.03,80094404.6055,,,,,,,,,,,800726755.179,
2017-04-28,21457669552.0,6394355247.08,58064952.182,,,,1684931017.38,74001826.6518,,,,,,,,,,,729306971.074,
2017-04-27,21475836448.0,5664157654.51,57450802.3246,,,,1319000748.76,68965795.4604,,,,,,,,,,,743401961.942,
2017-04-26,20876159410.0,4801851007.96,57277757.6311,,,,1242504322.47,59334724.1827,,,,,,,,,,,754701192.271,
2017-04-25,20619704236.5,4542708760.73,59158556.4143,,,,1225440952.06,57525560.3801,,,,,,,,,,,773002033.427,
2017-04-24,20367443800.0,4553943109.04,50231003.9522,,,,1188991865.3,56170723.4933,,,,,,,,,,,760201117.274,
2017-04-23,19665994144.5,4412126295.05,50424596.2111,,,,1184979851.69,56922937.0935,,,,,,,,,,,707833524.875,
2017-04-22,20062753908.3,4416442027.91,51499127.8687,,,,1203588927.07,50566745.0966,,,,,,,,,,,663235620.221,
2017-04-21,19903192286.2,4385105011.63,53875597.6987,,,,1241848913.26,49235653.2609,,,,,,,,,,,569832265.59,
2017-04-20,20015137622.0,4515241562.83,54688778.954,,,,1135930238.74,48304467.8606,,,,,,,,,,,524367323.31,
2017-04-19,19707045564.5,4389519738.2,54798621.9453,,,,1132470539.96,48798264.4638,,,,,,,,,,,489864408.002,
2017-04-18,19727334977.0,4606307173.7,60720447.7332,,,,1245454116.99,50070361.981,,,,,,,,,,,523242304.206,
2017-04-17,19436033389.9,4386552041.3,50707643.7756,,,,1263146857.98,50046891.0403,,,,,,,,,,,528196466.387,
2017-04-16,19255408765.8,4422644315.05,50716270.217,,,,1255906871.27,49424546.4642,,,,,,,,,,,542862719.187,
2017-04-15,19083656460.2,4455916490.16,50740677.972,,,,1274421570.32,45578831.8122,,,,,,,,,,,546750077.822,
2017-04-14,19000400017.5,4315878956.94,50692319.156,,,,1267808373.53,46461673.1826,,,,,,,,,,,526103441.094,
2017-04-13,19026699552.0,4554299451.84,50724084.7581,,,,1290474148.43,46250889.2347,,,,,,,,,,,513779944.221,
2017-04-12,19530680103.5,4196302993.71,50721547.5695,,,,1288159076.44,45113671.1295,,,,,,,,,,,545824242.31,
2017-04-11,19604036562.8,3933886290.61,54942244.0554,,,,1236217783.29,42504567.3821,,,,,,,,,,,447934139.358,
2017-04-10,19310642460.1,3935103267.82,54947075.9323,,,,1260475811.57,43521043.8791,,,,,,,,,,,451008789.967,
2017-04-09,19320511927.2,3918563431.42,54948669.5075,,,,1276311434.42,41443401.4684,,,,,,,,,,,440413411.712,
2017-04-08,19124327856.2,4011422381.1,54935261.4958,,,,1344932466.76,47043645.8089,,,,,,,,,,,501272917.38,
2017-04-07,19137747435.0,3815963046.08,54943888.782,,,,1362572622.8,43370834.5805,,,,,,,,,,,473622779.834,
2017-04-06,19229356147.2,3912317958.56,54947515.5393,,,,1225461865.1,48965885.6871,,,,,,,,,,,517958247.837,
2017-04-05,18285857774.5,4097477787.64,54956912.1376,,,,1333433170.02,48058058.1399,,,,,,,,,,,560338329.934,
2017-04-04,18421262062.5,4036201193.54,54951966.5595,,,,1405100818.4,47016147.8258,,,,,,,,,,,418556787.928,
2017-04-03,18591158322.7,4009009195.66,54937239.727,,,,1238821670.21,46473419.8593,,,,,,,,,,,407377515.568,
2017-04-02,17911915755.0,4404475423.01,55003070.8663,,,,2294347627.48,53237771.4814,,,,,,,,,,,390795465.204,
2017-04-01,17557597716.0,4579187935.76,54928117.883,,,,818500435.178,36461688.8521,,,,,,,,,,,347247821.545,
2017-03-31,17414322807.7,4517835716.46,54950855.5637,,,,781029218.672,35689522.1591,,,,,,,,,,,336227385.391,
2017-03-30,16675587066.0,4711996587.75,54950083.2518,,,,496357148.994,33031133.1216,,,,,,,,,,,351939332.887,
2017-03-29,16893415155.9,4793424049.48,54947940.1686,,,,377677109.648,29592633.7544,,,,,,,,,,,210979437.018,
2017-03-28,17008241725.8,4579693492.83,44951302.0723,,,,355714086.3,29697573.0488,,,,,,,,,,,209398408.423,
2017-03-27,16983801540.8,4478238273.7,44951302.0723,,,,358830082.292,27636507.2205,,,,,,,,,,,205294093.919,
2017-03-26,15698465530.7,4553738462.06,44951302.0723,,,,356889221.337,29578946.5995,,,,,,,,,,,204508540.593,
2017-03-25,15794781101.6,4617794703.12,44947086.6913,,,,340825428.223,32339606.5401,,,,,,,,,,,204947911.065,
2017-03-24,15220718764.2,4783511279.96,44946187.674,,,,393260828.506,28742561.6119,,,,,,,,,,,205561868.548,
2017-03-23,16859314109.3,3932863932.2,44954009.1241,,,,395649983.101,26308841.6597,,,,,,,,,,,200273944.931,
2017-03-22,17028630158.2,3811229795.78,44952660.5982,,,,272603336.686,26447698.4865,,,,,,,,,,,198021517.216,
2017-03-21,18185299687.0,3882154700.24,44952211.0896,,,,257975383.407,26688540.9585,,,,,,,,,,,201621297.824,
2017-03-20,17107266418.3,3902862599.06,44960302.2449,,,,260445299.708,25667420.7689,,,,,,,,,,,202769043.349,
2017-03-19,16821676707.0,4022867100.17,44953110.1069,,,,258098225.805,25530620.2589,,,,,,,,,,,198853053.266,
2017-03-18,15798760668.4,3070500514.63,44952211.0896,,,,250547338.826,23733952.7901,,,,,,,,,,,199360039.484,
2017-03-17,17847435956.5,4207676008.74,44952211.0896,,,,228362151.089,24237031.0903,,,,,,,,,,,203699158.551,
2017-03-16,19265847025.0,4162873752.48,34951411.0746,,,,238733559.268,25505568.431,,,,,,,,,,,212779672.383,
2017-03-15,20265831337.2,3147689117.94,34950712.0674,,,,235454225.065,26366681.7258,,,,,,,,,,,208884338.479,
2017-03-14,20107761880.0,2572014998.48,34951061.571,,,,237960156.13,25823122.7687,,,,,,,,,,,203517140.766,
2017-03-13,19974334865.0,2565583285.3,34951775.5573,,,,238098131.502,26803460.8564,,,,,,,,,,,209247491.53,
2017-03-12,19801195767.0,2102276260.29,34953173.5724,,,,233249975.284,24888450.9142,,,,,,,,,,,192734981.937,
2017-03-11,19060468861.8,1925342939.24,34951775.5573,,,,232626475.769,22924270.1384,,,,,,,,,,,190446085.448,
2017-03-10,18100188612.0,1732837145.25,34950028.0384,,,,232222991.035,22122294.8382,,,,,,,,,,,188096028.348,
2017-03-09,19261188310.1,1590879625.05,34947092.2067,,,,242319059.14,22876685.8083,,,,,,,,,,,192365805.214,
2017-03-08,18635275050.0,1491498829.93,34950727.046,,,,243479928.687,22552761.6007,,,,,,,,,,,189185840.636,
2017-03-07,19824773912.0,1691307055.0,34951076.5497,,,,244428565.874,22624812.4641,,,,,,,,,,,191407738.913,
2017-03-06,20620991547.0,1754907794.43,24951874.5648,,,,226571293.778,22747587.6158,,,,,,,,,,,196360996.788,
2017-03-05,20526235270.0,1727148626.34,24951243.9521,,,,229273937.183,22347509.2283,,,,,,,,,,,195313682.986,
2017-03-04,20329978337.5,1665411582.58,24951243.9521,,,,235639831.367,22169039.9418,,,,,,,,,,,194382285.332,
2017-03-03,20649259918.8,1739949802.95,24950994.4422,,,,237138723.011,22839080.089,,,,,,,,,,,196175905.112,
2017-03-02,20258543187.5,1701011947.7,24950994.4422,,,,224099076.44,22270265.0158,,,,,,,,,,,196290700.269,
2017-03-01,19794459607.5,1550251865.18,24950944.5402,,,,200868979.639,21972151.9891,,,,,,,,,,,189965826.983,
2017-02-28,19103684800.8,1412825288.28,24950245.9124,,,,205616367.091,22208026.1673,,,,,,,,,,,188519642.704,
2017-02-27,19101427518.1,1374757041.1,24952741.0118,,,,208327143.527,22573291.3005,,,,,,,,,,,190050515.698,
2017-02-26,18860247630.0,1296040793.88,24951235.563,,,,210650135.557,21996681.0546,,,,,,,,,,,191185638.114,
2017-02-25,18511906560.0,1208911982.88,24951994.043,,,,210432471.129,21707442.4919,,,,,,,,,,,191095953.03,
2017-02-24,18992415818.2,1165715764.87,24950946.1012,,,,211743657.868,22499640.5586,,,,,,,,,,,192069642.998,
2017-02-23,18877442096.0,1169783161.22,24950921.1502,,,,218956299.254,22474554.4639,,,,,,,,,,,191826642.005,
2017-02-22,18077985665.3,1123050432.67,24950172.6203,,,,217065183.698,21832089.9134,,,,,,,,,,,189889067.797,
2017-02-21,18041455272.5,1128781639.84,24945007.7641,,,,216037936.338,22561942.1873,,,,,,,,,,,188746826.688,
2017-02-20,17468244508.0,1107158285.28,24950921.1502,,,,217573065.462,22384370.0179,,,,,,,,,,,187919323.02,
2017-02-19,16946913345.7,1136008890.25,24948451.0016,,,,217744952.507,22470801.4214,,,,,,,,,,,187593271.516,
2017-02-18,17051064833.5,1140211196.72,24951245.5131,,,,206294830.377,21285033.2915,,,,,,,,,,,188971683.985,
2017-02-17,16916338976.0,1127915203.81,24951495.0231,,,,219877981.826,22577051.4617,,,,,,,,,,,190872606.592,
2017-02-16,16610905026.0,1147726667.72,24952243.553,,,,223279048.547,22446000.3418,,,,,,,,,,,188646305.056,
2017-02-15,16286329281.8,1148742628.1,24995159.2661,,,,227727195.776,22613929.3255,,,,,,,,,,,189710832.242,
2017-02-14,16237219721.2,1157709435.18,24950996.0032,,,,232582622.803,22563242.7591,,,,,,,,,,,187737972.746,
2017-02-13,16010322102.8,1001304092.7,24950996.0032,,,,231580938.613,22473383.4289,,,,,,,,,,,185050281.727,
2017-02-12,16146290349.0,1012466457.08,24950971.0522,,,,232223661.272,22517017.5712,,,,,,,,,,,187313755.539,
2017-02-11,16229677098.8,1007694075.63,24950971.0522,,,,234593029.645,22677808.8693,,,,,,,,,,,188691479.808,
2017-02-10,15973053724.9,1001069227.5,24950971.0522,,,,232977147.086,22437403.1548,,,,,,,,,,,187848135.233,
2017-02-09,16063448931.6,978825689.733,24950971.0522,,,,236118153.095,22090588.7375,,,,,,,,,,,188856895.216,
2017-02-08,17170799127.1,1013867330.85,24950971.0522,,,,237281127.162,22764405.5357,,,,,,,,,,,199965754.046,
2017-02-07,17141080573.7,1020961129.98,24950996.7061,,,,236127886.859,22480560.4995,,,,,,,,,,,200760049.226,
2017-02-06,16764422010.3,1009440329.89,24951540.922,,,,237707557.021,23123109.9332,,,,,,,,,,,200881367.431,
2017-02-05,16588240156.6,1005855020.81,24951565.8736,,,,237439241.604,22784026.9167,,,,,,,,,,,200777191.848,
2017-02-04,16837411920.0,1012625892.73,24951565.8736,,,,239277644.489,22833924.0363,,,,,,,,,,,201470795.974,
2017-02-03,16625849488.9,984019776.178,24951540.922,,,,238606118.816,23013630.5516,,,,,,,,,,,202630540.709,
2017-02-02,16331615570.0,957731836.098,24951441.1156,,,,238429576.117,22828496.9545,,,,,,,,,,,202711223.265,
2017-02-01,15962015276.0,949491718.191,24951565.8736,,,,241024345.362,22608245.7135,,,,,,,,,,,202156360.792,
2017-01-31,15659186515.2,948748952.189,24951515.9704,,,,232723518.993,22203337.5236,,,,,,,,,,,202257334.11,
2017-01-30,14850351605.0,934593362.057,14956375.3342,,,,235163420.892,22444026.5296,,,,,,,,,,,199351481.486,
2017-01-29,14834377926.4,926548657.003,14951740.3411,,,,235949570.552,22045158.9246,,,,,,,,,,,190910290.983,
2017-01-28,14866260449.0,933378689.534,14951740.3411,,,,233731913.494,22555026.6,,,,,,,,,,,190898186.76,
2017-01-27,14834831700.0,930599698.773,14951740.3411,,,,236445290.801,22046163.9344,,,,,,,,,,,190988506.59,
2017-01-26,14797955301.3,934844927.991,14951740.3411,,,,246557246.767,22446321.1388,,,,,,,,,,,189862991.277,
2017-01-25,14537488261.3,932866677.889,14951740.3411,,,,240038824.338,21977953.3144,,,,,,,,,,,183877335.682,
2017-01-24,14393026385.0,938004330.343,14951740.3411,,,,241037252.34,21816183.8297,,,,,,,,,,,187365781.575,
2017-01-23,14848013908.9,954275900.111,14951740.3411,,,,246835063.674,22446879.1579,,,,,,,,,,,189765617.823,
2017-01-22,14905439337.4,943567856.037,14951740.3411,,,,247414439.391,22362118.5706,,,,,,,,,,,190064917.433,
2017-01-21,14856911162.8,961383820.322,14951740.3411,,,,247138388.238,22458717.5768,,,,,,,,,,,193053346.157,
2017-01-20,14423545370.8,933854252.254,14951720.3409,,,,246023863.957,22481310.094,,,,,,,,,,,192281660.895,
2017-01-19,14486616700.1,915611848.672,14951720.3409,,,,259231566.388,22700762.5683,,,,,,,,,,,190764054.812,
2017-01-18,14284036612.6,900365728.207,14951720.3409,,,,246714247.628,22396382.2603,,,,,,,,,,,189598850.168,
2017-01-17,14625779851.2,906597925.251,14951720.3409,,,,250063011.982,23208937.7279,,,,,,,,,,,194519765.603,
2017-01-16,13393372619.5,847706512.703,14951720.3409,,,,249604105.875,22325303.5884,,,,,,,,,,,192658074.643,
2017-01-15,13234840657.1,870948977.494,14951869.8566,,,,247328328.716,22205669.4694,,,,,,,,,,,193747581.623,
2017-01-14,13178601991.8,847990589.649,14952019.3723,,,,252379605.309,22487113.8065,,,,,,,,,,,192438807.45,
2017-01-13,13266554392.0,858481082.07,14951720.3409,,,,242560559.021,22495996.2893,,,,,,,,,,,191902491.24,
2017-01-12,12956730411.3,866237621.961,14951720.3409,,,,236179631.401,22441532.0952,,,,,,,,,,,195389833.63,
2017-01-11,12519135995.7,853319721.866,14951720.3409,,,,232965876.349,22106893.8804,,,,,,,,,,,189604833.326,
2017-01-10,14608685049.4,926031182.645,14951720.3409,,,,243404744.756,24359575.6115,,,,,,,,,,,226238983.97,
2017-01-09,14528815565.3,906044584.406,14951740.3411,,,,224080101.672,24654599.3514,,,,,,,,,,,211907899.832,
2017-01-08,14661966429.1,902576769.005,14951740.3411,,,,226499134.184,23791267.6892,,,,,,,,,,,196710013.265,
2017-01-07,14618030536.4,865194523.291,14951740.3411,,,,231335018.918,23756791.3222,,,,,,,,,,,194746307.951,
2017-01-06,14513695758.4,898845927.691,14951740.3411,,,,229462512.604,23623828.226,,,,,,,,,,,190038394.909,
2017-01-05,16300254795.1,898497892.252,14951739.2372,,,,225333042.051,24604461.5846,,,,,,,,,,,211212252.077,
2017-01-04,18571869009.0,985515893.451,9951689.23717,,,,238734598.632,25404850.928,,,,,,,,,,,237966484.325,
2017-01-03,16786368910.1,851512055.174,9951689.23717,,,,232046355.443,24429772.3143,,,,,,,,,,,227483920.937,
2017-01-02,16429024775.0,733331653.923,9951689.23717,,,,229312700.465,24343483.8916,,,,,,,,,,,228536447.639,
2017-01-01,16050407460.5,715049207.868,9951689.23717,,,,231408635.851,24501968.853,,,,,,,,,,,221718274.859,
2016-12-31,15492554222.2,696993600.01,9951689.23717,,,,234334878.512,24029221.4446,,,,,,,,,,,212503138.053,
2016-12-30,15450507054.9,713433620.431,9951788.75307,,,,233518379.411,24466628.9178,,,,,,,,,,,215644689.203,
2016-12-29,15645617392.3,724028106.502,6951728.75307,,,,230400639.187,24562379.8882,,,,,,,,,,,223676934.522,
2016-12-28,15682769404.8,657011884.058,6951867.78486,,,,222244080.472,24002519.4006,,,,,,,,,,,224386448.42,
2016-12-27,14994286713.1,626268701.017,6951659.23717,,,,223193135.275,24421177.304,,,,,,,,,,,219307108.086,
2016-12-26,14581389977.0,635060698.562,6951659.23717,,,,227749030.374,25042136.3555,,,,,,,,,,,213643934.587,
2016-12-25,14396194093.7,626189631.467,6951659.23717,,,,232006455.658,24708694.7021,,,,,,,,,,,213168342.133,
2016-12-24,14436754926.6,633871896.431,6951659.23717,,,,228603755.755,25127151.4494,,,,,,,,,,,223125158.056,
2016-12-23,14807189351.8,624956487.409,6952771.49153,,,,226316807.306,25402759.5783,,,,,,,,,,,228149363.477,
2016-12-22,13882988216.0,661247898.755,6951589.72127,,,,229098085.134,24191690.7802,,,,,,,,,,,181850993.603,
2016-12-21,13395445163.3,689718972.24,6951589.72127,,,,230703574.798,24378197.8126,,,,,,,,,,,178946727.206,
2016-12-20,12857473133.5,667309961.101,6951589.72127,,,,232649010.135,23539491.69,,,,,,,,,,,179271872.78,
2016-12-19,12725090633.3,665654987.232,6951589.72127,,,,234261555.893,23411276.3015,,,,,,,,,,,179294512.67,
2016-12-18,12688510067.6,684696554.842,6951659.23717,,,,235319643.631,23430700.1971,,,,,,,,,,,179940572.393,
2016-12-17,12691945028.0,685426528.261,6951798.26896,,,,234116945.796,23474266.0805,,,,,,,,,,,180891698.953,
2016-12-16,12595490538.6,683575806.439,6951798.26896,,,,240187706.297,23277388.1746,,,,,,,,,,,177452394.414,
2016-12-15,12484761984.5,680740349.205,6951589.72127,,,,238465987.075,23089162.6197,,,,,,,,,,,177217751.149,
2016-12-14,12534369129.2,718460238.569,6951589.72127,,,,241329459.578,23298468.7386,,,,,,,,,,,176928994.578,
2016-12-13,12521776921.5,731892846.089,6951589.72127,,,,241460120.011,23121989.8429,,,,,,,,,,,178377518.206,
2016-12-12,12512497969.1,740255865.722,6951589.72127,,,,243965344.839,23829103.7781,,,,,,,,,,,178912648.597,
2016-12-11,12344888048.2,711457158.663,6951589.72127,,,,242740088.328,23963511.752,,,,,,,,,,,177672524.91,
2016-12-10,12421967469.5,705254560.817,6951589.72127,,,,245331700.22,23024969.9751,,,,,,,,,,,179687726.272,
2016-12-09,12390863076.9,732836297.328,6951589.72127,,,,256809661.332,22781379.9111,,,,,,,,,,,180183369.365,
2016-12-08,12357837892.8,713877391.353,6951589.72127,,,,255463822.879,23003642.2228,,,,,,,,,,,180109547.113,
2016-12-07,12313376413.9,726702379.806,6951589.72127,,,,246553161.042,22935890.8132,,,,,,,,,,,176388677.92,
2016-12-06,12249086970.7,682013454.453,6951589.72127,,,,239510358.191,22756301.7385,,,,,,,,,,,172406581.681,
2016-12-05,12159115875.0,591026579.307,6951728.75307,,,,231528275.041,23019111.4492,,,,,,,,,,,172020407.133,
2016-12-04,12400766376.1,644685715.26,6952841.00742,,,,234887731.588,23213389.9786,,,,,,,,,,,190052286.933,
2016-12-03,12355811708.6,685808135.756,6951728.75307,,,,237099898.635,23225587.8476,,,,,,,,,,,191186223.765,
2016-12-02,12462935160.4,671587251.627,6951589.72127,,,,239694615.475,23151253.0774,,,,,,,,,,,192221835.026,
2016-12-01,12122431239.0,731254342.065,6951589.72127,,,,241195304.688,22962292.5987,,,,,,,,,,,190346608.127,
2016-11-30,11943536630.3,742664775.158,6951589.72127,,,,241184505.851,22940549.7259,,,,,,,,,,,189543678.362,
2016-11-29,11780661279.8,706651178.639,6951589.72127,,,,243251357.77,23197819.0564,,,,,,,,,,,188550245.881,
2016-11-28,11782628755.0,753971438.306,6951589.79627,,,,251422257.347,23318708.0911,,,,,,,,,,,188976866.46,
2016-11-27,11720648986.8,777313921.782,6951589.79627,,,,253777557.27,23280830.8635,,,,,,,,,,,188840589.719,
2016-11-26,11772895898.9,805474197.902,6951589.79627,,,,265121384.876,23419240.7369,,,,,,,,,,,189349048.122,
2016-11-25,11871816578.9,811553948.618,6951589.79627,,,,247621847.283,23595379.3882,,,,,,,,,,,190305090.308,
2016-11-24,11848658575.0,796538441.764,6951589.79627,,,,249325627.836,23338934.2753,,,,,,,,,,,189869691.391,
2016-11-23,11916054234.5,849020680.045,6951589.79627,,,,253252040.339,23382362.7813,,,,,,,,,,,190661739.173,
2016-11-22,12022735371.5,854053527.945,6951589.79627,,,,266617526.479,23988311.6334,,,,,,,,,,,191671916.82,
2016-11-21,11827902946.2,829190390.813,6951589.79627,,,,271366065.0,23761952.2215,,,,,,,,,,,191493663.799,
2016-11-20,11695081877.5,825305262.014,6951589.79627,,,,274408500.971,23392329.2836,,,,,,,,,,,190322156.103,
2016-11-19,12023262924.8,832183861.162,6951589.79627,,,,279719045.524,23555622.9779,,,,,,,,,,,191811704.641,
2016-11-18,12021432968.4,815806831.578,6951589.79627,,,,278954043.056,23282182.5115,,,,,,,,,,,192117401.612,
2016-11-17,11850398479.4,859814327.73,6951589.79627,,,,277116674.262,23920780.3869,,,,,,,,,,,191181640.706,
2016-11-16,11900441938.5,865349966.468,6951589.79627,,,,280456215.951,23631268.2705,,,,,,,,,,,194823408.774,
2016-11-15,11377924616.2,878653066.673,6951589.79627,,,,281847837.233,23707517.7523,,,,,,,,,,,188664990.723,
2016-11-14,11271073434.1,856753360.514,6951589.79627,,,,289608870.855,23852055.0649,,,,,,,,,,,187763726.251,
2016-11-13,11215181107.4,868038289.724,6951589.79627,,,,295328430.748,24094780.2612,,,,,,,,,,,187793620.719,
2016-11-12,11262273136.1,848509382.067,6951589.79627,,,,287694005.693,23534462.1741,,,,,,,,,,,182214528.023,
2016-11-11,11442241390.2,883565427.341,6951588.73272,,,,288449722.93,24230442.164,,,,,,,,,,,184683452.176,
2016-11-10,11426817525.6,903380023.603,6951567.87795,,,,290984040.176,24374714.0249,,,,,,,,,,,185020476.075,
2016-11-09,11548965778.8,914292102.712,6951588.73272,,,,288005742.392,24484627.6561,,,,,,,,,,,186910333.219,
2016-11-08,11333339468.1,929246806.554,6951588.73272,,,,292550349.517,24493010.6056,,,,,,,,,,,185797750.527,
2016-11-07,11224670783.0,926761430.161,6951588.73272,,,,289062752.129,25522330.808,,,,,,,,,,,185558515.776,
2016-11-06,11357385316.2,931947467.415,6951588.73272,,,,292091183.061,23631366.3348,,,,,,,,,,,187941022.117,
2016-11-05,11226736982.4,942653972.443,6951588.73272,,,,293413782.091,23725355.0084,,,,,,,,,,,186796716.969,
2016-11-04,11222575747.5,949862034.866,6951588.73272,,,,290786408.816,23424697.5377,,,,,,,,,,,187331687.829,
2016-11-03,10989660279.6,924716659.063,6951588.73272,,,,285948762.229,23179292.6273,,,,,,,,,,,186428793.595,
2016-11-02,11820110420.6,920236997.331,6951588.73272,,,,292147927.869,23488685.4691,,,,,,,,,,,198109558.844,
2016-11-01,11642863554.0,921057444.442,6951588.73272,,,,287884553.314,23579430.5812,,,,,,,,,,,197264086.236,
2016-10-31,11181852070.1,940578263.742,6951589.73272,,,,291210973.231,23498782.0686,,,,,,,,,,,192650974.089,
2016-10-30,11194834675.9,956007453.652,6951589.73272,,,,284757107.458,23840399.7927,,,,,,,,,,,194515844.472,
2016-10-29,11394596829.5,892565736.151,6951589.73272,,,,274737697.586,23776090.5817,,,,,,,,,,,197172899.632,
2016-10-28,10997420361.8,946972468.92,6951589.73272,,,,289334576.779,23049630.0265,,,,,,,,,,,191472766.58,
2016-10-27,10974828654.5,982033773.83,6951589.73272,,,,301323829.849,23145147.9789,,,,,,,,,,,193738393.554,
2016-10-26,10813913071.1,984429110.077,6951589.73272,,,,313525876.773,23038712.3672,,,,,,,,,,,190729860.386,
2016-10-25,10482565592.0,973991741.58,6951589.73272,,,,315518182.388,23381750.214,,,,,,,,,,,187977543.201,
2016-10-24,10420469171.9,1020971991.29,6951589.73272,,,,321697381.775,23333712.1751,,,,,,,,,,,186205733.472,
2016-10-23,10472100601.9,1026301229.34,6951589.73272,,,,335501923.298,23592543.2571,,,,,,,,,,,188503413.671,
2016-10-22,10474463658.4,1028949804.39,6951589.73272,,,,318415081.342,23788433.8148,,,,,,,,,,,186897442.056,
2016-10-21,10083501602.5,1037420189.94,6951589.73272,,,,320429034.738,23266020.5837,,,,,,,,,,,182998023.143,
2016-10-20,10050854098.8,1030522234.04,6951590.79627,,,,322653787.837,23550834.6021,,,,,,,,,,,181674023.924,
2016-10-19,10044471117.1,1023599501.85,6951590.79627,,,,306053398.896,23284537.2036,,,,,,,,,,,182829267.04,
2016-10-18,10162029114.2,1071362740.94,6951590.79627,,,,296223771.62,23541350.2209,,,,,,,,,,,184472061.469,
2016-10-17,10180488273.5,1021302744.06,6951590.85,,,,284885359.705,23521885.4644,,,,,,,,,,,187820566.531,
2016-10-16,10218348387.5,1016373308.18,6951590.85,,,,286570104.181,23706841.9729,,,,,,,,,,,186560092.524,
2016-10-15,10169814231.5,1018682987.67,6951590.85,,,,288973587.824,23892078.1336,,,,,,,,,,,185881496.983,
2016-10-14,10196303437.0,1014456176.48,6951583.89841,,,,311016814.343,24123143.4045,,,,,,,,,,,187040773.673,
2016-10-13,10138078870.2,1016169767.2,6951590.85,,,,283150594.389,24133741.2681,,,,,,,,,,,187419177.305,
2016-10-12,10127644783.5,1013248316.86,6951590.85,,,,281990055.287,23969248.545,,,,,,,,,,,180263887.29,
2016-10-11,10204214838.5,1000308761.3,6951590.85,,,,292120170.561,24490818.8446,,,,,,,,,,,182980636.635,
2016-10-10,9851764897.39,997363894.952,6951590.85,,,,283038010.48,24227357.9724,,,,,,,,,,,181914089.486,
2016-10-09,9815156617.54,1022264081.85,6951590.95,,,,267594684.334,24254551.1887,,,,,,,,,,,182812938.651,
2016-10-08,9851461945.58,1035883227.82,6951590.95,,,,259344431.811,23978036.8885,,,,,,,,,,,183856524.231,
2016-10-07,9818599994.17,1073405274.53,6951590.95,,,,261687608.536,24201628.7638,,,,,,,,,,,184967981.22,
2016-10-06,9752315688.94,1088798918.13,6951590.95,,,,261893013.429,23734078.8164,,,,,,,,,,,184158503.992,
2016-10-05,9743018923.52,1103736599.55,6951590.95,,,,263742834.141,24780416.3646,,,,,,,,,,,183940961.242,
2016-10-04,9705099354.72,1123727868.31,6951590.95,,,,278579625.714,24365962.6995,,,,,,,,,,,182929230.039,
2016-10-03,9734618878.27,1138142255.11,6951577.04682,,,,286966316.998,24834501.9507,,,,,,,,,,,183587392.264,
2016-10-02,9713776587.02,1116323114.84,6951577.04682,,,,289655691.67,24472565.9028,,,,,,,,,,,183737743.594,
2016-10-01,9761887632.24,1113568557.26,6951590.95,,,,291065121.24,24762146.0671,,,,,,,,,,,184011016.142,
2016-09-30,9693198750.06,1117517388.26,6951590.95,,,,313257340.125,24963476.6504,,,,,,,,,,,183588351.595,
2016-09-29,9627902106.24,1104310043.24,6951590.95,,,,316225904.596,24493910.8752,,,,,,,,,,,183707882.52,
2016-09-28,9611532318.53,1120893441.39,6951590.95,,,,320824517.179,24288350.5293,,,,,,,,,,,183288011.568,
2016-09-27,9633311305.2,1105565482.95,6951590.95,,,,291797037.256,24165301.5093,,,,,,,,,,,183933208.558,
2016-09-26,9661922446.43,1081884909.32,6951590.95,,,,282365047.639,24340021.3009,,,,,,,,,,,184190313.961,
2016-09-25,9546132575.45,1104901553.18,6951590.95,,,,278512115.34,23848219.019,,,,,,,,,,,181734767.26,
2016-09-24,9573385117.5,1085651020.86,6951583.99841,,,,261050169.451,24023578.9061,,,,,,,,,,,181526027.302,
2016-09-23,9575631548.62,1123430817.74,6951583.99841,,,,255679254.161,23816393.4894,,,,,,,,,,,181843127.49,
2016-09-22,9470698214.62,1115922935.87,6951583.99841,,,,242632614.088,24147921.4213,,,,,,,,,,,179621929.806,
2016-09-21,9483211004.99,1159365902.45,6951507.53091,,,,242135482.538,24549348.099,,,,,,,,,,,183035890.88,
2016-09-20,9659269452.1,1214629780.18,6951583.99841,,,,240590584.953,24636521.1248,,,,,,,,,,,183063990.073,
2016-09-19,9672709263.54,1109717807.16,6951583.99841,,,,243179715.585,24987022.1392,,,,,,,,,,,182489373.214,
2016-09-18,9682008336.58,1045462817.11,6951055.6775,,,,242976896.807,25462906.4605,,,,,,,,,,,192536111.247,
2016-09-17,9619198525.06,1067645132.84,6951583.99841,,,,248852613.556,25075277.3246,,,,,,,,,,,181149424.421,
2016-09-16,9633710359.34,1055235486.66,6951583.99841,,,,264017926.777,26565160.1411,,,,,,,,,,,181129366.503,
2016-09-15,9635571707.58,1002844845.01,6951542.28886,,,,294409540.684,24727551.9375,,,,,,,,,,,181347917.077,
2016-09-14,9690463177.01,1001301306.4,6951590.95,,,,210537258.649,23910726.992,,,,,,,,,,,182256300.423,
2016-09-13,9666424847.94,1000535934.04,6951660.46591,,,,207878913.552,23879612.256,,,,,,,,,,,181702836.009,
2016-09-12,9649385919.48,998057810.215,6956457.06366,,,,208277647.658,23969778.7577,,,,,,,,,,,181721780.562,
2016-09-11,9624021892.48,976259355.847,6951590.95,,,,206330243.0,23981363.8629,,,,,,,,,,,183200108.727,
2016-09-10,9889124589.92,1020331771.3,6951590.95,,,,207309242.948,24102152.0206,,,,,,,,,,,188536390.081,
2016-09-09,9877681031.6,976718523.856,6951590.95,,,,207282048.505,24410792.383,,,,,,,,,,,188523825.238,
2016-09-08,9931412643.55,950629713.965,6951590.95,,,,208429512.73,24153959.2107,,,,,,,,,,,189337883.507,
2016-09-07,9743676239.81,967186182.081,6951590.95,,,,208100082.591,25637771.5295,,,,,,,,,,,188401192.442,
2016-09-06,9677437247.52,978635237.847,6951590.95,,,,208783816.091,25507260.0162,,,,,,,,,,,188465757.109,
2016-09-05,9615468144.84,980599518.242,6951591.0,,,,209501806.899,25019861.033,,,,,,,,,,,188734888.714,
2016-09-04,9646846465.46,977118527.241,6951591.0,,,,210268888.077,24926696.3374,,,,,,,,,,,190349808.06,
2016-09-03,9480380026.32,983336326.132,6951591.0,,,,210639714.614,25024976.8872,,,,,,,,,,,184333474.609,
2016-09-02,9120159588.88,1012583470.2,6951591.0,,,,210838195.103,24873060.5155,,,,,,,,,,,181233098.162,
2016-09-01,9067854883.5,1002322693.97,6951591.0,,,,211326273.458,24550252.9154,,,,,,,,,,,181532484.801,
2016-08-31,9117106216.7,975003119.29,6951591.0,,,,213816292.984,24877636.4867,,,,,,,,,,,179838040.415,
2016-08-30,9148340523.6,937596563.15,6951591.0,,,,214307058.663,24683950.9264,,,,,,,,,,,180094202.213,
2016-08-29,9093420855.11,916781160.508,6951591.0,,,,218036877.82,23844936.0594,,,,,,,,,,,177935747.866,
2016-08-28,9089312934.82,911883241.028,6951591.0,,,,212054159.696,24257422.4113,,,,,,,,,,,176944556.083,
2016-08-27,9025464112.14,929789646.032,6951591.0,,,,212477356.187,23707754.0784,,,,,,,,,,,176747461.904,
2016-08-26,9178145243.32,941701926.491,6951591.0,,,,214449665.212,24450610.7466,,,,,,,,,,,180931925.102,
2016-08-25,9147297035.52,946508889.646,6951591.0,,,,216190105.234,24262143.0773,,,,,,,,,,,179729187.945,
2016-08-24,9184728960.5,919368975.499,6951591.0,,,,215204244.114,24422190.6274,,,,,,,,,,,182180234.499,
2016-08-23,9234845697.42,918563334.329,6951591.0,,,,214062701.551,24032039.9069,,,,,,,,,,,185700968.107,
2016-08-22,9286647693.55,925725247.441,6951591.0,,,,213377776.013,24209422.4334,,,,,,,,,,,172727376.599,
2016-08-21,9199366516.7,930217061.1,6951591.0,,,,215211000.908,24475340.9989,,,,,,,,,,,170678857.523,
2016-08-20,9204384754.4,935523907.579,6951591.0,,,,217425095.611,25171148.6502,,,,,,,,,,,170646854.679,
2016-08-19,9107313927.36,893697474.164,6951591.0,,,,217618197.671,24587919.3936,,,,,,,,,,,170051072.958,
2016-08-18,9085487924.62,893970119.488,6951591.0,,,,217700346.061,26112450.9009,,,,,,,,,,,170136593.469,
2016-08-17,9066995409.02,893343056.118,6951591.0,,,,217221263.997,26090124.4936,,,,,,,,,,,169725129.494,
2016-08-16,9132941526.43,925130735.406,6951591.0,,,,218332808.543,27295793.7669,,,,,,,,,,,171483591.337,
2016-08-15,8970719083.2,931306989.223,6951584.04841,,,,214946615.735,25174764.259,,,,,,,,,,,168576527.789,
2016-08-14,9020848474.94,928985641.731,6951584.04841,,,,213138489.049,25850681.4192,,,,,,,,,,,171973545.55,
2016-08-13,9258715471.54,959859185.554,6951584.04841,,,,216632778.32,25209671.0958,,,,,,,,,,,174946590.989,
2016-08-12,9288722581.24,976670290.455,6687833.73428,,,,217713387.366,25241969.7677,,,,,,,,,,,174651700.289,
2016-08-11,9312340020.48,969030730.876,6690037.38862,,,,220083686.774,24803095.4533,,,,,,,,,,,176141057.611,
2016-08-10,9358441335.08,1006130317.88,6767790.93396,,,,220257618.537,25191713.9429,,,,,,,,,,,175156255.457,
2016-08-09,9289374234.8,1014113083.85,6948511.44519,,,,219145367.949,24960568.1898,,,,,,,,,,,176860441.848,
2016-08-08,9339910962.91,931013385.467,6948511.44519,,,,214299539.619,24989484.0469,,,,,,,,,,,178015043.393,
2016-08-07,9364710626.88,903026897.053,6948511.44519,,,,219668424.412,27818992.4142,,,,,,,,,,,177717112.115,
2016-08-06,9286055404.13,900151687.913,6948511.44519,,,,225316083.008,24401224.1338,,,,,,,,,,,176719451.537,
2016-08-05,9083715053.11,903471434.653,6950430.0843,,,,229249140.475,22970239.9677,,,,,,,,,,,175202900.547,
2016-08-04,9133817994.68,912823134.621,6951563.19364,,,,206790425.835,22633986.6512,,,,,,,,,,,176057496.653,
2016-08-03,8944279139.34,850578647.472,6951563.19364,,,,200710744.696,22573027.9614,,,,,,,,,,,174629765.831,
2016-08-02,8644864334.94,725809584.347,6951556.24205,,,,202266418.72,21683042.4718,,,,,,,,,,,170835349.413,
2016-08-01,9572348580.1,903408507.185,6951584.04841,,,,209968356.044,23509715.5028,,,,,,,,,,,181284625.265,
2016-07-31,9861866432.96,980174931.477,6951333.79113,,,,211342368.864,24291483.6955,,,,,,,,,,,188282593.553,
2016-07-30,10340045284.2,1028064458.95,6951660.51591,,,,217588528.051,25146474.7592,,,,,,,,,,,190468950.401,
2016-07-29,10369809305.9,1055182413.43,6952147.12728,,,,217239070.198,25028619.337,,,,,,,,,,,191144492.228,
2016-07-28,10337749269.3,1058813508.68,6951591.0,,,,212363013.317,25076243.5612,,,,,,,,,,,185939720.503,
2016-07-27,10325917978.9,1069044527.36,6951591.0,,,,212199157.254,24962986.7761,,,,,,,,,,,185328221.746,
2016-07-26,10284392843.4,987619811.845,6951591.0,,,,213216246.836,25253906.4287,,,,,,,,,,,185941343.717,
2016-07-25,10319876748.9,1139304847.73,6951584.04841,,,,222056856.322,25849968.9622,,,,,,,,,,,188779323.516,
2016-07-24,10432244355.1,1049423539.09,6951591.0,,,,223450777.417,26220813.9959,,,,,,,,,,,190529253.139,
2016-07-23,10340881944.1,1176571489.58,6951591.0,,,,224560297.371,26392088.9634,,,,,,,,,,,189829177.155,
2016-07-22,10261989674.1,1205898352.73,6951591.0,,,,224070060.903,24971330.1469,,,,,,,,,,,188900219.01,
2016-07-21,10487976073.3,1040082090.36,6951591.0,,,,228101447.085,24996553.2532,,,,,,,,,,,192676805.126,
2016-07-20,10497527595.7,1023222623.52,6951591.0,,,,226619152.228,25629902.9751,,,,,,,,,,,192847706.91,
2016-07-19,10609525767.2,954516828.363,6951660.51591,,,,226990899.55,25795840.518,,,,,,,,,,,193918893.625,
2016-07-18,10612299585.4,906133047.388,6951591.0,,,,229706533.231,26552995.5993,,,,,,,,,,,193816056.211,
2016-07-17,10711263459.6,915977475.403,6951591.0,,,,231694973.865,27676727.8477,,,,,,,,,,,195701085.672,
2016-07-16,10415413843.4,956165957.941,6951591.0,,,,232898102.711,27570842.9064,,,,,,,,,,,192963678.358,
2016-07-15,10453381649.6,980299532.457,6951591.0,,,,228293609.9,27774110.8398,,,,,,,,,,,194164042.042,
2016-07-14,10370714377.5,943973546.641,6951591.0,,,,226270439.773,27562656.2701,,,,,,,,,,,193579191.752,
2016-07-13,10312716681.1,860607720.156,6951591.0,,,,226589948.053,27605693.9282,,,,,,,,,,,193052821.773,
2016-07-12,10470577835.3,861548336.654,6951591.0,,,,224435257.604,27914067.7311,,,,,,,,,,,193673590.127,
2016-07-11,10203318330.2,856538033.824,5952543.25456,,,,230947046.013,28053065.1497,,,,,,,,,,,190439126.054,
2016-07-10,10229001841.0,896201853.31,5951585.04841,,,,235903258.197,28604049.8721,,,,,,,,,,,191042870.794,
2016-07-09,10252979329.9,897316511.546,5951585.04841,,,,236078574.218,28409945.3422,,,,,,,,,,,193929348.258,
2016-07-08,10496037616.4,932056895.885,5951585.04841,,,,237363753.758,29155454.6054,,,,,,,,,,,196522598.092,
2016-07-07,10084880015.6,826607192.575,5951537.43568,,,,233226861.203,28852070.8531,,,,,,,,,,,191449458.654,
2016-07-06,10661460872.4,860571470.405,5951591.0,,,,236487527.114,29807880.0719,,,,,,,,,,,207987170.358,
2016-07-05,10553590036.3,866971679.599,5951591.0,,,,236777717.543,30186186.8994,,,,,,,,,,,207183863.419,
2016-07-04,10756225161.5,936840409.548,5951591.0,,,,248400533.494,30390261.5866,,,,,,,,,,,211223465.063,
2016-07-03,10360455388.0,956815986.213,5951591.0,,,,233547095.708,29637410.4518,,,,,,,,,,,197792783.246,
2016-07-02,11066171356.3,989751702.181,5951591.0,,,,236791502.472,32158910.5403,,,,,,,,,,,213377826.925,
2016-07-01,10632674989.8,995164390.365,5951591.0,,,,239883568.097,31711907.7567,,,,,,,,,,,197787392.687,
2016-06-30,10583527799.4,1016130567.0,5951591.0,,,,235302730.134,31941861.9775,,,,,,,,,,,194823947.234,
2016-06-29,10055423427.0,1027934139.83,5951591.0,,,,239546446.323,31053958.6385,,,,,,,,,,,188651393.628,
2016-06-28,10164806260.6,992040074.733,5951591.0,,,,239386682.477,31621229.6293,,,,,,,,,,,190391815.918,
2016-06-27,10292371661.2,1130782776.69,5951299.37204,,,,226160922.349,30227874.7123,,,,,,,,,,,191220280.34,
2016-06-26,9883123076.92,1127593039.55,5951650.51591,,,,226212527.485,29890362.3516,,,,,,,,,,,189041380.549,
2016-06-25,10442165050.8,1162367709.05,5951650.51591,,,,225170414.791,29756219.8444,,,,,,,,,,,196352028.195,
2016-06-24,10442233719.4,1165908840.19,5951650.51591,,,,225877145.413,29512589.3671,,,,,,,,,,,198430109.068,
2016-06-23,9791649876.52,1112111665.09,5951591.0,,,,224010084.584,29357682.6401,,,,,,,,,,,178501561.849,
2016-06-22,9352374506.6,1064441460.9,5951591.0,,,,228021210.941,27865292.5737,,,,,,,,,,,181241689.19,
2016-06-21,10456853277.5,1081206507.33,5951591.0,,,,216679465.912,32214517.913,,,,,,,,,,,223395058.134,
2016-06-20,11561085978.8,961613933.897,5951591.0,,,,232628827.773,33886192.2271,,,,,,,,,,,245221788.216,
2016-06-19,11974386667.3,993283674.21,5951585.04841,,,,239176179.67,35437219.6807,,,,,,,,,,,259003907.058,
2016-06-18,11852610450.4,919553124.606,5951585.04841,,,,231856093.496,33996989.7369,,,,,,,,,,,257349380.924,
2016-06-17,11734973407.3,1247381861.78,5951585.04841,,,,234987756.262,33657261.8867,,,,,,,,,,,258801587.997,
2016-06-16,12004751235.6,1669490449.85,5951585.04841,,,,234389861.454,35067089.9491,,,,,,,,,,,261843668.834,
2016-06-15,10876756116.3,1487730474.69,5951591.0,,,,240130134.851,32751041.6562,,,,,,,,,,,242293065.842,
2016-06-14,10734585655.9,1530808957.74,5951591.0,,,,247748592.627,33492851.2903,,,,,,,,,,,240563636.368,
2016-06-13,11026918233.0,1425681022.67,2951591.0,,,,203072051.006,31195670.1873,,,,,,,,,,,244477993.129,
2016-06-12,10529624646.8,1274609696.64,2951591.0,,,,204052209.585,28298546.1638,,,,,,,,,,,246401134.842,
2016-06-11,9493578714.4,1148494818.34,2951591.0,,,,201050364.97,26465644.7568,,,,,,,,,,,231560017.218,
2016-06-10,9033522014.25,1125141726.09,2951591.0,,,,200010580.949,27269930.7698,,,,,,,,,,,223452157.43,
2016-06-09,8987040811.0,1164331164.82,2951591.0,,,,201804574.507,27772489.3648,,,,,,,,,,,216606383.073,
2016-06-08,9094354020.88,1165411416.45,2951591.0,,,,201207622.715,25712345.0177,,,,,,,,,,,219076889.295,
2016-06-07,9013335474.15,1172565099.45,2951591.0,,,,201527717.192,25070404.6675,,,,,,,,,,,220048177.689,
2016-06-06,9151021089.23,1125426016.73,2951591.0,,,,201165431.613,24646841.8635,,,,,,,,,,,228662161.962,
2016-06-05,8983555643.4,1128276671.71,2951591.0,,,,202093287.173,24756834.3628,,,,,,,,,,,221840383.125,
2016-06-04,8945981421.82,1108902326.48,2951591.0,,,,201547243.653,24747173.1361,,,,,,,,,,,221548598.745,
2016-06-03,8889102698.0,1117035879.01,2951591.0,,,,203165499.066,24889935.5978,,,,,,,,,,,223913540.097,
2016-06-02,8399598923.4,1107823663.33,2951591.0,,,,201039206.993,24103582.8727,,,,,,,,,,,217123932.121,
2016-06-01,8381321200.0,1128621280.24,2951591.0,,,,202565757.78,24426563.1401,,,,,,,,,,,218259776.701,
2016-05-31,8293035755.05,1134278934.03,1951591.0,,,,198966263.999,24183048.4195,,,,,,,,,,,214037925.279,
2016-05-30,8330000111.4,1024940354.04,1951591.0,,,,200431445.91,24926005.5943,,,,,,,,,,,214927636.083,
2016-05-29,8209050618.45,994349366.986,1951591.0,,,,197443897.454,24869503.7975,,,,,,,,,,,212056238.791,
2016-05-28,8266477338.0,957134590.162,1951591.0,,,,198112330.039,24750004.2913,,,,,,,,,,,216179930.345,
2016-05-27,7382558439.6,908715670.953,1951591.0,,,,198026901.774,24009849.2906,,,,,,,,,,,206943475.27,
2016-05-26,7067871183.6,999589701.576,1951591.0,,,,197668451.749,23838700.1507,,,,,,,,,,,187628590.73,
2016-05-25,7007360094.2,1006875563.82,1951591.0,,,,200702724.236,23434949.931,,,,,,,,,,,185880078.352,
2016-05-24,6949432035.35,1023046506.41,1951630.03182,,,,207881487.964,23427874.5725,,,,,,,,,,,181491031.72,
2016-05-23,6919346394.62,1081207347.23,1951591.0,,,,206042165.122,23516070.0603,,,,,,,,,,,182201134.783,
2016-05-22,6842082300.45,1146979483.67,1951591.0,,,,206990941.89,23430312.0253,,,,,,,,,,,180377458.836,
2016-05-21,6900237725.4,1124761560.11,1951591.0,,,,208852929.374,23645263.3669,,,,,,,,,,,181461170.0,
2016-05-20,6890716749.8,1093879432.92,1951591.0,,,,212133374.737,23791932.3443,,,,,,,,,,,178034546.337,
2016-05-19,6827425412.38,1184385765.1,1951591.0,,,,210333802.19,23504368.6508,,,,,,,,,,,175796777.997,
2016-05-18,7073564772.18,1086834953.88,1951591.0,,,,210201301.208,23797083.8511,,,,,,,,,,,183530327.565,
2016-05-17,7058821456.5,977439936.029,1951591.0,,,,210021030.136,23597336.7967,,,,,,,,,,,182548346.042,
2016-05-16,7063120267.85,894750992.03,1951591.0,,,,209976746.913,23899556.742,,,,,,,,,,,183559577.098,
2016-05-15,7114461730.4,797607882.625,1951591.0,,,,211328954.302,24094648.5301,,,,,,,,,,,186088259.53,
2016-05-14,7083394303.22,819487227.993,1958577.69578,,,,211772135.218,24145165.3721,,,,,,,,,,,183599238.326,
2016-05-13,7081726954.5,840514936.018,1957953.18666,,,,213027756.366,24607677.3112,,,,,,,,,,,179678966.856,
2016-05-12,7065960832.45,804287196.013,1951591.0,,,,215037238.363,24551941.8234,,,,,,,,,,,176471070.187,
2016-05-11,7032699388.4,799045672.821,1951591.0,,,,215784822.851,23368956.8439,,,,,,,,,,,177585322.171,
2016-05-10,7002714976.5,748013845.869,1951591.0,,,,218711351.118,22927064.2785,,,,,,,,,,,174641236.176,
2016-05-09,7149827444.4,742621898.652,1951591.0,,,,223117706.141,23309797.9441,,,,,,,,,,,185430676.444,
2016-05-08,7117822793.7,757112769.34,1951591.0,,,,223293444.286,23175374.6271,,,,,,,,,,,179970541.081,
2016-05-07,7115722135.6,747838842.426,1951591.0,,,,226283433.55,23220460.8463,,,,,,,,,,,180613960.703,
2016-05-06,7130556703.8,745638475.904,1951591.0,,,,223110035.032,23406962.4072,,,,,,,,,,,174553761.38,
2016-05-05,6948331748.0,783576042.275,1951591.0,,,,215932317.365,23040593.0029,,,,,,,,,,,169555640.224,
2016-05-04,6927161701.3,750396087.199,1951591.0,,,,220466989.129,23461215.6597,,,,,,,,,,,171003780.813,
2016-05-03,6980826502.4,741932869.154,1951591.0,,,,228738537.271,23708582.1362,,,,,,,,,,,170686504.767,
2016-05-02,6891791430.3,809492236.116,1951591.0,,,,234112149.463,23850661.2209,,,,,,,,,,,167873296.438,
2016-05-01,7001712750.0,704335724.696,1951591.0,,,,236803662.83,23547369.5201,,,,,,,,,,,168960180.947,
2016-04-30,6944860514.15,701473016.639,1951591.0,,,,237520562.88,23484893.01,,,,,,,,,,,166838033.787,
2016-04-29,7048201013.25,593261113.86,1951591.0,,,,235687516.401,23560398.4737,,,,,,,,,,,173795576.298,
2016-04-28,6952183241.58,570380061.149,1951591.0,,,,233146635.728,23689092.8952,,,,,,,,,,,172599518.05,
2016-04-27,6883732525.65,616849025.588,1451591.0,,,,234481408.778,23287442.7514,,,,,,,,,,,177156360.1,
2016-04-26,7213507974.07,587763649.591,1451591.0,,,,247401300.579,23941322.9178,,,,,,,,,,,184202446.479,
2016-04-25,7139621426.7,600026226.343,1451591.0,,,,253951033.329,23662860.9444,,,,,,,,,,,173490344.783,
2016-04-24,7093731211.25,635274078.405,1451591.0,,,,252846393.564,23587050.0336,,,,,,,,,,,165243093.717,
2016-04-23,6964275295.95,658310821.765,1451591.0,,,,256160661.547,23262923.4393,,,,,,,,,,,151665120.583,
2016-04-22,6892364370.45,620481616.002,1451591.0,,,,253977882.212,23269909.18,,,,,,,,,,,150927957.46,
2016-04-21,6947795902.5,642511136.687,1451591.0,,,,259194585.347,23553289.6015,,,,,,,,,,,152119483.714,
2016-04-20,6821898724.23,671081004.198,1451591.0,,,,252591503.517,23520402.1502,,,,,,,,,,,148983032.236,
2016-04-19,6729223762.6,690548723.493,1451591.0,,,,248207115.762,23045881.7436,,,,,,,,,,,149242320.133,
2016-04-18,6620723761.15,715710192.647,1451591.0,,,,243625022.593,23351108.0093,,,,,,,,,,,147159156.105,
2016-04-17,6600878375.7,737045140.416,1451591.0,,,,226618870.246,23544140.1563,,,,,,,,,,,147898852.331,
2016-04-16,6648182380.2,681383665.851,1451591.0,,,,226997195.418,23925185.7793,,,,,,,,,,,148581587.763,
2016-04-15,6633436609.7,652099781.101,1451591.0,,,,221235183.662,24173324.1944,,,,,,,,,,,148766668.585,
2016-04-14,6548113818.8,663262433.599,1451591.0,,,,216578224.391,23916934.0536,,,,,,,,,,,146942395.995,
2016-04-13,6537929599.55,635899506.815,1451591.0,,,,196124040.982,24363891.165,,,,,,,,,,,146862628.559,
2016-04-12,6558651417.75,588069233.928,1451591.0,,,,202681392.299,23819290.6131,,,,,,,,,,,147655947.914,
2016-04-11,6515321584.5,682735835.128,1451389.22885,,,,208301290.346,22261051.6744,,,,,,,,,,,146900568.054,
2016-04-10,6499536743.7,705565729.9,1451591.0,,,,204468477.173,21208836.5266,,,,,,,,,,,146184990.188,
2016-04-09,6464539022.12,722193576.139,1451591.0,,,,216544817.717,21569659.4023,,,,,,,,,,,145650686.123,
2016-04-08,6477294354.43,766797893.055,1451591.0,,,,229740454.048,21907035.8911,,,,,,,,,,,145793622.019,
2016-04-07,6512693215.12,794097553.995,1451620.03182,,,,236790984.31,21978222.7448,,,,,,,,,,,146888054.821,
2016-04-06,6521491708.6,842318789.192,1451620.03182,,,,251279493.374,22471696.6901,,,,,,,,,,,147322045.142,
2016-04-05,6529351749.75,822498173.198,1451591.0,,,,257409790.3,22185355.2361,,,,,,,,,,,147078961.613,
2016-04-04,6487898585.8,878817014.841,1451591.0,,,,257993201.704,22791590.9849,,,,,,,,,,,146984044.56,
2016-04-03,6477828308.6,914757198.586,1451591.0,,,,258390982.206,22952773.6534,,,,,,,,,,,147483988.071,
2016-04-02,6475857110.93,912861403.635,1451591.0,,,,258343799.584,23435669.9316,,,,,,,,,,,147408311.892,
2016-04-01,6429593619.0,917590806.482,1451591.0,,,,255468414.807,23257020.0284,,,,,,,,,,,146360613.949,
2016-03-31,6409062819.05,896764774.204,1451591.0,,,,254561613.02,24159337.5953,,,,,,,,,,,147087412.039,
2016-03-30,6378356001.6,939593767.134,1451591.0,,,,252508307.949,24261323.1184,,,,,,,,,,,145343004.56,
2016-03-29,6402954687.4,915917612.37,1451591.0,,,,260561382.837,26375785.2796,,,,,,,,,,,145609599.964,
2016-03-28,6519889575.48,916272915.524,1451591.0,,,,260490436.704,22325378.9491,,,,,,,,,,,147265577.9,
2016-03-27,6557030842.5,818048966.556,1451591.0,,,,276504976.425,22380383.2477,,,,,,,,,,,149001613.786,
2016-03-26,6420042696.38,861261382.598,1451591.0,,,,277778218.432,22030852.6275,,,,,,,,,,,145662124.419,
2016-03-25,6406608047.85,842804288.762,1451591.0,,,,282099733.366,22227299.0036,,,,,,,,,,,145548073.524,
2016-03-24,6393094869.15,881027910.325,1451550.35545,,,,283450809.48,22093862.6038,,,,,,,,,,,145309419.58,
2016-03-23,6416845741.8,973296474.834,1451589.54841,,,,286936468.76,21947507.9659,,,,,,,,,,,146080441.988,
2016-03-22,6416025150.68,883434496.788,1451589.54841,,,,279308037.474,22463611.2762,,,,,,,,,,,145667370.293,
2016-03-21,6341110984.12,928428769.976,1451589.54841,,,,277140392.033,21972941.475,,,,,,,,,,,144097529.675,
2016-03-20,6346546569.5,807256576.984,1451588.09682,,,,274132069.356,22166771.5677,,,,,,,,,,,144255203.031,
2016-03-19,6294271612.1,823422649.589,1451593.09681,,,,276057258.11,22764552.6462,,,,,,,,,,,142981207.616,
2016-03-18,6279128503.8,859618881.218,1451593.09681,,,,279626261.876,21688162.697,,,,,,,,,,,142551747.933,
2016-03-17,6447467967.45,865792702.512,1451575.3228,,,,285388740.986,23059566.4827,,,,,,,,,,,148686780.496,
2016-03-16,6390672724.45,974447124.734,1451600.0,,,,281664757.803,23864535.608,,,,,,,,,,,148726141.416,
2016-03-15,6386304533.75,1012119266.35,1451600.0,,,,279058081.757,23956653.587,,,,,,,,,,,148514732.188,
2016-03-14,6378632900.75,968384041.306,1451591.2904,,,,289054880.071,24657385.4129,,,,,,,,,,,148364555.602,
2016-03-13,6340701564.5,1125287882.35,1451480.9688,,,,294382596.756,25315141.5139,,,,,,,,,,,148492589.566,
2016-03-12,6301963440.0,1051728777.62,1451447.582,,,,296599183.259,24481574.5687,,,,,,,,,,,147670026.96,
2016-03-11,6454555816.0,861012042.634,1451592.742,,,,300094176.313,24932011.3128,,,,,,,,,,,151865738.807,
2016-03-10,6383105414.4,877988473.297,1451591.2904,,,,279219331.437,24896183.3277,,,,,,,,,,,147465688.978,
2016-03-09,6346735710.0,923733301.053,1451447.582,,,,274645363.255,23786368.0077,,,,,,,,,,,147072987.473,
2016-03-08,6331422308.9,764269545.206,1451600.0,,,,271000711.407,22723173.5946,,,,,,,,,,,145878062.568,
2016-03-07,6335164892.48,741166643.185,1451597.0968,,,,269917986.286,24062589.9175,,,,,,,,,,,146439563.372,
2016-03-06,6232667872.38,882886756.081,1451597.0968,,,,267938672.038,22859335.6854,,,,,,,,,,,144323560.856,
2016-03-05,6122091566.5,853205226.207,1451600.0,,,,268564920.793,23111578.901,,,,,,,,,,,142955542.313,
2016-03-04,6279024638.3,806593727.418,1451600.0,,,,276000474.198,24647887.4638,,,,,,,,,,,145508900.47,
2016-03-03,6441066887.07,720179290.998,1451598.5484,,,,278236492.481,25315065.2581,,,,,,,,,,,148741680.79,
2016-03-02,6475329603.6,655748795.66,1451544.8392,,,,273755592.296,25214861.3893,,,,,,,,,,,150550493.822,
2016-03-01,6643686403.57,592677992.715,1451586.9356,,,,272919684.866,25694821.5835,,,,,,,,,,,153541990.18,
2016-02-29,6681444705.0,490556569.934,1451629.032,,,,270086735.951,25795284.9122,,,,,,,,,,,154086523.365,
2016-02-28,6615986321.6,500569665.248,1451600.0,,,,268939238.231,26276132.7048,,,,,,,,,,,153848564.466,
2016-02-27,6599515470.68,497119697.839,1451600.0,,,,271780028.04,26325884.946,,,,,,,,,,,152504034.697,
2016-02-26,6592327506.8,457966534.807,1451600.0,,,,274701613.143,26772059.4057,,,,,,,,,,,152624340.084,
2016-02-25,6474784225.6,471975063.749,1451600.0,,,,273659115.215,27810681.8924,,,,,,,,,,,150285616.616,
2016-02-24,6479395123.75,481995066.499,1451373.5504,,,,275320702.821,28652959.1358,,,,,,,,,,,150654791.188,
2016-02-23,6413836323.2,431598156.705,1451600.0,,,,271693437.303,28880983.5174,,,,,,,,,,,151588514.6,
2016-02-22,6671673493.2,433798973.55,1451600.0,,,,274441840.932,29172776.2388,,,,,,,,,,,155408221.838,
2016-02-21,6686294224.5,359310563.072,1451600.0,,,,276146723.907,29460404.6442,,,,,,,,,,,154494927.189,
2016-02-20,6659985887.1,335088727.389,1451600.0,,,,281338077.226,30030700.2867,,,,,,,,,,,154161952.816,
2016-02-19,6408881658.38,365577845.264,1451600.0,,,,281070464.121,30621595.6318,,,,,,,,,,,144969128.573,
2016-02-18,6431547586.27,339328346.46,1451600.0,,,,272566503.75,28657170.608,,,,,,,,,,,144864866.154,
2016-02-17,6337628173.8,289721943.021,1451600.0,,,,277428198.633,28721124.8636,,,,,,,,,,,144357019.325,
2016-02-16,6201590433.6,332648533.401,1451614.516,,,,288097950.155,30070852.4342,,,,,,,,,,,142883821.283,
2016-02-15,6089064890.62,407524960.273,1451614.516,,,,294225778.885,30738910.1918,,,,,,,,,,,141654637.549,
2016-02-14,6194711494.75,403647764.301,1452891.924,,,,292842372.544,31030999.6785,,,,,,,,,,,142857613.594,
2016-02-13,5959279525.5,414729231.256,1451600.0,,,,281503758.715,30408797.9414,,,,,,,,,,,139212761.55,
2016-02-12,5842238586.25,427037697.198,1451600.0,,,,272024118.464,30990553.748,,,,,,,,,,,138377004.919,
2016-02-11,5770550973.0,462770854.833,1451600.0,,,,266426061.408,29863208.2839,,,,,,,,,,,136722154.011,
2016-02-10,5799042060.3,341305129.282,1451600.0,,,,267731058.814,30713629.5385,,,,,,,,,,,137549499.025,
2016-02-09,5712106127.4,311075408.079,1451600.0,,,,266434243.21,30070886.1712,,,,,,,,,,,136900625.972,
2016-02-08,5671240831.4,244479014.282,1451600.0,,,,272413776.781,29553358.7229,,,,,,,,,,,135996337.57,
2016-02-07,5718023734.5,227838892.268,1451600.0,,,,282831190.996,29359857.2827,,,,,,,,,,,137008440.024,
2016-02-06,5714879155.15,194733892.102,1451600.0,,,,268722771.46,31526280.0683,,,,,,,,,,,137541206.342,
2016-02-05,5865136968.17,195018591.758,1451600.0,,,,246331044.515,31456869.1463,,,,,,,,,,,139198718.149,
2016-02-04,5909517629.6,197953036.73,1451600.0,,,,236439242.276,29549117.0121,,,,,,,,,,,140277540.782,
2016-02-03,5609971377.07,194099729.616,1451600.0,,,,233457658.651,27288863.2518,,,,,,,,,,,135123740.871,
2016-02-02,5676528706.8,187200921.735,1451600.0,,,,229580921.534,26996413.1091,,,,,,,,,,,136331472.262,
2016-02-01,5653747617.6,169654870.547,1451555.0004,,,,221895966.061,27810885.0763,,,,,,,,,,,136343189.585,
2016-01-31,5587253351.23,176834423.908,1451598.5484,,,,217061662.326,28502888.1994,,,,,,,,,,,135182678.318,
2016-01-30,5729296095.75,187435391.2,1451600.0,,,,225029172.881,26543412.378,,,,,,,,,,,136414737.029,
2016-01-29,5745985821.15,191198054.823,1451568.0648,,,,231998412.603,32549478.2402,,,,,,,,,,,137730285.46,
2016-01-28,5756710302.52,193551355.741,1451598.5484,,,,211185669.933,35397456.7185,,,,,,,,,,,138078852.354,
2016-01-27,5977545745.2,182923579.832,1451600.0,,,,220680606.092,46802273.7653,,,,,,,,,,,145437274.532,
2016-01-26,5933372928.25,174275655.892,1451600.0,,,,183813443.287,36635917.9284,,,,,,,,,,,139521750.44,
2016-01-25,5925345407.5,191276219.779,1451614.516,,,,174168240.741,21768547.3044,,,,,,,,,,,138255166.168,
2016-01-24,6093787907.65,163819883.503,1451614.516,,,,175044643.238,19860133.0774,,,,,,,,,,,140583334.328,
2016-01-23,5858059876.18,150874911.801,1451817.74,,,,171714710.827,17713645.8052,,,,,,,,,,,137112128.118,
2016-01-22,5780764155.1,114784064.878,1451701.612,,,,171522876.67,17291503.2714,,,,,,,,,,,135880630.514,
2016-01-21,6198658814.55,118743868.997,1451600.0,,,,178169997.265,16776199.4677,,,,,,,,,,,142203147.433,
2016-01-20,6347836793.75,117043471.825,1451600.0,,,,180460604.412,17265678.9845,,,,,,,,,,,149562676.213,
2016-01-19,5740934168.2,104750745.916,1451600.0,,,,176766120.029,15215238.5374,,,,,,,,,,,133140837.592,
2016-01-18,5845656048.0,108912541.749,1451600.0,,,,178621411.206,15528526.9335,,,,,,,,,,,134488704.805,
2016-01-17,5770478450.85,101329330.108,1451600.0,,,,176601451.199,15626966.3381,,,,,,,,,,,133437978.99,
2016-01-16,5848063566.0,93117298.0889,1452195.156,,,,171445069.809,15919999.8389,,,,,,,,,,,136073727.08,
2016-01-15,5496598039.07,92149709.3458,1451600.0,,,,175378340.765,15313259.3473,,,,,,,,,,,132055745.609,
2016-01-14,6490638885.15,90714398.6816,1451600.0,,,,185440578.868,17949645.4137,,,,,,,,,,,152683622.069,
2016-01-13,6520360056.22,85775571.842,1452253.22,,,,194303853.493,18178710.822,,,,,,,,,,,153077222.499,
2016-01-12,6568800099.75,86951445.9199,1451600.0,,,,196340917.595,18450695.7618,,,,,,,,,,,153806460.058,
2016-01-11,6758931030.0,80874514.4822,1451600.0,,,,197691805.675,17516805.4706,,,,,,,,,,,156518392.103,
2016-01-10,6750440385.75,76097646.3736,1451600.0,,,,199751004.487,17113857.0127,,,,,,,,,,,155590551.151,
2016-01-09,6742767342.9,75128312.2368,1451600.0,,,,200621636.428,18446998.2945,,,,,,,,,,,156586451.031,
2016-01-08,6825700453.75,75099809.2333,1451600.0,,,,198988027.729,16237239.695,,,,,,,,,,,156901050.98,
2016-01-07,6896279078.4,71667152.1174,1451600.0,,,,202538636.495,14281915.1568,,,,,,,,,,,158399546.775,
2016-01-06,6458942098.12,72317149.0648,1451600.0,,,,201334977.775,13795949.0054,,,,,,,,,,,151734838.984,
2016-01-05,6500393256.0,72240974.3365,951837.9,,,,202711354.31,14057808.1767,,,,,,,,,,,152390642.658,
2016-01-04,6515713340.43,72543706.6191,951600.0,,,,199807682.761,14725942.0345,,,,,,,,,,,153467941.876,
2016-01-03,6467429941.65,73843291.6659,951600.0,,,,201799471.318,14940643.0263,,,,,,,,,,,152873557.127,
2016-01-02,6517390487.0,71176658.0546,951600.0,,,,203395182.71,15449385.7611,,,,,,,,,,,153658444.964,
2016-01-01,6529299588.6,71980386.4556,951600.0,,,,199716460.924,15821193.3235,,,,,,,,,,,153910742.144,
2015-12-31,6471217490.68,70858022.7546,951600.0,,,,202579216.797,15472014.283,,,,,,,,,,,152598617.695,
2015-12-30,6410381454.5,69196765.2956,951600.0,,,,207320069.306,15630435.3969,,,,,,,,,,,151627719.635,
2015-12-29,6504194853.98,66222901.1746,951600.0,,,,210089591.095,15923815.3854,,,,,,,,,,,153381167.422,
2015-12-28,6341733237.12,64074279.0576,951600.0,,,,212634412.038,14206757.898,,,,,,,,,,,151833379.816,
2015-12-27,6348296233.72,64913918.9664,951600.0,,,,212734353.609,14837686.3621,,,,,,,,,,,152353811.333,
2015-12-26,6262844602.3,64758910.1167,951600.0,,,,207055123.53,14228288.572,,,,,,,,,,,149914808.369,
2015-12-25,6836936569.1,65931377.2101,951600.0,,,,217541274.874,15056808.5806,,,,,,,,,,,158629519.205,
2015-12-24,6825070740.25,65371538.3467,951600.0,,,,200241321.859,15083426.2281,,,,,,,,,,,159415199.451,
2015-12-23,6634776277.2,64957356.0518,951600.0,,,,201945023.808,15037752.5977,,,,,,,,,,,156474316.312,
2015-12-22,6545633139.0,65398931.8457,951410.6316,,,,207692334.889,14555179.986,,,,,,,,,,,149494279.04,
2015-12-21,6574990256.48,68143245.5305,951470.5824,,,,210237491.206,14602716.7996,,,,,,,,,,,151159142.869,
2015-12-20,6633988873.0,68356312.6153,951600.0,,,,209113986.968,14662211.6779,,,,,,,,,,,154493031.515,
2015-12-19,6926346391.3,68650438.889,951600.0,,,,210998120.343,15619193.7779,,,,,,,,,,,162502303.252,
2015-12-18,6943912953.6,69538662.8935,951600.0,,,,214187866.255,15868164.6952,,,,,,,,,,,164031261.136,
2015-12-17,6829095334.95,71069937.5023,951600.0,,,,224510019.518,15852617.7416,,,,,,,,,,,163234022.258,
2015-12-16,6810202753.1,74858728.6464,951600.0,,,,226552114.235,15345382.9886,,,,,,,,,,,161388172.185,
2015-12-15,6963784691.55,76568082.1105,951600.0,,,,224173638.995,15337100.7334,,,,,,,,,,,167218736.464,
2015-12-14,6645395797.45,74947759.9932,951600.0,,,,255361781.261,14829491.6969,,,,,,,,,,,157607760.208,
2015-12-13,6487293999.38,71894531.31,951600.0,,,,294425520.546,14659932.2519,,,,,,,,,,,158086733.277,
2015-12-12,6504325267.28,73686283.9156,951600.0,,,,286272233.524,14485643.1992,,,,,,,,,,,157145506.972,
2015-12-11,6755795193.0,70101842.4308,951600.0,,,,283078127.745,15316650.1614,,,,,,,,,,,167113979.957,
2015-12-10,6209105141.55,63342630.2743,951600.0,,,,283195173.41,14215037.9953,,,,,,,,,,,159544015.797,
2015-12-09,6238015413.3,59687098.3995,951676.128,,,,285840606.672,14541446.7957,,,,,,,,,,,159708786.755,
2015-12-08,6206381459.62,61922409.1097,951752.256,,,,227221521.536,13901969.0309,,,,,,,,,,,160430832.121,
2015-12-07,5905560136.4,61084950.7745,951600.0,,,,186466153.781,13611323.5258,,,,,,,,,,,158561623.436,
2015-12-06,5803305523.55,62889050.4198,951600.0,,,,179217036.14,13028403.6551,,,,,,,,,,,151031957.677,
2015-12-05,5804247032.1,64895497.4562,951600.0,,,,177794377.938,13302818.8233,,,,,,,,,,,153186011.804,
2015-12-04,5418154665.07,63189182.3029,951600.0,,,,159451745.915,13151422.0077,,,,,,,,,,,146097154.042,
2015-12-03,5384892776.2,61070307.4444,951600.0,,,,142943611.857,13136372.0744,,,,,,,,,,,146731879.888,
2015-12-02,5355891235.05,61730774.9273,951600.0,,,,139949724.594,13276846.2586,,,,,,,,,,,145149022.764,
2015-12-01,5403653927.0,65738066.7829,951593.3388,,,,137170476.947,12986531.104,,,,,,,,,,,149109560.291,
2015-11-30,5623195996.95,65589555.3727,451600.0,,,,140894138.903,13106191.6664,,,,,,,,,,,157141159.832,
2015-11-29,5531872176.6,65980041.5442,451600.0,,,,144183155.637,13291007.6351,,,,,,,,,,,159182008.474,
2015-11-28,5323252536.67,68742122.2709,451600.0,,,,142138377.924,13257496.5665,,,,,,,,,,,152741036.477,
2015-11-27,5331719785.65,65135634.9343,451600.0,,,,141779276.778,13558094.9126,,,,,,,,,,,155116408.924,
2015-11-26,5250750574.9,66330891.8546,451600.0,,,,142280267.136,13494465.6056,,,,,,,,,,,156352386.957,
2015-11-25,4884886821.6,64760707.3206,451600.0,,,,143159569.87,13306526.7146,,,,,,,,,,,144880674.24,
2015-11-24,4762244474.25,67487355.7273,451600.0,,,,140641687.155,13031888.8876,,,,,,,,,,,134592768.826,
2015-11-23,4805632296.0,70970606.3825,451600.0,,,,142181461.625,13256729.9008,,,,,,,,,,,135252006.503,
2015-11-22,4826466938.4,72523507.316,451600.0,,,,141487170.553,13039819.5993,,,,,,,,,,,135756075.35,
2015-11-21,4860628038.38,73107356.6545,451600.0,,,,140755081.399,13381451.6971,,,,,,,,,,,136300087.429,
2015-11-20,4786301542.05,69247997.803,451600.0,,,,140152964.595,13357825.1049,,,,,,,,,,,134758405.028,
2015-11-19,4846272452.18,71517342.4482,451600.0,,,,140000446.021,13265619.4248,,,,,,,,,,,135495997.509,
2015-11-18,4970560298.25,74320768.7669,451600.0,,,,141185780.589,13754847.8237,,,,,,,,,,,137695933.045,
2015-11-17,4976765823.9,75392161.9576,451600.0,,,,140926499.013,13495889.286,,,,,,,,,,,138360391.143,
2015-11-16,4911040460.65,69458010.7886,451600.0,,,,140396994.313,13345252.2663,,,,,,,,,,,137775422.756,
2015-11-15,4752464062.5,67745801.3686,451600.0,,,,138079706.678,12714354.7779,,,,,,,,,,,132390856.806,
2015-11-14,4940266781.45,66410517.6595,451600.0,,,,143484500.745,13192170.8411,,,,,,,,,,,137907833.162,
2015-11-13,4996160115.07,67529353.6689,451600.0,,,,148453290.627,13185784.1104,,,,,,,,,,,139218842.059,
2015-11-12,5015563455.8,66880152.2126,451600.0,,,,150545779.147,13272338.963,,,,,,,,,,,141446840.954,
2015-11-11,4612831323.0,59103443.2691,451600.0,,,,141370129.126,12711489.7842,,,,,,,,,,,128061359.108,
2015-11-10,4993021696.95,69717801.3674,451600.0,,,,146082289.93,12528522.5058,,,,,,,,,,,134303728.286,
2015-11-09,5635560842.8,74537425.595,451600.0,,,,152823942.451,13719665.039,,,,,,,,,,,146395546.471,
2015-11-08,5532072311.4,76614487.7911,451600.0,,,,154064647.893,13839458.6846,,,,,,,,,,,147313316.619,
2015-11-07,5725035162.4,69172170.7158,451600.0,,,,155645867.628,14705551.2451,,,,,,,,,,,155007057.519,
2015-11-06,5545657294.5,69004594.5381,451600.0,,,,151266263.627,14384813.2051,,,,,,,,,,,152766349.012,
2015-11-05,5720251076.65,66716645.436,451600.0,,,,149392606.104,14871363.0621,,,,,,,,,,,170517148.547,
2015-11-04,6092006971.38,66947929.5186,451600.0,,,,164036378.556,15163302.4654,,,,,,,,,,,182014883.655,
2015-11-03,5969855534.82,75434113.5622,451600.0,,,,178480219.052,15844939.8985,,,,,,,,,,,197420541.854,
2015-11-02,5343556482.15,73654327.4045,451600.0,,,,170957406.183,14973185.2956,,,,,,,,,,,179083663.388,
2015-11-01,4813287205.5,78530262.549,451600.0,,,,162511524.381,14362050.4816,,,,,,,,,,,170183326.338,
2015-10-31,4645486246.35,68163367.7987,451600.0,,,,155388906.987,13931363.8137,,,,,,,,,,,163466869.08,
2015-10-30,4849062145.75,77401817.2165,451600.0,,,,160443571.458,15328260.9308,,,,,,,,,,,174468897.783,
2015-10-29,4638392427.62,89668666.9263,451600.0,,,,153650858.371,14352192.2797,,,,,,,,,,,162409744.541,
2015-10-28,4500730950.0,74469863.8755,451600.0,,,,155011589.298,12794454.0919,,,,,,,,,,,133105313.473,
2015-10-27,4339689442.0,64580262.8964,451600.0,,,,154153838.102,11983442.4715,,,,,,,,,,,132794135.721,
2015-10-26,4213260472.5,54289124.0613,451600.0,,,,154999653.062,11787446.7904,,,,,,,,,,,133168903.639,
2015-10-25,4188180600.0,45716386.9461,451600.0,,,,151059368.866,11732819.3382,,,,,,,,,,,131469614.949,
2015-10-24,4157184874.6,41809763.8084,451600.0,,,,154574921.99,11578828.9422,,,,,,,,,,,132885528.487,
2015-10-23,4080023362.8,40020348.1806,451600.0,,,,155065302.361,11626684.0087,,,,,,,,,,,133341501.09,
2015-10-22,4042524307.5,42085191.5066,451600.0,,,,156609718.701,11948655.8352,,,,,,,,,,,133429069.108,
2015-10-21,3927192473.6,33150825.5038,451600.0,,,,155743346.89,11836826.7494,,,,,,,,,,,131693023.515,
2015-10-20,3973292564.18,32213626.1748,451600.0,,,,156864358.407,12023676.0174,,,,,,,,,,,132390759.288,
2015-10-19,3883581668.08,36215624.0027,451600.0,,,,167213406.76,12038506.2638,,,,,,,,,,,130435393.569,
2015-10-18,3856061828.62,38329701.7663,451600.0,,,,165079804.538,12062312.9184,,,,,,,,,,,129313854.384,
2015-10-17,3987684186.0,40496031.2139,451600.0,,,,172518400.629,12286958.248,,,,,,,,,,,131356974.362,
2015-10-16,3872283808.65,39691829.0675,451600.0,,,,178961978.807,12248249.844,,,,,,,,,,,132843983.826,
2015-10-15,3745440578.0,41556025.1831,451600.0,,,,179016354.995,12142550.3159,,,,,,,,,,,132694492.744,
2015-10-14,3710065545.62,38665409.2353,451600.0,,,,179651296.448,12204457.2632,,,,,,,,,,,134330328.63,
2015-10-13,3672589342.1,44911717.5497,451600.0,,,,178264372.114,12268858.2377,,,,,,,,,,,135803628.531,
2015-10-12,3609927997.2,46253823.0733,451600.0,,,,174407641.571,12058004.8125,,,,,,,,,,,133941139.901,
2015-10-11,3634686067.5,46897253.1371,451600.0,,,,168360595.345,12206138.829,,,,,,,,,,,134231126.473,
2015-10-10,3602763686.7,46356710.6017,451600.0,,,,163652073.658,12008791.4876,,,,,,,,,,,132520745.491,
2015-10-09,3586932175.7,48022036.4668,451600.0,,,,161881464.178,12048158.3195,,,,,,,,,,,132560236.673,
2015-10-08,3562238313.6,45872836.6492,451600.0,,,,163445448.405,12077435.8767,,,,,,,,,,,130644219.904,
2015-10-07,3571170510.45,44947526.8207,451600.0,,,,174626603.608,12246255.2321,,,,,,,,,,,130369710.671,
2015-10-06,3615828117.67,47974297.647,451600.0,,,,173102904.808,12291959.2404,,,,,,,,,,,134046065.468,
2015-10-05,3531508720.03,46336892.3718,451600.0,,,,162687172.712,11890996.4951,,,,,,,,,,,128465748.71,
2015-10-04,3499387367.17,49249082.5282,451600.0,,,,170115935.348,11991349.5338,,,,,,,,,,,128350199.338,
2015-10-03,3505385986.75,50616971.5371,451600.0,,,,179225964.784,12268488.2596,,,,,,,,,,,128973190.198,
2015-10-02,3483431578.38,49966501.6492,451600.0,,,,190642010.015,12414857.3794,,,,,,,,,,,127360317.269,
2015-10-01,3486370082.33,50805918.9432,451600.0,,,,177004743.313,12387858.0739,,,,,,,,,,,127686323.471,
2015-09-30,3463625759.0,54351468.2396,451600.0,,,,179340648.297,12460520.0689,,,,,,,,,,,127981294.797,
2015-09-29,3471967520.18,48633258.7786,451600.0,,,,181263302.774,12242555.9625,,,,,,,,,,,126245099.107,
2015-09-28,3506933730.3,42863006.0965,451600.0,,,,204464784.609,12584348.4668,,,,,,,,,,,130570525.335,
2015-09-27,3412467833.78,52990396.2203,451600.0,,,,212348707.59,12312037.1538,,,,,,,,,,,121956211.867,
2015-09-26,3434809257.5,57759115.3858,451600.0,,,,211215842.406,12466301.2235,,,,,,,,,,,122583594.927,
2015-09-25,3445723754.2,54085581.3072,451600.0,,,,216056591.259,12334615.5573,,,,,,,,,,,122796368.611,
2015-09-24,3435744311.95,59749887.5183,451600.0,,,,217986393.15,12523845.479,,,,,,,,,,,124331168.323,
2015-09-23,3372747846.3,65587498.9815,451600.0,,,,216639430.416,12490758.3437,,,,,,,,,,,121555729.776,
2015-09-22,3376737583.25,66180153.1012,451600.0,,,,232860812.311,12735504.8289,,,,,,,,,,,120626204.134,
2015-09-21,3324121324.12,67422915.0922,451600.0,,,,235432257.087,13123394.2317,,,,,,,,,,,118658299.103,
2015-09-20,3383764498.8,68822183.059,451600.0,,,,248113069.788,12739987.5247,,,,,,,,,,,120624329.369,
2015-09-19,3387141915.42,64687991.9997,451600.0,,,,243072843.096,12747120.7124,,,,,,,,,,,121733858.901,
2015-09-18,3408098085.0,62561883.0773,451600.0,,,,244604014.193,12783260.7672,,,,,,,,,,,125223442.991,
2015-09-17,3360247348.5,64046215.9505,451600.0,,,,239501085.184,12634807.9433,,,,,,,,,,,123039605.954,
2015-09-16,3349613965.58,66437873.289,451600.0,,,,241246678.713,12520733.8804,,,,,,,,,,,118619620.341,
2015-09-15,3366532053.6,69141408.7519,451600.0,,,,250794649.723,12700887.3828,,,,,,,,,,,119432753.453,
2015-09-14,3370579521.1,64084134.617,451600.0,,,,240544282.806,12606938.0,,,,,,,,,,,120298571.57,
2015-09-13,3367774557.2,68480586.7159,451600.0,,,,277183878.386,12702641.7462,,,,,,,,,,,119039669.149,
2015-09-12,3435801819.8,75971273.1522,451600.0,,,,266310711.768,12840337.7879,,,,,,,,,,,119404664.554,
2015-09-11,3506204486.22,71868264.5796,451600.0,,,,274338882.567,13202683.7917,,,,,,,,,,,124941551.633,
2015-09-10,3481466103.75,85202731.6627,451600.0,,,,248947043.097,12973041.3757,,,,,,,,,,,124556370.203,
2015-09-09,3475960738.6,88150124.7109,451600.0,,,,249441189.339,13080638.5527,,,,,,,,,,,123438211.058,
2015-09-08,3554439286.12,90743242.4997,451600.0,,,,254430084.6,13265307.9868,,,,,,,,,,,128602743.922,
2015-09-07,3498762116.33,91020734.5517,451600.0,,,,257233820.345,13122132.5673,,,,,,,,,,,128492846.422,
2015-09-06,3497748612.0,94580163.7911,451600.0,,,,256355013.254,13316968.0166,,,,,,,,,,,128537982.114,
2015-09-05,3426594646.43,97683882.5429,451600.0,,,,255366395.888,13107869.747,,,,,,,,,,,123074699.116,
2015-09-04,3356910009.75,92953700.9787,451600.0,,,,238951384.039,12618260.7343,,,,,,,,,,,113825967.961,
2015-09-03,3310618587.92,92234142.4838,451600.0,,,,241410094.597,12342259.1227,,,,,,,,,,,110922366.71,
2015-09-02,3340404203.4,94389544.2517,451600.0,,,,250163403.077,12714519.5009,,,,,,,,,,,117720412.36,
2015-09-01,3322548146.85,98507500.0511,451600.0,,,,253894678.283,12814597.064,,,,,,,,,,,118709337.555,
2015-08-31,3349845416.0,98963974.8992,451600.0,,,,256125971.11,12998993.4961,,,,,,,,,,,119593695.967,
2015-08-30,3330085315.05,96097349.1063,451600.0,,,,261545010.766,13009746.7501,,,,,,,,,,,119818260.739,
2015-08-29,3344063018.5,86113894.6912,451600.0,,,,251807633.275,13205590.3756,,,,,,,,,,,120962812.976,
2015-08-28,3366649822.8,86731076.6374,451600.0,,,,241477345.269,13345971.5507,,,,,,,,,,,122175739.386,
2015-08-27,3269360631.83,83524585.3858,451600.0,,,,245332400.698,13018719.2306,,,,,,,,,,,120446139.591,
2015-08-26,3284040047.77,84390923.5384,451600.0,,,,243400324.629,13403758.9771,,,,,,,,,,,123788367.073,
2015-08-25,3221751642.0,82922632.9052,451600.0,,,,231516123.753,12959248.5616,,,,,,,,,,,123359199.911,
2015-08-24,3059460627.0,89515256.5525,451600.0,,,,240320438.781,12847697.1139,,,,,,,,,,,125697355.033,
2015-08-23,3315466696.75,98300351.3461,451600.0,,,,240977210.611,13868028.0123,,,,,,,,,,,142380570.611,
2015-08-22,3346961926.25,100201825.662,451600.0,,,,246396239.927,13766834.6213,,,,,,,,,,,147179913.644,
2015-08-21,3377704243.05,101331855.597,451600.0,,,,251465551.518,14577584.3424,,,,,,,,,,,149335694.955,
2015-08-20,3417123138.75,106351420.178,451600.0,,,,251182203.58,13983908.4354,,,,,,,,,,,150905680.407,
2015-08-19,3290448603.3,91366391.4393,451600.0,,,,247561540.231,13177431.7592,,,,,,,,,,,145478986.016,
2015-08-18,3063104570.35,78868413.078,451600.0,,,,240968276.217,13475448.7268,,,,,,,,,,,145035996.247,
2015-08-17,3742748055.0,87295366.5007,451600.0,,,,264886926.486,15106110.7997,,,,,,,,,,,166412042.999,
2015-08-16,3749501856.15,94901005.3503,451600.0,,,,265314820.163,14863632.3756,,,,,,,,,,,164973939.493,
2015-08-15,3792757589.77,102303608.467,451600.0,,,,268681491.441,15574474.3408,,,,,,,,,,,163748446.102,
2015-08-14,3851715726.0,110672321.811,451600.0,,,,266013936.528,15862454.9409,,,,,,,,,,,167838472.6,
2015-08-13,3827588724.0,110607191.674,451600.0,,,,259964713.319,15719745.3171,,,,,,,,,,,161650154.706,
2015-08-12,3859888131.0,73645010.9863,451600.0,,,,263918821.031,16115117.2113,,,,,,,,,,,165915122.425,
2015-08-11,3917142818.85,64569288.4328,451600.0,,,,274114560.52,16454875.9749,,,,,,,,,,,173045226.807,
2015-08-10,3830352068.75,42818364.3945,451600.0,,,,279204612.669,16084069.1946,,,,,,,,,,,164169988.795,
2015-08-09,3838130129.93,42399573.4991,451600.0,,,,281048607.865,16260288.298,,,,,,,,,,,161969691.486,
2015-08-08,3778049023.65,45486894.2408,451600.0,,,,270458797.765,15905141.819,,,,,,,,,,,160042129.175,
2015-08-07,4045993358.62,166610555.018,451600.0,,,,260132552.3,16910185.3353,,,,,,,,,,,174598425.164,
2015-08-06,4030445071.57,,451600.0,,,,256049214.953,16925496.5599,,,,,,,,,,,168529186.973,
2015-08-05,4077254000.8,,451600.0,,,,262431563.442,17421219.5605,,,,,,,,,,,180198668.381,
2015-08-04,4124558889.35,,451600.0,,,,263927436.34,17656714.2444,,,,,,,,,,,181264735.261,
2015-08-03,4065895597.9,,451600.0,,,,264229291.238,17401839.6566,,,,,,,,,,,172210238.721,
2015-08-02,4084832102.5,,451600.0,,,,262606741.39,17321531.0031,,,,,,,,,,,172610027.81,
2015-08-01,4069120369.95,,451600.0,,,,262351792.063,17575873.3579,,,,,,,,,,,171588047.976,
2015-07-31,4112089481.25,,451600.0,,,,269207982.542,18492176.1791,,,,,,,,,,,191604921.012,
2015-07-30,4155381826.7,,451600.0,,,,270924343.532,18401114.9809,,,,,,,,,,,188865531.198,
2015-07-29,4181390010.0,,451600.0,,,,271820335.661,18516743.555,,,,,,,,,,,197797601.981,
2015-07-28,4250112630.4,,451600.0,,,,269583546.194,18910959.8687,,,,,,,,,,,208405880.177,
2015-07-27,4237522843.2,,451600.0,,,,273212186.681,18920504.3817,,,,,,,,,,,192321753.346,
2015-07-26,4222888242.3,,451600.0,,,,258947149.608,18777361.2838,,,,,,,,,,,191810924.248,
2015-07-25,4164295441.65,,451600.0,,,,251706780.168,18842416.7166,,,,,,,,,,,190428800.305,
2015-07-24,4157148933.75,,451600.0,,,,244301762.601,18845772.6538,,,,,,,,,,,189050587.633,
2015-07-23,3979625902.37,,451600.0,,,,238890391.337,17875303.1853,,,,,,,,,,,155356221.497,
2015-07-22,3995572963.8,,451600.0,,,,241821829.972,18425115.8493,,,,,,,,,,,156852117.644,
2015-07-21,3974491488.65,,451600.0,,,,246055137.511,17082382.2878,,,,,,,,,,,154382448.438,
2015-07-20,4018965413.38,,451600.0,,,,253622569.605,17396556.5158,,,,,,,,,,,161331555.659,
2015-07-19,3940581987.65,,451600.0,,,,258180387.114,16913543.0855,,,,,,,,,,,154157208.02,
2015-07-18,3958065833.15,,451600.0,,,,257171119.627,17729636.6749,,,,,,,,,,,163706197.755,
2015-07-17,4022845730.4,,451600.0,,,,256083995.275,17992524.4608,,,,,,,,,,,154811814.481,
2015-07-16,4001916228.97,,451600.0,,,,257243552.039,17111180.8492,,,,,,,,,,,150740904.123,
2015-07-15,4112343300.33,,451600.0,,,,271723333.664,18597112.6593,,,,,,,,,,,172044271.87,
2015-07-14,4134767190.4,,451600.0,,,,275389626.241,19390691.8386,,,,,,,,,,,189699024.638,
2015-07-13,4199736520.0,,451600.0,,,,273422464.036,20027306.8001,,,,,,,,,,,190780355.285,
2015-07-12,4469117252.1,,451600.0,,,,274849733.548,21133446.2844,,,,,,,,,,,215380645.367,
2015-07-11,4212919911.38,,451600.0,,,,274895681.863,20136583.3278,,,,,,,,,,,178043578.478,
2015-07-10,4093705987.15,,451600.0,,,,282298465.831,20360522.9443,,,,,,,,,,,183263358.293,
2015-07-09,3867547719.1,,451600.0,,,,286762472.198,19570320.56,,,,,,,,,,,306383049.408,
2015-07-08,3889020939.63,,451600.0,,,,301504861.202,18874035.5213,,,,,,,,,,,258413847.839,
2015-07-07,3822200106.0,,451600.0,,,,305688710.486,18898252.6977,,,,,,,,,,,212489357.821,
2015-07-06,3861831489.5,,451600.0,,,,315019728.227,19180876.2613,,,,,,,,,,,219730726.79,
2015-07-05,3901985539.12,,451600.0,,,,319771549.729,19395767.9339,,,,,,,,,,,200743172.802,
2015-07-04,3742827087.6,,451600.0,,,,344038003.211,19146143.1236,,,,,,,,,,,166600861.941,
2015-07-03,3676575980.8,,451600.0,,,,354159395.774,19077388.0379,,,,,,,,,,,166548876.598,
2015-07-02,3662295200.3,,451600.0,,,,352168302.155,19070979.0592,,,,,,,,,,,164402970.26,
2015-07-01,3707306172.9,,451600.0,,,,357324724.092,19332958.268,,,,,,,,,,,158580552.22,
2015-06-30,3770229521.6,,451600.0,,,,361188849.689,19876570.4112,,,,,,,,,,,165024816.522,
2015-06-29,3683193712.2,,451600.0,,,,382155958.937,21352597.5044,,,,,,,,,,,150780868.618,
2015-06-28,3566939393.67,,451600.0,,,,365898551.903,20367986.2239,,,,,,,,,,,133312329.56,
2015-06-27,3594402691.0,,451600.0,,,,365183800.348,20977463.5437,,,,,,,,,,,125039920.951,
2015-06-26,3487699723.95,,451600.0,,,,360170966.893,20083153.3985,,,,,,,,,,,115169148.879,
2015-06-25,3475370256.22,,451600.0,,,,352522487.078,18557832.782,,,,,,,,,,,114689310.381,
2015-06-24,3441763637.12,,451600.0,,,,348256313.731,17761506.7497,,,,,,,,,,,111716359.197,
2015-06-23,3494929113.0,,451600.0,,,,340371710.634,18707568.4471,,,,,,,,,,,119504581.186,
2015-06-22,3532599174.0,,451600.0,,,,337174473.765,21914049.335,,,,,,,,,,,121589047.71,
2015-06-21,3488106467.2,,451600.0,,,,329104801.068,20882581.3709,,,,,,,,,,,121255282.62,
2015-06-20,3505477188.4,,451600.0,,,,352248073.534,20971538.6787,,,,,,,,,,,121702813.996,
2015-06-19,3495994564.1,,451600.0,,,,357595946.78,20848368.525,,,,,,,,,,,112452589.482,
2015-06-18,3557986320.9,,451600.0,,,,327129661.725,21004680.6247,,,,,,,,,,,123890094.118,
2015-06-17,3560953386.9,,451600.0,,,,308824682.936,19703007.1248,,,,,,,,,,,115540046.045,
2015-06-16,3582987588.38,,451600.0,,,,300695341.248,19808713.7232,,,,,,,,,,,114976020.051,
2015-06-15,3381329191.12,,451600.0,,,,273737720.526,16923507.2898,,,,,,,,,,,80614463.7588,
2015-06-14,3333657006.33,,451600.0,,,,259949716.299,16626622.2459,,,,,,,,,,,79943262.6905,
2015-06-13,3316504361.1,,451600.0,,,,258231121.711,16454347.7669,,,,,,,,,,,74250203.4802,
2015-06-12,3281061201.2,,451600.0,,,,257093900.932,16057002.0012,,,,,,,,,,,71833228.5352,
2015-06-11,3276293900.25,,451600.0,,,,256615272.658,15985789.6739,,,,,,,,,,,71379410.6031,
2015-06-10,3262644978.88,,451600.0,,,,255222145.296,15693868.2467,,,,,,,,,,,70020046.4833,
2015-06-09,3265176585.4,,451600.0,,,,255105359.997,16174134.0063,,,,,,,,,,,71425336.0686,
2015-06-08,3256350969.08,,451600.0,,,,255252458.42,16256474.6711,,,,,,,,,,,71003932.1629,
2015-06-07,3175547195.72,,451600.0,,,,251248892.453,15188371.5082,,,,,,,,,,,68733717.0484,
2015-06-06,3213722676.47,,451600.0,,,,252241248.407,15718289.3166,,,,,,,,,,,69845018.5732,
2015-06-05,3203220875.4,,451600.0,,,,253880071.616,15257890.4246,,,,,,,,,,,69822453.1069,
2015-06-04,3193504504.5,,451600.0,,,,251418965.033,15104401.6057,,,,,,,,,,,66117635.1778,
2015-06-03,3214774292.4,,451600.0,,,,255650996.23,15019259.4546,,,,,,,,,,,66812756.9603,
2015-06-02,3212962177.15,,451600.0,,,,254649067.71,15927850.2266,,,,,,,,,,,66082807.4547,
2015-06-01,3171172508.35,,451600.0,,,,241819596.373,14097643.4149,,,,,,,,,,,63900031.8815,
2015-05-31,3273756425.25,,451600.0,,,,264525083.511,15311673.6004,,,,,,,,,,,64685621.5765,
2015-05-30,3317769213.5,,451600.0,,,,268322839.321,16149299.1791,,,,,,,,,,,71586880.7241,
2015-05-29,3370295930.4,,451600.0,,,,288977882.935,17686591.6054,,,,,,,,,,,72251801.49,
2015-05-28,3373816958.4,,451600.0,,,,250709637.931,19099594.0491,,,,,,,,,,,72573509.355,
2015-05-27,3371257543.25,,451600.0,,,,221341645.221,18323304.1944,,,,,,,,,,,72690290.2976,
2015-05-26,3368066798.8,,451600.0,,,,216773297.89,16040196.4642,,,,,,,,,,,71546957.2249,
2015-05-25,3367127977.0,,451600.0,,,,220963209.799,14097204.4785,,,,,,,,,,,70945772.2685,
2015-05-24,3420845883.95,,451600.0,,,,217270752.21,14262219.6286,,,,,,,,,,,71989343.3378,
2015-05-23,3390435703.8,,451600.0,,,,216976555.364,13577747.4163,,,,,,,,,,,70179302.2269,
2015-05-22,3410712372.3,,451600.0,,,,212173999.265,13816974.5134,,,,,,,,,,,71930150.8066,
2015-05-21,3338890047.6,,451600.0,,,,209721827.075,13349941.7799,,,,,,,,,,,57982600.3082,
2015-05-20,3319170901.2,,451600.0,,,,211735575.766,13283553.4998,,,,,,,,,,,57203099.6175,
2015-05-19,3288950473.25,,451600.0,,,,208663101.334,11900743.7426,,,,,,,,,,,56923492.9375,
2015-05-18,3304944920.2,,451600.0,,,,183411949.95,11539061.015,,,,,,,,,,,56615050.0971,
2015-05-17,3356176985.85,,251600.0,,,,201953371.106,11438215.2982,,,,,,,,,,,56876147.5306,
2015-05-16,3345969203.45,,251600.0,,,,210205560.717,11585674.3248,,,,,,,,,,,56521997.1916,
2015-05-15,3365752046.62,,251600.0,,,,212358111.607,11969130.1199,,,,,,,,,,,56798029.2712,
2015-05-14,3355311496.07,,251600.0,,,,210672063.741,11352058.7421,,,,,,,,,,,56501184.888,
2015-05-13,3346584200.03,,251600.0,,,,218794704.633,10762786.3187,,,,,,,,,,,56601031.904,
2015-05-12,3412644997.8,,251600.0,,,,230164359.735,10998517.9767,,,,,,,,,,,56333938.2334,
2015-05-11,3426529646.05,,251600.0,,,,234855235.904,9203321.11647,,,,,,,,,,,55971648.5662,
2015-05-10,3399245238.2,,251600.0,,,,235563605.749,8961292.94154,,,,,,,,,,,55988932.8952,
2015-05-09,3420193701.2,,251600.0,,,,241669626.181,9119362.44218,,,,,,,,,,,56317395.6698,
2015-05-08,3448119178.22,,251600.0,,,,239037489.76,9154712.64826,,,,,,,,,,,57546406.988,
2015-05-07,3354923757.25,,251600.0,,,,240228955.076,8835114.11884,,,,,,,,,,,56494604.838,
2015-05-06,3247353903.15,,251600.0,,,,248324473.7,8665940.68949,,,,,,,,,,,53879048.0385,
2015-05-05,3335976518.25,,251600.0,,,,252381326.948,8857445.78251,,,,,,,,,,,54527842.9178,
2015-05-04,3375997790.1,,251600.0,,,,255809900.816,8818122.44242,,,,,,,,,,,54530783.6542,
2015-05-03,3394161416.45,,251600.0,,,,257037741.881,8916783.3016,,,,,,,,,,,55458605.2895,
2015-05-02,3316683007.5,,251600.0,,,,256452858.131,9616371.01468,,,,,,,,,,,54988482.4151,
2015-05-01,3275574609.95,,251600.0,,,,255858082.729,9689694.02597,,,,,,,,,,,54371601.7646,
2015-04-30,3332094504.38,,251600.0,,,,256197589.718,10266864.2539,,,,,,,,,,,55615193.9628,
2015-04-29,3185479101.2,,251600.0,,,,250898217.471,9760735.17452,,,,,,,,,,,52541852.8314,
2015-04-28,3185425041.75,,251600.0,,,,243458100.497,9783541.01096,,,,,,,,,,,52604050.9018,
2015-04-27,3232938332.15,,251600.0,,,,247782028.323,10336381.7773,,,,,,,,,,,53315728.0275,
2015-04-26,3093216938.0,,251600.0,,,,246977613.737,9960150.36364,,,,,,,,,,,50877799.9014,
2015-04-25,3190508610.25,,251600.0,,,,264543590.471,10233452.4787,,,,,,,,,,,53984754.3585,
2015-04-24,3258311725.2,,251600.0,,,,257723137.57,10452253.4316,,,,,,,,,,,54573805.7675,
2015-04-23,3330762351.15,,251600.0,,,,255864145.354,10934890.2802,,,,,,,,,,,56168407.7454,
2015-04-22,3297795228.8,,251600.0,,,,256067721.913,10959753.2998,,,,,,,,,,,55837848.3768,
2015-04-21,3312299315.47,,251600.0,,,,254233618.368,10952477.4566,,,,,,,,,,,54632644.1851,
2015-04-20,3161599718.7,,251600.0,,,,253086505.938,10514021.5094,,,,,,,,,,,54018405.2157,
2015-04-19,3132226860.0,,251600.0,,,,250365982.83,10520468.5673,,,,,,,,,,,53216330.2596,
2015-04-18,3142049362.2,,251600.0,,,,252075643.024,10567965.1655,,,,,,,,,,,53972337.8773,
2015-04-17,3134573443.65,,251600.0,,,,256080166.248,10628110.2195,,,,,,,,,,,53902751.3094,
2015-04-16,3213884952.45,,251600.0,,,,255580478.331,10672085.5439,,,,,,,,,,,54335998.3742,
2015-04-15,3146465247.6,,251600.0,,,,253635333.026,10412711.1547,,,,,,,,,,,52823690.8734,
2015-04-14,3080098938.82,,251600.0,,,,260338681.543,10152687.9252,,,,,,,,,,,52608316.5742,
2015-04-13,3155548414.15,,251600.0,,,,261472392.381,10542162.3717,,,,,,,,,,,52510703.4575,
2015-04-12,3317129018.32,,251600.0,,,,274724971.112,11274866.3874,,,,,,,,,,,55735030.4049,
2015-04-11,3321976615.4,,251600.0,,,,264836510.975,11266172.7118,,,,,,,,,,,55562258.3972,
2015-04-10,3314409567.4,,251600.0,,,,271610377.391,11180394.5603,,,,,,,,,,,58105710.9332,
2015-04-09,3420248519.8,,251600.0,,,,280160911.96,11573878.4086,,,,,,,,,,,60301648.2763,
2015-04-08,3438326344.95,,251600.0,,,,293495814.754,11595759.2588,,,,,,,,,,,61837357.6618,
2015-04-07,3552014128.0,,251600.0,,,,289435132.479,12060793.2837,,,,,,,,,,,63341989.4906,
2015-04-06,3583466919.0,,251600.0,,,,280344705.217,12275680.743,,,,,,,,,,,63992685.7664,
2015-04-05,3654268029.75,,251600.0,,,,278840855.181,12536724.2816,,,,,,,,,,,64474776.8242,
2015-04-04,3556559215.72,,251600.0,,,,282192210.354,12655141.1451,,,,,,,,,,,63933402.1781,
2015-04-03,3564354620.25,,251600.0,,,,278250546.977,12801326.6771,,,,,,,,,,,64287506.6819,
2015-04-02,3544973232.38,,251600.0,,,,252255288.17,12783219.551,,,,,,,,,,,63451425.7055,
2015-04-01,3463619267.4,,251600.0,,,,244673178.142,12653511.8427,,,,,,,,,,,62908788.483,
2015-03-31,3420112896.0,,251600.0,,,,247978904.086,12414248.4523,,,,,,,,,,,62410776.5384,
2015-03-30,3465419693.35,,251600.0,,,,269727453.762,12692618.9834,,,,,,,,,,,63002693.6175,
2015-03-29,3397187114.92,,251600.0,,,,271170677.55,12537006.6337,,,,,,,,,,,62429656.5995,
2015-03-28,3537377134.2,,251600.0,,,,282430248.149,12913771.4475,,,,,,,,,,,64186845.8463,
2015-03-27,3455731911.07,,251600.0,,,,283817951.057,12722379.5659,,,,,,,,,,,63499864.5734,
2015-03-26,3475701380.1,,251600.0,,,,279659628.615,13038452.5722,,,,,,,,,,,63780865.2461,
2015-03-25,3442129496.4,,251600.0,,,,290849000.4,12895851.0696,,,,,,,,,,,62889909.7686,
2015-03-24,3432718154.25,,251600.0,,,,311317698.072,12787109.4033,,,,,,,,,,,62025634.6231,
2015-03-23,3727111340.5,,251600.0,,,,328929304.035,13509393.1872,,,,,,,,,,,66724305.7476,
2015-03-22,3743193531.0,,251600.0,,,,325339591.981,13081140.1484,,,,,,,,,,,67401564.0507,
2015-03-21,3631424641.87,,251600.0,,,,324883299.693,12965634.0266,,,,,,,,,,,65431276.8215,
2015-03-20,3654506819.38,,251600.0,,,,333319920.733,13136277.9016,,,,,,,,,,,66141552.8961,
2015-03-19,3642156964.8,,251600.0,,,,334414384.052,13106533.3866,,,,,,,,,,,65791028.9247,
2015-03-18,3576671767.42,,251600.0,,,,337442505.598,13137479.4001,,,,,,,,,,,65133713.0444,
2015-03-17,3983144493.62,,251600.0,,,,348728560.294,14230675.9693,,,,,,,,,,,74045897.5705,
2015-03-16,4053198428.83,,251600.0,,,,349976184.661,14315901.9168,,,,,,,,,,,75897426.3843,
2015-03-15,3993628667.97,,251600.0,,,,345161184.227,14092425.3819,,,,,,,,,,,75307616.5317,
2015-03-14,3929758785.0,,251600.0,,,,353805210.852,14152409.6691,,,,,,,,,,,74405167.487,
2015-03-13,3976948638.32,,251600.0,,,,335397167.441,13893003.9448,,,,,,,,,,,74789289.8716,
2015-03-12,4101535994.85,,251600.0,,,,330540685.89,14057912.4625,,,,,,,,,,,76027545.5005,
2015-03-11,4128796573.2,,251600.0,,,,326405337.604,14283964.3604,,,,,,,,,,,75356753.9214,
2015-03-10,4063305050.0,,251600.0,,,,321842414.727,13731526.3358,,,,,,,,,,,74655874.5083,
2015-03-09,4032241702.05,,251600.0,,,,339605905.396,14148744.3349,,,,,,,,,,,72186166.7431,
2015-03-08,3818877361.85,,251600.0,,,,317839486.931,13753683.8836,,,,,,,,,,,70182527.6405,
2015-03-07,3844351384.65,,251600.0,,,,336156590.969,13941093.9771,,,,,,,,,,,70816511.6137,
2015-03-06,3794156466.38,,251600.0,,,,346389663.463,13973913.9655,,,,,,,,,,,70290895.8738,
2015-03-05,3841200999.65,,152527.2164,,,,368336365.245,13917211.8224,,,,,,,,,,,70924425.8288,
2015-03-04,3797385223.8,,152595.9032,,,,320106589.521,14127716.3846,,,,,,,,,,,71395593.1736,
2015-03-03,3916108523.2,,303364.184,,,,338000905.251,14221670.7124,,,,,,,,,,,72280934.1106,
2015-03-02,3831178959.0,,304712.76,,,,389032251.804,14718114.907,,,,,,,,,,,71492436.8224,
2015-03-01,3615181537.5,,,,,,390515999.453,14350882.4132,,,,,,,,,,,69797522.3558,
2015-02-28,3531776635.75,,,,,,414744162.673,14267558.6625,,,,,,,,,,,67868459.2094,
2015-02-27,3524820596.2,,,,,,426291867.492,14360854.7574,,,,,,,,,,,68207986.9408,
2015-02-26,3282272604.75,,,,,,424348636.7,14117045.0054,,,,,,,,,,,66635508.8189,
2015-02-25,3295875813.75,,,,,,427612881.528,14011045.4314,,,,,,,,,,,66301067.1283,
2015-02-24,3312489903.62,,,,,,427459720.48,13764555.4668,,,,,,,,,,,67240414.4749,
2015-02-23,3313897879.4,,,,,,425478199.427,13957582.6252,,,,,,,,,,,66858387.8421,
2015-02-22,3272629326.22,,,,,,418946518.917,13868682.0764,,,,,,,,,,,65918841.2383,
2015-02-21,3390372209.75,,,,,,423930634.675,14231357.0224,,,,,,,,,,,67797503.7511,
2015-02-20,3379032907.95,,,,,,430152802.234,14157682.5344,,,,,,,,,,,67707047.898,
2015-02-19,3329631566.38,,,,,,438994661.879,14321731.0609,,,,,,,,,,,67610814.823,
2015-02-18,3273812261.7,,,,,,440041262.371,14029587.1581,,,,,,,,,,,66881504.612,
2015-02-17,3373706168.0,,,,,,447699314.752,14375955.4841,,,,,,,,,,,67740994.782,
2015-02-16,3237573873.22,,,,,,438739393.466,14125517.9358,,,,,,,,,,,65613894.7706,
2015-02-15,3250242178.12,,,,,,437542822.782,13856155.1601,,,,,,,,,,,67232455.2228,
2015-02-14,3560717935.65,,,,,,477214724.97,14786600.7659,,,,,,,,,,,70669693.9882,
2015-02-13,3256814718.55,,,,,,464764008.14,14009679.8976,,,,,,,,,,,66381844.7685,
2015-02-12,3066996120.0,,,,,,447980110.006,13896316.1844,,,,,,,,,,,63996106.4282,
2015-02-11,3030676474.62,,,,,,439584970.083,13568452.4605,,,,,,,,,,,62846174.7202,
2015-02-10,3038850984.93,,,,,,435513438.901,13781773.2434,,,,,,,,,,,64095038.689,
2015-02-09,3041799139.5,,,,,,446541034.329,13751877.3645,,,,,,,,,,,62894269.9274,
2015-02-08,3086537315.4,,,,,,460328719.47,13823883.9413,,,,,,,,,,,64741024.9332,
2015-02-07,3145761023.4,,,,,,465134147.339,14180779.2529,,,,,,,,,,,64623081.0528,
2015-02-06,3069076711.25,,,,,,484540928.414,14064474.375,,,,,,,,,,,63763489.046,
2015-02-05,2996945966.25,,,,,,448138129.266,13923847.894,,,,,,,,,,,63053689.3393,
2015-02-04,3130520358.08,,,,,,418148254.665,14365444.6566,,,,,,,,,,,64855654.6569,
2015-02-03,3135343874.4,,,,,,403495625.095,14411307.7379,,,,,,,,,,,65871023.6408,
2015-02-02,3285797305.4,,,,,,423473385.792,14801468.4472,,,,,,,,,,,67784608.9969,
2015-02-01,3129637467.8,,,,,,437986614.023,14084166.9292,,,,,,,,,,,65106989.4833,
2015-01-31,2997692310.6,,,,,,442924519.21,13615064.4248,,,,,,,,,,,67578651.7565,
2015-01-30,3120272355.0,,,,,,447416340.114,13937717.1903,,,,,,,,,,,68395337.334,
2015-01-29,3217149465.78,,,,,,455557378.276,14352627.2565,,,,,,,,,,,68989223.4126,
2015-01-28,3221728838.62,,,,,,463747981.359,14124864.3007,,,,,,,,,,,67363430.8373,
2015-01-27,3627760927.5,,,,,,490708200.206,15463280.0559,,,,,,,,,,,75005953.9953,
2015-01-26,3764417376.43,,,,,,496231591.014,15964561.2323,,,,,,,,,,,74761730.088,
2015-01-25,3491686144.85,,,,,,513563824.088,16260213.8362,,,,,,,,,,,80704873.9333,
2015-01-24,3410114480.65,,,,,,518442870.932,16217920.345,,,,,,,,,,,66128447.9704,
2015-01-23,3203436948.2,,,,,,518377816.974,15269370.6347,,,,,,,,,,,51099993.7683,
2015-01-22,3209962696.2,,,,,,526933961.344,15148887.0176,,,,,,,,,,,50798988.2128,
2015-01-21,3119680594.53,,,,,,515877886.306,14927899.5285,,,,,,,,,,,49128866.4378,
2015-01-20,2904651464.0,,,,,,499118747.622,13728737.6596,,,,,,,,,,,47313013.6485,
2015-01-19,2952759521.65,,,,,,495361107.101,13692536.0529,,,,,,,,,,,47924831.5814,
2015-01-18,2889858037.95,,,,,,483945686.389,13667179.8137,,,,,,,,,,,47586420.0295,
2015-01-17,2736875952.0,,,,,,475866604.377,13158146.3651,,,,,,,,,,,46126368.959,
2015-01-16,2857541182.18,,,,,,508133367.506,13828112.9735,,,,,,,,,,,49970738.7673,
2015-01-15,2880801385.2,,,,,,509409664.204,13648749.1192,,,,,,,,,,,45680599.6408,
2015-01-14,2444379076.08,,,,,,440895455.284,11260385.8025,,,,,,,,,,,41173189.2222,
2015-01-13,3099004901.85,,,,,,484744920.73,13224337.7042,,,,,,,,,,,54800307.345,
2015-01-12,3673551884.1,,,,,,571062229.467,15217787.739,,,,,,,,,,,60912256.1391,
2015-01-11,3643307730.5,,,,,,581306678.936,15637424.9057,,,,,,,,,,,61230337.668,
2015-01-10,3767535598.8,,,,,,595810613.744,15749044.0055,,,,,,,,,,,58655832.6535,
2015-01-09,3980426430.6,,,,,,637404875.315,16612798.2043,,,,,,,,,,,70301691.1431,
2015-01-08,3882766765.62,,,,,,640502682.835,16310578.4256,,,,,,,,,,,71126149.1385,
2015-01-07,4032255014.65,,,,,,645685314.816,16860650.9486,,,,,,,,,,,74967271.0097,
2015-01-06,3919623079.83,,,,,,642240552.854,16396932.246,,,,,,,,,,,74701680.3419,
2015-01-05,3758098008.0,,,,,,629350575.763,15704691.8008,,,,,,,,,,,73586956.8768,
2015-01-04,3616320974.62,,,,,,586349909.578,15405089.7347,,,,,,,,,,,69101043.0158,
2015-01-03,3846269871.6,,,,,,684798232.564,16287305.6535,,,,,,,,,,,75275385.7713,
2015-01-02,4309551126.2,,,,,,753340321.751,18075690.0793,,,,,,,,,,,94048724.304,
2015-01-01,4297535768.18,,,,,,755558351.936,17778457.4679,,,,,,,,,,,95086868.2001,
2014-12-31,4377510594.68,,,,,,757042201.738,18139021.4993,,,,,,,,,,,95710425.942,
2014-12-30,4247060094.9,,,,,,749681811.07,17360265.9849,,,,,,,,,,,95114104.0356,
2014-12-29,4272268162.75,,,,,,750639033.594,17636256.4665,,,,,,,,,,,94717140.5816,
2014-12-28,4333389568.3,,,,,,736156783.438,17877578.9892,,,,,,,,,,,95993668.7429,
2014-12-27,4313267196.5,,,,,,745759986.75,17836797.0029,,,,,,,,,,,95352458.5686,
2014-12-26,4476703674.6,,,,,,783993127.162,18487756.4346,,,,,,,,,,,97539415.3255,
2014-12-25,4353789283.2,,,,,,747758072.6,17927699.7965,,,,,,,,,,,94574162.4343,
2014-12-24,4400637769.3,,,,,,724341745.556,18450025.4827,,,,,,,,,,,95844513.0524,
2014-12-23,4563595537.2,,,,,,739685186.203,18938313.6591,,,,,,,,,,,100779127.381,
2014-12-22,4525705358.95,,,,,,791861558.262,18952033.1338,,,,,,,,,,,100835430.725,
2014-12-21,4373820007.82,,,,,,771989123.022,18753466.8287,,,,,,,,,,,99517958.4873,
2014-12-20,4496945577.3,,,,,,747548180.743,19942183.5204,,,,,,,,,,,101992462.833,
2014-12-19,4330801580.8,,,,,,720712278.505,18802649.8797,,,,,,,,,,,100016039.141,
2014-12-18,4241890806.3,,,,,,862822123.06,17104005.2968,,,,,,,,,,,97722924.7624,
2014-12-17,4355021349.6,,,,,,804913395.93,17367623.7441,,,,,,,,,,,102333100.51,
2014-12-16,4453202603.05,,,,,,665141270.361,16768671.8725,,,,,,,,,,,104860202.195,
2014-12-15,4700905209.0,,,,,,563322336.795,18223585.6124,,,,,,,,,,,119903749.698,
2014-12-14,4785245607.6,,,,,,528898884.292,18946408.0863,,,,,,,,,,,120836015.517,
2014-12-13,4726102586.4,,,,,,524745341.31,19547455.2181,,,,,,,,,,,120581406.992,
2014-12-12,4795055945.25,,,,,,505654484.275,19946540.1967,,,,,,,,,,,120843804.672,
2014-12-11,4766084198.85,,,,,,505654484.275,19907713.8363,,,,,,,,,,,120544767.618,
2014-12-10,4708572401.25,,,,,,491245241.486,20173308.1219,,,,,,,,,,,121102870.556,
2014-12-09,4786893957.82,,,,,,465326515.653,20298047.4049,,,,,,,,,,,121694254.769,
2014-12-08,4917302821.62,,,,,,414446386.163,21383439.9389,,,,,,,,,,,126144608.572,
2014-12-07,5094943517.12,,,,,,456865022.888,22101740.0613,,,,,,,,,,,128024050.142,
2014-12-06,5089542821.5,,,,,,444879966.894,22144531.2618,,,,,,,,,,,124574771.887,
2014-12-05,5116358331.0,,,,,,425696465.777,22511817.6228,,,,,,,,,,,124598070.539,
2014-12-04,5016487250.4,,,,,,412053080.727,22171411.1303,,,,,,,,,,,123618964.066,
2014-12-03,5088491939.5,,,,,,405478439.086,22804396.5715,,,,,,,,,,,124182851.659,
2014-12-02,5172928822.88,,,,,,406333852.77,23139409.9817,,,,,,,,,,,124732439.302,
2014-12-01,5143434463.5,,,,,,387823565.312,23250666.5721,,,,,,,,,,,122774756.793,
2014-11-30,5125958175.35,,,,,,346223284.639,23290366.4491,,,,,,,,,,,122633402.796,
2014-11-29,5089799279.55,,,,,,431780093.788,23345154.0779,,,,,,,,,,,122878124.954,
2014-11-28,5101280352.88,,,,,,468309655.073,23525339.5246,,,,,,,,,,,123377044.64,
2014-11-27,5008058116.25,,,,,,438663549.034,23365761.8223,,,,,,,,,,,121774218.07,
2014-11-26,4989166443.0,,,,,,339806137.936,22306910.0908,,,,,,,,,,,121690092.927,
2014-11-25,5082390210.3,,,,,,300795568.151,23370416.9746,,,,,,,,,,,121834741.663,
2014-11-24,5102174794.68,,,,,,264402502.478,23757001.4592,,,,,,,,,,,123802294.575,
2014-11-23,4974540006.18,,,,,,265561479.936,24029026.7269,,,,,,,,,,,122525241.306,
2014-11-22,4774989954.0,,,,,,222149278.517,20487722.1085,,,,,,,,,,,120001977.421,
2014-11-21,4745605132.8,,,,,,191018590.169,20066540.7857,,,,,,,,,,,118994361.796,
2014-11-20,4839043482.0,,,,,,175615440.862,20105850.1892,,,,,,,,,,,122784345.435,
2014-11-19,5144903808.62,,,,,,165109445.942,20740189.6728,,,,,,,,,,,129333083.287,
2014-11-18,5071157408.1,,,,,,157455413.662,20457768.8091,,,,,,,,,,,127952205.496,
2014-11-17,5234695636.8,,,,,,154793910.41,21416747.279,,,,,,,,,,,131477153.346,
2014-11-16,5239694299.95,,,,,,150197084.676,21515034.6142,,,,,,,,,,,131559273.904,
2014-11-15,5079582131.75,,,,,,146467327.477,21551253.803,,,,,,,,,,,130455336.401,
2014-11-14,5371040272.5,,,,,,150647287.764,22850060.7691,,,,,,,,,,,134904283.43,
2014-11-13,5678828589.0,,,,,,145963204.38,23846475.8132,,,,,,,,,,,138439388.639,
2014-11-12,5715426243.75,,,,,,147769814.582,23200262.8392,,,,,,,,,,,137330587.282,
2014-11-11,4960242319.5,,,,,,142006751.229,21304189.6085,,,,,,,,,,,123976574.969,
2014-11-10,4948658122.5,,,,,,142089950.383,20985346.8759,,,,,,,,,,,124528150.085,
2014-11-09,4897961164.8,,,,,,142804245.559,20888049.2468,,,,,,,,,,,122264011.811,
2014-11-08,4656988221.6,,,,,,142249971.055,20759206.042,,,,,,,,,,,119628157.264,
2014-11-07,4614264694.75,,,,,,141383772.197,20923031.4913,,,,,,,,,,,119561798.946,
2014-11-06,4705591218.75,,,,,,141393628.543,21523003.5787,,,,,,,,,,,122557533.275,
2014-11-05,4572205935.15,,,,,,140918204.805,20701684.912,,,,,,,,,,,122288561.184,
2014-11-04,4449934320.9,,,,,,139288429.042,20065023.7288,,,,,,,,,,,120387550.502,
2014-11-03,4409040617.0,,,,,,139444101.327,20575533.8855,,,,,,,,,,,119821910.665,
2014-11-02,4385292372.3,,,,,,135218048.129,21045220.7081,,,,,,,,,,,119949575.1,
2014-11-01,4382113991.33,,,,,,135404738.914,21654256.616,,,,,,,,,,,119360198.187,
2014-10-31,4549893052.45,,,,,,141081704.188,22420932.86,,,,,,,,,,,125390186.589,
2014-10-30,4642194093.75,,,,,,141756573.981,22567913.9717,,,,,,,,,,,126350444.632,
2014-10-29,4510175244.5,,,,,,138452958.791,22964308.5502,,,,,,,,,,,124285227.481,
2014-10-28,4804812400.8,,,,,,140442781.068,24229153.9723,,,,,,,,,,,128140692.638,
2014-10-27,4741410021.07,,,,,,141798028.612,23763975.9457,,,,,,,,,,,126729573.942,
2014-10-26,4763036252.8,,,,,,131839640.668,23574299.9015,,,,,,,,,,,123956712.864,
2014-10-25,4662139220.32,,,,,,136807528.832,23325394.1405,,,,,,,,,,,121861707.479,
2014-10-24,4809419914.0,,,,,,147316132.784,23749305.0422,,,,,,,,,,,124413523.109,
2014-10-23,4808952572.4,,,,,,149056937.384,23206280.4195,,,,,,,,,,,124041035.891,
2014-10-22,5139461096.15,,,,,,150376528.147,24226766.7888,,,,,,,,,,,127361692.416,
2014-10-21,5182426850.62,,,,,,150530750.97,21750712.6948,,,,,,,,,,,130451195.553,
2014-10-20,5132276503.12,,,,,,147076971.453,21895507.4828,,,,,,,,,,,129339938.546,
2014-10-19,5220783139.85,,,,,,143471868.039,22993792.1464,,,,,,,,,,,131843268.444,
2014-10-18,5244892213.8,,,,,,143933376.935,24283009.3516,,,,,,,,,,,133937038.872,
2014-10-17,5140342470.5,,,,,,142165032.546,23623640.7897,,,,,,,,,,,131756771.473,
2014-10-16,5122903035.0,,,,,,140732963.483,24338154.8231,,,,,,,,,,,131562486.312,
2014-10-15,5285043276.15,,,,,,139933439.905,25281468.8743,,,,,,,,,,,133600021.991,
2014-10-14,5365153884.25,,,,,,141222012.169,26886803.146,,,,,,,,,,,134121694.585,
2014-10-13,5223924766.65,,,,,,138690090.875,26810359.9073,,,,,,,,,,,126976102.47,
2014-10-12,5063689089.67,,,,,,140819351.455,27299819.8416,,,,,,,,,,,126491044.863,
2014-10-11,4844961124.67,,,,,,137787365.559,26183383.1386,,,,,,,,,,,123826250.149,
2014-10-10,4833830846.6,,,,,,141219693.029,25469969.5335,,,,,,,,,,,124850223.217,
2014-10-09,4878718500.4,,,,,,139838355.158,27532764.4214,,,,,,,,,,,127792594.971,
2014-10-08,4715887221.5,,,,,,138760244.866,27650581.7799,,,,,,,,,,,127914961.519,
2014-10-07,4490819564.7,,,,,,138144223.255,27856869.3195,,,,,,,,,,,126200691.341,
2014-10-06,4408130777.23,,,,,,137117423.939,27963750.9926,,,,,,,,,,,124915960.335,
2014-10-05,4279040869.75,,,,,,138819672.833,25629220.9661,,,,,,,,,,,120786054.524,
2014-10-04,4389218290.65,,,,,,143250100.259,28129941.9237,,,,,,,,,,,128480108.906,
2014-10-03,4796851774.6,,,,,,145607796.147,30589339.5827,,,,,,,,,,,136086012.475,
2014-10-02,5003085408.0,,,,,,141296224.655,31269114.0717,,,,,,,,,,,140761437.059,
2014-10-01,5115688242.12,,,,,,137768232.652,34745106.3357,,,,,,,,,,,144081987.243,
2014-09-30,5158621324.8,,,,,,134625217.92,37365528.1746,,,,,,,,,,,145448083.762,
2014-09-29,5004177242.62,,,,,,136381096.931,37037165.3353,,,,,,,,,,,137918226.463,
2014-09-28,5025729375.45,,,,,,153120070.983,36602459.695,,,,,,,,,,,137354963.202,
2014-09-27,5322075836.0,,,,,,136395591.557,34994917.428,,,,,,,,,,,143341474.281,
2014-09-26,5386071486.25,,,,,,133802213.048,42007278.001,,,,,,,,,,,143595761.596,
2014-09-25,5479902023.0,,,,,,136895366.266,34923682.6116,,,,,,,,,,,146090219.886,
2014-09-24,5632911450.62,,,,,,135310523.844,32403063.4401,,,,,,,,,,,150870069.952,
2014-09-23,5798754888.52,,,,,,133732638.842,29074961.748,,,,,,,,,,,153181289.522,
2014-09-22,5349637033.8,,,,,,135011064.868,27513226.5522,,,,,,,,,,,136860528.636,
2014-09-21,5303651274.83,,,,,,132477694.111,26546617.1628,,,,,,,,,,,136868701.602,
2014-09-20,5436072002.0,,,,,,138326565.651,26917673.4198,,,,,,,,,,,138055714.802,
2014-09-19,5246779620.6,,,,,,143272132.091,25575211.6198,,,,,,,,,,,139268271.793,
2014-09-18,5638918842.0,,,,,,148872855.632,27442575.5224,,,,,,,,,,,150644651.422,
2014-09-17,6073910020.75,,,,,,156499058.229,24727122.561,,,,,,,,,,,162509693.993,
2014-09-16,6187570806.23,,,,,,148538899.445,27124922.5895,,,,,,,,,,,162886576.34,
2014-09-15,6309195217.65,,,,,,146389346.389,30076309.4075,,,,,,,,,,,165994957.46,
2014-09-14,6340778581.7,,,,,,148899525.744,31808853.0639,,,,,,,,,,,173142357.895,
2014-09-13,6353614253.55,,,,,,136418203.174,24595604.4136,,,,,,,,,,,174355793.842,
2014-09-12,6334873397.93,,,,,,136614750.304,18893403.9962,,,,,,,,,,,172064140.411,
2014-09-11,6359504769.1,,,,,,137670248.98,18725424.5513,,,,,,,,,,,174110580.839,
2014-09-10,6352285708.38,,,,,,137691121.241,17108518.7721,,,,,,,,,,,170473745.866,
2014-09-09,6296101902.0,,,,,,136812167.112,17851362.8071,,,,,,,,,,,161473941.953,
2014-09-08,6285637995.0,,,,,,136557351.585,16078523.3093,,,,,,,,,,,162310447.607,
2014-09-07,6385589802.05,,,,,,136357905.529,17232466.4738,,,,,,,,,,,164063884.761,
2014-09-06,6417500778.0,,,,,,138998536.519,19288796.5473,,,,,,,,,,,158483575.468,
2014-09-05,6395641761.75,,,,,,141302892.183,14921404.7859,,,,,,,,,,,157704697.217,
2014-09-04,6477467310.0,,,,,,139289298.72,14340688.7069,,,,,,,,,,,164284800.779,
2014-09-03,6315859936.3,,,,,,138438464.165,12767048.7649,,,,,,,,,,,154490740.243,
2014-09-02,6311703012.15,,,,,,134543468.229,12047827.9999,,,,,,,,,,,152670118.863,
2014-09-01,6276309535.35,,,,,,145684327.773,11901169.6228,,,,,,,,,,,149179975.54,
2014-08-31,6312801959.75,,,,,,141655981.276,11927737.6744,,,,,,,,,,,153639054.599,
2014-08-30,6660385522.73,,,,,,143806404.01,12323561.7837,,,,,,,,,,,165125149.546,
2014-08-29,6714458468.0,,,,,,145438209.021,11751605.2036,,,,,,,,,,,169208113.465,
2014-08-28,6703031046.25,,,,,,146747943.439,11888619.8985,,,,,,,,,,,166441805.691,
2014-08-27,6744868296.2,,,,,,145375882.129,12637528.513,,,,,,,,,,,169700451.246,
2014-08-26,6748171027.0,,,,,,140212606.405,13105896.0208,,,,,,,,,,,174380035.162,
2014-08-25,6626339377.6,,,,,,41052231.9637,10208034.0652,,,,,,,,,,,163817723.374,
2014-08-24,6700963066.7,,,,,,42530520.323,11429908.1821,,,,,,,,,,,171314763.189,
2014-08-23,6564528885.0,,,,,,41397603.302,10893810.8915,,,,,,,,,,,153909387.75,
2014-08-22,6772889206.18,,,,,,42047413.0793,11314122.6286,,,,,,,,,,,164608486.009,
2014-08-21,6812929385.67,,,,,,42225834.306,11908057.2323,,,,,,,,,,,181628321.713,
2014-08-20,6741573447.0,,,,,,43447136.6802,11758802.1415,,,,,,,,,,,170634439.146,
2014-08-19,6387510426.38,,,,,,41681987.9214,10318167.3666,,,,,,,,,,,146140391.16,
2014-08-18,6072259848.0,,,,,,41088790.9847,9680275.59526,,,,,,,,,,,116061507.401,
2014-08-17,6468997660.75,,,,,,42720247.6125,11304365.0057,,,,,,,,,,,135275006.382,
2014-08-16,6833965309.5,,,,,,44712755.52,12117011.6043,,,,,,,,,,,155317864.886,
2014-08-15,6533519506.5,,,,,,44643763.7783,10822882.6216,,,,,,,,,,,157362789.331,
2014-08-14,6649282619.7,,,,,,43134445.6405,13073130.7211,,,,,,,,,,,157071755.922,
2014-08-13,7181459812.45,,,,,,41016250.6248,12727977.0699,,,,,,,,,,,156871634.02,
2014-08-12,7481336242.8,,,,,,41621991.5144,13311034.5179,,,,,,,,,,,175654351.659,
2014-08-11,7567178699.6,,,,,,43030710.45,12882862.146,,,,,,,,,,,188108701.74,
2014-08-10,7757394871.03,,,,,,41057100.9981,14272391.4538,,,,,,,,,,,215482540.159,
2014-08-09,7732619577.2,,,,,,43259472.5408,14959796.9321,,,,,,,,,,,215222225.492,
2014-08-08,7771958457.93,,,,,,45072156.2795,15221249.0624,,,,,,,,,,,218656693.14,
2014-08-07,7721014780.4,,,,,,44093892.9952,15702929.1037,,,,,,,,,,,221951520.029,
2014-08-06,7663383046.48,,,,,,43376329.3664,15874075.893,,,,,,,,,,,221972736.761,
2014-08-05,7671275261.9,,,,,,42124492.3697,16794301.5886,,,,,,,,,,,224296770.602,
2014-08-04,7713117797.75,,,,,,40833455.5198,17926585.1212,,,,,,,,,,,228618017.038,
2014-08-03,7683520602.05,,,,,,43035992.1144,18035611.0411,,,,,,,,,,,232220398.481,
2014-08-02,7716181168.97,,,,,,43690588.4001,18426466.5313,,,,,,,,,,,234697395.169,
2014-08-01,7786796032.4,,,,,,44307717.8788,18721313.9711,,,,,,,,,,,236842317.283,
2014-07-31,7670841007.38,,,,,,42821589.5489,18565327.107,,,,,,,,,,,231571797.021,
2014-07-30,7420859009.27,,,,,,42067466.899,18000752.8413,,,,,,,,,,,222942114.649,
2014-07-29,7646390352.5,,,,,,50058295.0825,18546590.4575,,,,,,,,,,,234651619.216,
2014-07-28,7656826296.65,,,,,,50815058.5646,17918023.8342,,,,,,,,,,,232452557.868,
2014-07-27,7761289328.8,,,,,,49685443.5171,19176772.1504,,,,,,,,,,,237272311.386,
2014-07-26,7784669228.12,,,,,,49850660.5858,18391873.9566,,,,,,,,,,,232448298.538,
2014-07-25,7851574790.25,,,,,,49871622.1919,18812726.6373,,,,,,,,,,,230732687.979,
2014-07-24,7857489687.3,,,,,,48928019.8128,19146660.8083,,,,,,,,,,,237772441.675,
2014-07-23,8086153117.5,,,,,,50707775.7082,19810084.9737,,,,,,,,,,,257834876.158,
2014-07-22,8111799945.9,,,,,,44119317.1156,19399065.6863,,,,,,,,,,,260848184.504,
2014-07-21,8118204690.85,,,,,,41918581.4274,20820064.2463,,,,,,,,,,,261205031.984,
2014-07-20,8137808455.0,,,,,,42080255.3671,21117049.9694,,,,,,,,,,,257181142.442,
2014-07-19,8195599906.88,,,,,,41416360.2529,21467091.4072,,,,,,,,,,,261438256.531,
2014-07-18,8196212862.38,,,,,,49754294.9818,21678731.4946,,,,,,,,,,,264678393.227,
2014-07-17,8119394872.88,,,,,,48174299.6617,22850367.4208,,,,,,,,,,,262366092.573,
2014-07-16,8034806880.0,,,,,,38295459.0567,20450952.2393,,,,,,,,,,,251714671.438,
2014-07-15,8094883398.7,,,,,,35286822.7432,22240852.5305,,,,,,,,,,,258822179.521,
2014-07-14,8062877467.88,,,,,,34143065.6165,22537801.9356,,,,,,,,,,,260429576.478,
2014-07-13,8154265678.05,,,,,,33667425.2638,23560761.0709,,,,,,,,,,,268580779.569,
2014-07-12,8245635913.62,,,,,,33750998.4948,23723766.71,,,,,,,,,,,259912222.695,
2014-07-11,8220889623.03,,,,,,33599331.4527,23705424.6012,,,,,,,,,,,236611873.224,
2014-07-10,8020234276.55,,,,,,31847186.222,22838236.6668,,,,,,,,,,,234521055.58,
2014-07-09,8118679450.9,,,,,,30323166.9856,23792520.4727,,,,,,,,,,,234282301.373,
2014-07-08,8120056625.75,,,,,,25796378.2311,22667592.3195,,,,,,,,,,,232183693.945,
2014-07-07,8108140914.15,,,,,,24096299.9169,19204274.0923,,,,,,,,,,,226829766.879,
2014-07-06,8258179219.5,,,,,,21969912.0724,19475972.1736,,,,,,,,,,,213119530.97,
2014-07-05,8199437572.15,,,,,,24489227.0578,19137945.9871,,,,,,,,,,,218022176.717,
2014-07-04,8187107455.8,,,,,,25373352.2144,20109656.443,,,,,,,,,,,219591691.697,
2014-07-03,8372189412.0,,,,,,26268813.3112,18786806.2374,,,,,,,,,,,239873582.937,
2014-07-02,8444194978.48,,,,,,27234948.1317,19082286.2809,,,,,,,,,,,243606662.013,
2014-07-01,8311317900.6,,,,,,28326169.1889,22067709.9406,,,,,,,,,,,232339379.144,
2014-06-30,8296103744.68,,,,,,29549121.689,22691565.2159,,,,,,,,,,,266443466.486,
2014-06-29,7813280834.62,,,,,,31372409.9463,22979319.871,,,,,,,,,,,266478903.004,
2014-06-28,7730991679.22,,,,,,30666532.677,23425840.6699,,,,,,,,,,,273207267.239,
2014-06-27,7737366939.75,,,,,,31220195.6321,24848472.8238,,,,,,,,,,,274519603.83,
2014-06-26,7525767735.27,,,,,,31671522.4098,24971901.0334,,,,,,,,,,,269600245.55,
2014-06-25,7331658430.4,,,,,,30732593.8457,22692210.9959,,,,,,,,,,,272282462.308,
2014-06-24,7536340172.7,,,,,,31658231.9971,26128265.5342,,,,,,,,,,,284880058.258,
2014-06-23,7684029467.2,,,,,,31938659.704,27392179.9318,,,,,,,,,,,287294472.461,
2014-06-22,7788609492.83,,,,,,32729673.7931,28678378.53,,,,,,,,,,,288634365.877,
2014-06-21,7691773954.8,,,,,,32441271.8387,29026652.3503,,,,,,,,,,,290122802.479,
2014-06-20,7678074489.75,,,,,,32742495.1324,29457140.0483,,,,,,,,,,,289764156.47,
2014-06-19,7726000792.2,,,,,,33073348.2284,29911946.8213,,,,,,,,,,,294190467.011,
2014-06-18,7851200009.9,,,,,,33202499.7677,29810960.3726,,,,,,,,,,,284759344.712,
2014-06-17,7886300054.8,,,,,,33333058.5273,30163561.1153,,,,,,,,,,,283800361.922,
2014-06-16,7642482234.0,,,,,,32625774.0378,30249348.249,,,,,,,,,,,284983466.814,
2014-06-15,7649361649.6,,,,,,32813872.4662,30894939.9479,,,,,,,,,,,291408646.198,
2014-06-14,7445594334.05,,,,,,31407434.0926,31062892.7253,,,,,,,,,,,290680468.204,
2014-06-13,7737046326.73,,,,,,32533053.8648,32255834.0632,,,,,,,,,,,299787430.43,
2014-06-12,7564343900.0,,,,,,31643925.2588,31410916.762,,,,,,,,,,,297260106.653,
2014-06-11,8155307438.5,,,,,,34562265.3392,34495482.0569,,,,,,,,,,,319486181.369,
2014-06-10,8412294411.25,,,,,,35549117.5677,31324017.784,,,,,,,,,,,324076640.312,
2014-06-09,8358149330.65,,,,,,33027926.2887,29604752.9931,,,,,,,,,,,325861068.521,
2014-06-08,8445489606.5,,,,,,31071577.5471,29346442.531,,,,,,,,,,,328136706.494,
2014-06-07,8428206588.9,,,,,,30966505.1083,29872119.4423,,,,,,,,,,,323068518.791,
2014-06-06,8409353268.4,,,,,,30614778.2466,29429677.2106,,,,,,,,,,,325471385.702,
2014-06-05,8478552323.5,,,,,,30031407.3103,29228510.7585,,,,,,,,,,,327771360.762,
2014-06-04,8249183076.95,,,,,,30898802.1827,29311663.5965,,,,,,,,,,,320682902.389,
2014-06-03,8580309811.88,,,,,,34282775.7792,31208320.2928,,,,,,,,,,,332529801.18,
2014-06-02,8487587033.1,,,,,,33921354.7341,31889394.1564,,,,,,,,,,,328534933.989,
2014-06-01,8094125581.35,,,,,,31988928.7353,32411546.6432,,,,,,,,,,,321886754.09,
2014-05-31,8007248675.68,,,,,,32409218.4905,27234153.576,,,,,,,,,,,315569114.729,
2014-05-30,7897757907.5,,,,,,33082573.3383,27802926.6345,,,,,,,,,,,324459188.061,
2014-05-29,7290260762.0,,,,,,37458168.076,31206562.7129,,,,,,,,,,,310623920.505,
2014-05-28,7402205098.8,,,,,,39130023.808,31844196.4635,,,,,,,,,,,317495388.263,
2014-05-27,7325147498.6,,,,,,36294787.8961,31669882.9525,,,,,,,,,,,320498531.573,
2014-05-26,7479335238.4,,,,,,29698834.2785,32078558.3164,,,,,,,,,,,331980686.02,
2014-05-25,7325371780.1,,,,,,28500195.4156,33755003.5377,,,,,,,,,,,330645030.516,
2014-05-24,6727963028.4,,,,,,32136452.3157,33798589.142,,,,,,,,,,,317917369.493,
2014-05-23,6662964359.35,,,,,,25918571.8485,32665535.2023,,,,,,,,,,,321366903.458,
2014-05-22,6716604600.2,,,,,,31220117.4532,33310883.3652,,,,,,,,,,,305059250.17,
2014-05-21,6294422409.25,,,,,,52135787.0871,35936515.8973,,,,,,,,,,,302585814.221,
2014-05-20,6214911438.6,,,,,,52468985.55,36598879.9595,,,,,,,,,,,303489671.662,
2014-05-19,5706978471.22,,,,,,47170410.7435,34833346.8294,,,,,,,,,,,293780065.378,
2014-05-18,5706165792.6,,,,,,46938141.2378,35125193.9899,,,,,,,,,,,295067599.467,
2014-05-17,5737967926.6,,,,,,50712696.6083,35383996.3208,,,,,,,,,,,294416681.771,
2014-05-16,5725217915.3,,,,,,54020758.4948,35142037.7166,,,,,,,,,,,295966897.057,
2014-05-15,5712906334.2,,,,,,55495759.7619,35383914.8154,,,,,,,,,,,296765401.714,
2014-05-14,5669111765.9,,,,,,55928245.4252,35409144.7862,,,,,,,,,,,295896548.593,
2014-05-13,5625308533.07,,,,,,49564404.9556,34818973.8689,,,,,,,,,,,295229151.961,
2014-05-12,5633629020.6,,,,,,46411606.3603,35073822.4382,,,,,,,,,,,294568723.901,
2014-05-11,5598956479.2,,,,,,44981557.9595,35195734.6891,,,,,,,,,,,292764985.378,
2014-05-10,5795543100.55,,,,,,46710640.6448,36809591.1405,,,,,,,,,,,303123701.19,
2014-05-09,5730133342.9,,,,,,47399240.3777,37938150.1978,,,,,,,,,,,303219522.187,
2014-05-08,5609810850.07,,,,,,47531988.1464,36077040.3566,,,,,,,,,,,294361215.989,
2014-05-07,5590798950.5,,,,,,49653607.0781,36156075.6108,,,,,,,,,,,295949634.048,
2014-05-06,5463474513.0,,,,,,46693519.4662,34843339.046,,,,,,,,,,,290536512.609,
2014-05-05,5518951942.35,,,,,,40766308.1415,34591070.8249,,,,,,,,,,,286082068.324,
2014-05-04,5554777405.65,,,,,,39279345.503,35579321.3538,,,,,,,,,,,289710924.982,
2014-05-03,5570422953.55,,,,,,39275592.9159,35050656.8767,,,,,,,,,,,289124629.025,
2014-05-02,5716625926.82,,,,,,41551927.8867,36481503.3164,,,,,,,,,,,294193093.108,
2014-05-01,5821425472.0,,,,,,42319410.1276,38085603.81,,,,,,,,,,,310545992.423,
2014-04-30,5690810164.88,,,,,,41935004.4865,37748839.8673,,,,,,,,,,,304767508.1,
2014-04-29,5683724523.93,,,,,,41918039.6656,37188481.472,,,,,,,,,,,290421331.222,
2014-04-28,5593864953.5,,,,,,40174493.8842,36034287.3113,,,,,,,,,,,282568098.168,
2014-04-27,5542720307.0,,,,,,37983608.4489,32876233.0774,,,,,,,,,,,276208303.135,
2014-04-26,5822776641.82,,,,,,42171573.8316,35093997.225,,,,,,,,,,,294189037.194,
2014-04-25,5857079867.2,,,,,,42927016.5222,35272015.0325,,,,,,,,,,,299875701.91,
2014-04-24,6350012524.62,,,,,,47450291.1981,43173805.3404,,,,,,,,,,,348458554.571,
2014-04-23,6231920620.93,,,,,,47768870.2071,41808109.7392,,,,,,,,,,,336190283.906,
2014-04-22,6187034895.3,,,,,,47371799.5845,42961351.2176,,,,,,,,,,,334153548.035,
2014-04-21,6284666434.5,,,,,,48015524.63,45192977.2332,,,,,,,,,,,345727765.615,
2014-04-20,6312896983.8,,,,,,48577865.4428,45497406.1929,,,,,,,,,,,348851803.092,
2014-04-19,6353700028.75,,,,,,50604731.5502,46564361.3421,,,,,,,,,,,354010042.54,
2014-04-18,6074116359.88,,,,,,48547688.3882,44239278.8017,,,,,,,,,,,332602568.48,
2014-04-17,6278792387.4,,,,,,49554476.2356,45929096.2197,,,,,,,,,,,344956053.068,
2014-04-16,6674473792.25,,,,,,54902381.9267,50283290.69,,,,,,,,,,,368220847.208,
2014-04-15,6522974947.95,,,,,,60350200.2493,41542470.5605,,,,,,,,,,,364357867.33,
2014-04-14,5802302128.35,,,,,,50955129.3707,32477779.1542,,,,,,,,,,,316445266.281,
2014-04-13,5234667258.6,,,,,,46807035.226,27278892.4862,,,,,,,,,,,283018901.863,
2014-04-12,5321874505.8,,,,,,48919272.69,29299432.2795,,,,,,,,,,,292402808.877,
2014-04-11,5318033924.5,,,,,,51456021.5697,30552383.8262,,,,,,,,,,,299840558.547,
2014-04-10,4611917256.8,,,,,,49396945.7563,23987961.2086,,,,,,,,,,,231476834.152,
2014-04-09,5589580215.0,,,,,,61493410.2736,30351833.9909,,,,,,,,,,,305801585.027,
2014-04-08,5718579640.4,,,,,,62642874.6097,30860749.8738,,,,,,,,,,,310191370.63,
2014-04-07,5670830649.57,,,,,,62814320.9329,31181254.3285,,,,,,,,,,,307136288.222,
2014-04-06,5808861023.23,,,,,,64471713.5688,31183539.461,,,,,,,,,,,317257056.922,
2014-04-05,5824866675.82,,,,,,65075567.3763,31746604.6384,,,,,,,,,,,304757611.53,
2014-04-04,5641613449.35,,,,,,63275967.3251,29974150.8607,,,,,,,,,,,299786553.298,
2014-04-03,5604036051.35,,,,,,62108287.3058,29951046.9006,,,,,,,,,,,300151375.543,
2014-04-02,5506313796.5,,,,,,61931055.7442,28556987.2193,,,,,,,,,,,306358105.798,
2014-04-01,6023351178.12,,,,,,68458133.7526,35541929.4276,,,,,,,,,,,355878159.764,
2014-03-31,5752294437.05,,,,,,68678050.9925,33267623.592,,,,,,,,,,,345019139.848,
2014-03-30,5791419542.98,,,,,,75463510.2585,34736734.0435,,,,,,,,,,,355252000.056,
2014-03-29,6178428029.4,,,,,,80824471.8256,38323567.0936,,,,,,,,,,,363341784.132,
2014-03-28,6232801683.6,,,,,,82488900.5623,33639142.7395,,,,,,,,,,,370861228.506,
2014-03-27,5923615601.7,,,,,,79948086.3799,30126366.7589,,,,,,,,,,,336294478.159,
2014-03-26,7298672082.0,,,,,,98456158.6735,41056918.5627,,,,,,,,,,,438156238.518,
2014-03-25,7335179951.93,,,,,,100307434.976,41685016.7068,,,,,,,,,,,438356617.718,
2014-03-24,7326517066.6,,,,,,100627186.669,47208407.9543,,,,,,,,,,,434893281.471,
2014-03-23,7045871924.8,,,,,,98902560.1806,47012121.0642,,,,,,,,,,,412287805.44,
2014-03-22,7090150172.0,,,,,,101272162.577,43119659.3514,,,,,,,,,,,421172081.987,
2014-03-21,7168656262.0,,,,,,103587039.744,43105371.9991,,,,,,,,,,,420458159.194,
2014-03-20,7382675345.5,,,,,,106621162.772,44990170.3544,,,,,,,,,,,440648122.905,
2014-03-19,7644702124.8,,,,,,109158849.799,47792893.4231,,,,,,,,,,,460691557.093,
2014-03-18,7704183117.6,,,,,,109841351.578,47182779.3379,,,,,,,,,,,518408962.632,
2014-03-17,7796513248.98,,,,,,110322151.8,47686729.2788,,,,,,,,,,,461603114.119,
2014-03-16,7903422085.5,,,,,,111843513.153,50285347.7188,,,,,,,,,,,461985419.844,
2014-03-15,7963443153.0,,,,,,112145283.699,50835717.385,,,,,,,,,,,449592796.459,
2014-03-14,7869180480.0,,,,,,110999181.056,52133751.9894,,,,,,,,,,,440668385.373,
2014-03-13,7983960982.0,,,,,,112055377.967,51940375.5238,,,,,,,,,,,451754039.296,
2014-03-12,7905832725.0,,,,,,112212517.552,53890131.1982,,,,,,,,,,,455435483.732,
2014-03-11,7928102949.75,,,,,,111631648.34,45320158.9336,,,,,,,,,,,427241057.541,
2014-03-10,7846433315.0,,,,,,115275566.772,45723953.4469,,,,,,,,,,,423281447.923,
2014-03-09,7958687808.0,,,,,,115276348.561,50869813.081,,,,,,,,,,,422618819.49,
2014-03-08,7712151171.25,,,,,,112612011.72,48362630.4947,,,,,,,,,,,406544764.032,
2014-03-07,7855629815.0,,,,,,117338707.888,53493574.9701,,,,,,,,,,,417693171.676,
2014-03-06,8286267327.0,,,,,,124468623.378,57982808.5774,,,,,,,,,,,433075092.047,
2014-03-05,8304000851.5,,,,,,125151906.946,60342698.689,,,,,,,,,,,429412003.301,
2014-03-04,8317230355.5,,,,,,126138524.638,59105822.7364,,,,,,,,,,,448173872.891,
2014-03-03,8326933812.0,,,,,,121931718.141,61867089.9148,,,,,,,,,,,374233554.119,
2014-03-02,6978524071.75,,,,,,105880026.82,53288517.3408,,,,,,,,,,,333811992.98,
2014-03-01,7049084308.0,,,,,,107881406.607,58696774.7266,,,,,,,,,,,356989311.862,
2014-02-28,6843353923.5,,,,,,106843190.842,59135338.4257,,,,,,,,,,,345605859.639,
2014-02-27,7208406719.0,,,,,,110647376.015,63563005.4186,,,,,,,,,,,372944546.013,
2014-02-26,7254505067.25,,,,,,110177520.839,64611273.8791,,,,,,,,,,,370893670.27,
2014-02-25,6704461434.0,,,,,,101551261.242,53533217.2758,,,,,,,,,,,359987383.296,
2014-02-24,6796971990.0,,,,,,106241995.117,57786061.1855,,,,,,,,,,,378425456.244,
2014-02-23,7534325866.5,,,,,,120487753.896,63278066.5977,,,,,,,,,,,402561437.705,
2014-02-22,7526808472.5,,,,,,122597020.562,67806905.8867,,,,,,,,,,,387623902.216,
2014-02-21,7135603064.0,,,,,,117817162.743,63633878.9078,,,,,,,,,,,359987590.879,
2014-02-20,6909538974.0,,,,,,111415874.582,63379542.9949,,,,,,,,,,,361745106.281,
2014-02-19,7737830115.25,,,,,,119121968.55,69808197.69,,,,,,,,,,,406796880.277,
2014-02-18,7779035355.0,,,,,,119505045.149,73586049.0138,,,,,,,,,,,403505334.549,
2014-02-17,7772386462.0,,,,,,119562897.534,68798157.5961,,,,,,,,,,,399704819.298,
2014-02-16,7650358836.75,,,,,,119913138.997,71890510.9128,,,,,,,,,,,391929165.67,
2014-02-15,8072579656.0,,,,,,125731994.369,76915392.1047,,,,,,,,,,,416108925.687,
2014-02-14,8206805878.25,,,,,,127953056.859,79455162.8297,,,,,,,,,,,421730892.85,
2014-02-13,7500376176.0,,,,,,125701504.599,78282793.6985,,,,,,,,,,,392563440.095,
2014-02-12,8073458481.0,,,,,,134262875.71,89214372.4145,,,,,,,,,,,434725215.035,
2014-02-11,8323817195.0,,,,,,138231236.568,87595382.381,,,,,,,,,,,447413423.402,
2014-02-10,8430742782.0,,,,,,130375039.116,67393069.1052,,,,,,,,,,,453940697.19,
2014-02-09,8451228950.0,,,,,,135951539.905,60542650.41,,,,,,,,,,,465931063.427,
2014-02-08,8337738240.0,,,,,,136709875.215,49953520.5691,,,,,,,,,,,462123836.849,
2014-02-07,8810607000.0,,,,,,143672487.864,51122747.8204,,,,,,,,,,,473204429.611,
2014-02-06,9662791118.75,,,,,,154422868.116,58452601.2356,,,,,,,,,,,507773092.017,
2014-02-05,10034436285.5,,,,,,159150346.074,57322977.5954,,,,,,,,,,,529283940.716,
2014-02-04,10229342305.0,,,,,,164155359.119,50249778.3937,,,,,,,,,,,545887605.267,
2014-02-03,10174774202.2,,,,,,167314568.383,54008717.9833,,,,,,,,,,,556423137.942,
2014-02-02,10190038654.2,,,,,,168555267.493,53548596.0649,,,,,,,,,,,568439657.702,
2014-02-01,10275202812.0,,,,,,161815464.704,59980168.9108,,,,,,,,,,,569695858.18,
2014-01-31,10238411820.0,,,,,,160298012.295,63117338.3639,,,,,,,,,,,560600080.236,
2014-01-30,10100339387.2,,,,,,158989297.544,60519608.8099,,,,,,,,,,,548762514.082,
2014-01-29,10182659550.0,,,,,,158990079.333,62445845.2551,,,,,,,,,,,553857225.488,
2014-01-28,10013251363.5,,,,,,161089964.531,51898336.362,,,,,,,,,,,543554115.091,
2014-01-27,9503544084.75,,,,,,148278788.529,45786156.0893,,,,,,,,,,,504296470.71,
2014-01-26,10902798632.0,,,,,,157362394.678,58716636.9341,,,,,,,,,,,607236051.541,
2014-01-25,10509539618.8,,,,,,149645355.665,66662005.2382,,,,,,,,,,,580530030.246,
2014-01-24,9810138292.5,,,,,,141707852.159,63302688.4705,,,,,,,,,,,520731150.255,
2014-01-23,10113558120.0,,,,,,144900678.35,62533457.9207,,,,,,,,,,,561898078.991,
2014-01-22,10399573174.0,,,,,,151577938.021,50918549.0052,,,,,,,,,,,593239596.525,
2014-01-21,10620283205.2,,,,,,155789435.252,60303237.8248,,,,,,,,,,,619900822.035,
2014-01-20,10694453430.0,,,,,,155234365.077,40786394.2243,,,,,,,,,,,631102443.554,
2014-01-19,10699504086.0,,,,,,163201576.564,22169606.0967,,,,,,,,,,,636410660.578,
2014-01-18,10315662000.0,,,,,,166352967.939,18272131.498,,,,,,,,,,,613518272.573,
2014-01-17,10000663202.0,,,,,,160498932.063,12561727.1711,,,,,,,,,,,591609401.424,
2014-01-16,10255185612.0,,,,,,164360187.831,11370074.0545,,,,,,,,,,,609649186.841,
2014-01-15,10561305975.0,,,,,,173722110.857,11931633.8451,,,,,,,,,,,627839479.533,
2014-01-14,10218535832.2,,,,,,165628249.555,9605481.36275,,,,,,,,,,,599265699.623,
2014-01-13,10312375950.0,,,,,,169369891.61,7601922.09794,,,,,,,,,,,602846682.234,
2014-01-12,10578653197.5,,,,,,172333653.63,9207367.91121,,,,,,,,,,,622645031.635,
2014-01-11,11195636163.8,,,,,,187776331.336,9264268.56227,,,,,,,,,,,663877614.422,
2014-01-10,10634081648.0,,,,,,178540276.336,9440391.36224,,,,,,,,,,,617006891.007,
2014-01-09,10365397028.0,,,,,,174873686.023,6035300.0228,,,,,,,,,,,604044327.385,
2014-01-08,10310363180.0,,,,,,181589253.355,5422855.08661,,,,,,,,,,,602253020.999,
2014-01-07,9808299600.0,,,,,,179703578.337,5198193.35025,,,,,,,,,,,573344814.0,
2014-01-06,11620533603.2,,,,,,200922113.021,5711172.41714,,,,,,,,,,,719558505.063,
2014-01-05,11379660685.2,,,,,,197241450.507,5883643.91231,,,,,,,,,,,659901745.077,
2014-01-04,10477362436.8,,,,,,219911767.326,6323971.51966,,,,,,,,,,,616747356.485,
2014-01-03,9980135396.0,,,,,,215987968.44,6162989.7455,,,,,,,,,,,608792287.367,
2014-01-02,9781073920.75,,,,,,224573575.009,6935467.09731,,,,,,,,,,,631135531.571,
2014-01-01,9403308145.0,,,,,,210649131.501,8335005.00046,,,,,,,,,,,602482641.167,
2013-12-31,9191325349.25,,,,,,213663709.804,7689658.67317,,,,,,,,,,,595219435.674,
2013-12-30,9217167990.25,,,,,,214680817.266,7270541.89933,,,,,,,,,,,595264230.579,
2013-12-29,9082103621.25,,,,,,212784197.203,7634717.16966,,,,,,,,,,,586899466.279,
2013-12-28,8869918644.0,,,,,,213453408.569,7374148.77651,,,,,,,,,,,549583194.233,
2013-12-27,8955394563.5,,,,,,211674056.852,8016603.64892,,,,,,,,,,,566088038.787,
2013-12-26,9279735331.0,,,,,,190638460.789,8836621.0156,,,,,,,,,,,601393271.851,
2013-12-25,8305173374.25,,,,,,172318799.639,8194483.24403,,,,,,,,,,,513136460.562,
2013-12-24,8100042042.0,,,,,,176487298.476,9075937.82287,,,,,,,,,,,427453483.502,
2013-12-23,8192487201.75,,,,,,185301187.428,5644793.35139,,,,,,,,,,,433149548.485,
2013-12-22,7505757422.5,,,,,,169773294.723,3706592.18772,,,,,,,,,,,407577141.878,
2013-12-21,7363114610.5,,,,,,169521558.672,4360316.34343,,,,,,,,,,,404228502.045,
2013-12-20,7599576492.0,,,,,,163010820.053,7284337.11836,,,,,,,,,,,423829904.501,
2013-12-19,8406397153.0,,,,,,164747173.376,11150339.2183,,,,,,,,,,,479838119.993,
2013-12-18,6347159167.5,,,,,,123933097.928,3188943.20963,,,,,,,,,,,322148222.467,
2013-12-17,8279623719.0,,,,,,143170579.339,2169687.9813,,,,,,,,,,,528276248.296,
2013-12-16,8565534010.0,,,,,,168589666.209,1509085.15965,,,,,,,,,,,591649093.613,
2013-12-15,10625517651.0,,,,,,227789073.081,1960300.3178,,,,,,,,,,,750162437.53,
2013-12-14,10578987915.0,,,,,,249707308.901,,,,,,,,,,,,727616410.358,
2013-12-13,10816819988.0,,,,,,274760518.529,,,,,,,,,,,,746457468.803,
2013-12-12,10578889955.0,,,,,,270892226.66,,,,,,,,,,,,754663473.814,
2013-12-11,10638546534.0,,,,,,296590412.195,,,,,,,,,,,,739049439.078,
2013-12-10,11966951485.5,,,,,,342296141.286,,,,,,,,,,,,864629579.044,
2013-12-09,10808715487.5,,,,,,304352013.181,,,,,,,,,,,,751187600.348,
2013-12-08,9627500112.75,,,,,,285005081.312,,,,,,,,,,,,648135998.829,
2013-12-07,8442962248.5,,,,,,258510252.807,,,,,,,,,,,,552700776.256,
2013-12-06,10025645095.0,,,,,,330004854.955,,,,,,,,,,,,706926310.108,
2013-12-05,12626914509.0,,,,,,431179293.909,,,,,,,,,,,,893103315.255,
2013-12-04,13903428350.5,,,,,,458848369.461,,,,,,,,,,,,1056948383.8,
2013-12-03,13018451838.0,,,,,,380509986.589,,,,,,,,,,,,938888916.192,
2013-12-02,12591271605.5,,,,,,431954828.577,,,,,,,,,,,,781793816.807,
2013-12-01,11531708947.5,,,,,,402593961.674,,,,,,,,,,,,817326653.335,
2013-11-30,13620389320.8,,,,,,300099081.134,,,,,,,,,,,,950915108.135,
2013-11-29,13646039846.2,,,,,,242247478.462,,,,,,,,,,,,885640044.386,
2013-11-28,12435823060.0,,,,,,226572609.429,,,,,,,,,,,,1016867744.13,
2013-11-27,12069885699.0,,,,,,188378308.85,,,,,,,,,,,,913441688.609,
2013-11-26,11176110592.5,,,,,,233852628.403,,,,,,,,,,,,475653103.514,
2013-11-25,9619646224.5,,,,,,142348137.333,,,,,,,,,,,,286313130.005,
2013-11-24,9317034156.25,,,,,,91218356.3041,,,,,,,,,,,,242571851.653,
2013-11-23,9597335799.0,,,,,,76595853.416,,,,,,,,,,,,247035667.212,
2013-11-22,9276681716.0,,,,,,75969562.2648,,,,,,,,,,,,235493091.568,
2013-11-21,8684240726.25,,,,,,77672767.7349,,,,,,,,,,,,217076808.49,
2013-11-20,7100077963.75,,,,,,58373837.7099,,,,,,,,,,,,184977585.63,
2013-11-19,7022949160.5,,,,,,56486364.5774,,,,,,,,,,,,185902321.136,
2013-11-18,8449069629.0,,,,,,85352593.5931,,,,,,,,,,,,216734161.082,
2013-11-17,5907842063.75,,,,,,79811273.3086,,,,,,,,,,,,94452714.1086,
2013-11-16,5282849104.5,,,,,,79270275.335,,,,,,,,,,,,99205463.2449,
2013-11-15,5013561020.0,,,,,,75714151.8053,,,,,,,,,,,,96950857.3099,
2013-11-14,5038817795.0,,,,,,75413553.9428,,,,,,,,,,,,98599673.0057,
2013-11-13,4883103453.0,,,,,,84792050.8951,,,,,,,,,,,,94531900.4705,
2013-11-12,4317726291.0,,,,,,74713696.4486,,,,,,,,,,,,91370872.3468,
2013-11-11,4101635027.0,,,,,,67866006.7798,,,,,,,,,,,,91752479.155,
2013-11-10,3910613094.5,,,,,,67307340.3752,,,,,,,,,,,,90017056.415,
2013-11-09,4058705857.0,,,,,,67644525.962,,,,,,,,,,,,96352797.7539,
2013-11-08,4045494602.75,,,,,,83819505.4049,,,,,,,,,,,,105113681.202,
2013-11-07,3545560086.75,,,,,,69883022.3461,,,,,,,,,,,,100058018.546,
2013-11-06,3138994687.5,,,,,,60789252.9401,,,,,,,,,,,,77079827.16,
2013-11-05,2931598960.0,,,,,,55899162.8752,,,,,,,,,,,,69075106.6298,
2013-11-04,2737659087.5,,,,,,54811928.9418,,,,,,,,,,,,69959853.9089,
2013-11-03,2568713111.25,,,,,,55978045.3832,,,,,,,,,,,,65383962.6434,
2013-11-02,2462261644.5,,,,,,53274384.5564,,,,,,,,,,,,61168239.2882,
2013-11-01,2460742836.5,,,,,,49670962.7935,,,,,,,,,,,,55490590.4587,
2013-10-31,2433658800.0,,,,,,47476950.2022,,,,,,,,,,,,53315873.9818,
2013-10-30,2384492272.5,,,,,,45768350.3882,,,,,,,,,,,,51738623.6802,
2013-10-29,2436241934.25,,,,,,46892406.5825,,,,,,,,,,,,47953021.7284,
2013-10-28,2365837416.25,,,,,,46453822.9652,,,,,,,,,,,,48983674.6636,
2013-10-27,2339831217.0,,,,,,53493207.2917,,,,,,,,,,,,47869226.2352,
2013-10-26,2111296044.0,,,,,,47410889.0335,,,,,,,,,,,,49670862.1689,
2013-10-25,2222012383.5,,,,,,53632209.3722,,,,,,,,,,,,48790893.085,
2013-10-24,2358198593.25,,,,,,67201720.6842,,,,,,,,,,,,50800170.8102,
2013-10-23,2540139398.5,,,,,,61551184.4792,,,,,,,,,,,,45838095.3028,
2013-10-22,2302910260.0,,,,,,53516426.4244,,,,,,,,,,,,37892422.9853,
2013-10-21,2164518142.5,,,,,,51865991.7104,,,,,,,,,,,,40628715.6982,
2013-10-20,2073319140.0,,,,,,52377125.345,,,,,,,,,,,,42968323.9485,
2013-10-19,2046457290.5,,,,,,56694711.3404,,,,,,,,,,,,41917465.2086,
2013-10-18,1850219763.0,,,,,,62093355.1363,,,,,,,,,,,,42262313.3498,
2013-10-17,1734327562.5,,,,,,65224107.2824,,,,,,,,,,,,42463895.7767,
2013-10-16,1689851847.5,,,,,,57107730.4581,,,,,,,,,,,,42540523.8588,
2013-10-15,1720981439.0,,,,,,62941908.8943,,,,,,,,,,,,43381160.7401,
2013-10-14,1664129178.0,,,,,,66366535.5177,,,,,,,,,,,,45387226.4448,
2013-10-13,1634968838.5,,,,,,65761509.0267,,,,,,,,,,,,46962204.9374,
2013-10-12,1599426130.5,,,,,,73347832.923,,,,,,,,,,,,46766388.9682,
2013-10-11,1547971040.0,,,,,,70127096.8654,,,,,,,,,,,,45455370.5152,
2013-10-10,1543701125.25,,,,,,77089631.3353,,,,,,,,,,,,44545533.7979,
2013-10-09,1544249376.25,,,,,,75545285.3858,,,,,,,,,,,,42228344.1819,
2013-10-08,1488277350.0,,,,,,73884452.8784,,,,,,,,,,,,43425487.5062,
2013-10-07,1498859917.5,,,,,,72233939.9855,,,,,,,,,,,,45942594.6974,
2013-10-06,1522686975.0,,,,,,76764407.1199,,,,,,,,,,,,47387869.5024,
2013-10-05,1516777518.75,,,,,,74176060.1676,,,,,,,,,,,,46851373.611,
2013-10-04,1521498786.5,,,,,,77187120.421,,,,,,,,,,,,47946658.8784,
2013-10-03,1457492614.5,,,,,,71234188.2389,,,,,,,,,,,,47233162.4982,
2013-10-02,1344930746.0,,,,,,61466360.3749,,,,,,,,,,,,42750902.3754,
2013-10-01,1557001092.0,,,,,,82312216.253,,,,,,,,,,,,52632252.9691,
2013-09-30,1566038425.0,,,,,,85467516.5731,,,,,,,,,,,,51043443.9663,
2013-09-29,1616584504.5,,,,,,100599042.265,,,,,,,,,,,,49785051.7134,
2013-09-28,1585878761.5,,,,,,108162068.85,,,,,,,,,,,,48654123.8815,
2013-09-27,1573520360.0,,,,,,113875382.71,,,,,,,,,,,,51876916.9529,
2013-09-26,1509434269.0,,,,,,91574070.2896,,,,,,,,,,,,51631834.2962,
2013-09-25,1507033770.0,,,,,,81563262.411,,,,,,,,,,,,51114569.0522,
2013-09-24,1494974356.25,,,,,,81684439.7027,,,,,,,,,,,,53141251.0433,
2013-09-23,1479037147.5,,,,,,78239095.6714,,,,,,,,,,,,53124053.7229,
2013-09-22,1515584736.0,,,,,,81353742.9645,,,,,,,,,,,,54298981.9198,
2013-09-21,1495101146.75,,,,,,75835641.8126,,,,,,,,,,,,53819395.6671,
2013-09-20,1489921944.0,,,,,,79063101.2555,,,,,,,,,,,,53041487.9904,
2013-09-19,1519883708.75,,,,,,85666872.7628,,,,,,,,,,,,55977179.9084,
2013-09-18,1540598327.5,,,,,,84291705.9484,,,,,,,,,,,,54577352.8944,
2013-09-17,1542278406.0,,,,,,75152827.3182,,,,,,,,,,,,55475815.968,
2013-09-16,1542395098.0,,,,,,55164281.2347,,,,,,,,,,,,56064276.6224,
2013-09-15,1526085146.0,,,,,,50595584.6192,,,,,,,,,,,,56132470.5762,
2013-09-14,1512038755.5,,,,,,49564170.4189,,,,,,,,,,,,53963039.0208,
2013-09-13,1578699084.0,,,,,,50918776.1832,,,,,,,,,,,,56651316.008,
2013-09-12,1556386219.25,,,,,,49632889.6702,,,,,,,,,,,,57069973.3604,
2013-09-11,1580450350.0,,,,,,49043420.7799,,,,,,,,,,,,57444315.9191,
2013-09-10,1470679164.0,,,,,,45404896.6918,,,,,,,,,,,,55834295.9328,
2013-09-09,1484085516.0,,,,,,49018247.1747,,,,,,,,,,,,57537963.7074,
2013-09-08,1419836071.5,,,,,,48338325.2995,,,,,,,,,,,,57470353.3236,
2013-09-07,1448411493.75,,,,,,48259599.1493,,,,,,,,,,,,56916361.9574,
2013-09-06,1389646450.0,,,,,,45856301.6484,,,,,,,,,,,,56512680.8443,
2013-09-05,1473965190.5,,,,,,44677285.6888,,,,,,,,,,,,57764622.2908,
2013-09-04,1477012117.5,,,,,,44522804.1865,,,,,,,,,,,,58915949.1124,
2013-09-03,1593346565.25,,,,,,44326106.0794,,,,,,,,,,,,54469386.798,
2013-09-02,1581969853.75,,,,,,43216200.2656,,,,,,,,,,,,53442298.8438,
2013-09-01,1610215347.0,,,,,,45239782.8594,,,,,,,,,,,,53930572.3117,
2013-08-31,1574672051.25,,,,,,44028635.3728,,,,,,,,,,,,53839084.8419,
2013-08-30,1552288465.0,,,,,,46362744.5491,,,,,,,,,,,,55425510.7388,
2013-08-29,1422584866.25,,,,,,45051371.7154,,,,,,,,,,,,52869636.2223,
2013-08-28,1424675797.5,,,,,,48830305.1041,,,,,,,,,,,,52306695.1162,
2013-08-27,1469193137.5,,,,,,50441337.6536,,,,,,,,,,,,53289172.6983,
2013-08-26,1393847158.6,,,,,,50166773.3641,,,,,,,,,,,,53066612.2482,
2013-08-25,1417198896.58,,,,,,47719539.3225,,,,,,,,,,,,53577807.0632,
2013-08-24,1392768092.25,,,,,,43357938.6075,,,,,,,,,,,,55478793.8368,
2013-08-23,1374309422.45,,,,,,40172930.3063,,,,,,,,,,,,56050326.2474,
2013-08-22,1404437432.5,,,,,,40205218.1911,,,,,,,,,,,,56623615.8444,
2013-08-21,1428698677.5,,,,,,47928746.0533,,,,,,,,,,,,55356973.7802,
2013-08-20,1403829641.38,,,,,,47673882.8461,,,,,,,,,,,,57039273.4968,
2013-08-19,1377725475.0,,,,,,41125305.6407,,,,,,,,,,,,57793046.3404,
2013-08-18,1313544012.5,,,,,,43916526.8332,,,,,,,,,,,,57198038.1424,
2013-08-17,1312996375.0,,,,,,44335331.1893,,,,,,,,,,,,57562831.2942,
2013-08-16,1260352119.0,,,,,,24497514.021,,,,,,,,,,,,55403721.9094,
2013-08-15,1271404657.25,,,,,,24172680.7002,,,,,,,,,,,,56240601.053,
2013-08-14,1300656724.05,,,,,,29617450.0458,,,,,,,,,,,,55454944.7784,
2013-08-13,1259042650.0,,,,,,33190303.8597,,,,,,,,,,,,55611396.3076,
2013-08-12,1231248580.9,,,,,,34778195.4553,,,,,,,,,,,,53717659.842,
2013-08-11,1211789250.0,,,,,,34518485.1564,,,,,,,,,,,,54533790.549,
2013-08-10,1188153925.0,,,,,,33724969.3425,,,,,,,,,,,,51772776.5583,
2013-08-09,1185307130.0,,,,,,33547503.2442,,,,,,,,,,,,54076429.3041,
2013-08-08,1187105900.0,,,,,,33258632.2164,,,,,,,,,,,,54519249.6914,
2013-08-07,1229098150.0,,,,,,34534120.936,,,,,,,,,,,,55465963.9482,
2013-08-06,1229098150.0,,,,,,36591007.7403,,,,,,,,,,,,56751177.4944,
2013-08-05,1222677176.0,,,,,,43879157.32,,,,,,,,,,,,56805936.6088,
2013-08-04,1209797378.4,,,,,,45983576.8942,,,,,,,,,,,,60288258.4818,
2013-08-03,1196226508.12,,,,,,,,,,,,,,,,,,59302600.4552,
2013-08-02,1201487184.88,,,,,,,,,,,,,,,,,,56807213.3111,
2013-08-01,1195225200.0,,,,,,,,,,,,,,,,,,58053718.7776,
2013-07-31,1218777833.5,,,,,,,,,,,,,,,,,,57156383.5504,
2013-07-30,1240092366.0,,,,,,,,,,,,,,,,,,59418106.0256,
2013-07-29,1161619140.0,,,,,,,,,,,,,,,,,,58881977.2472,
2013-07-28,1144602837.9,,,,,,,,,,,,,,,,,,59091800.7622,
2013-07-27,1079491696.8,,,,,,,,,,,,,,,,,,57069607.591,
2013-07-26,1100902799.57,,,,,,,,,,,,,,,,,,57442580.5667,
2013-07-25,1110587857.5,,,,,,,,,,,,,,,,,,58778565.2829,
2013-07-24,1082848325.0,,,,,,,,,,,,,,,,,,58069428.3162,
2013-07-23,1094484057.67,,,,,,,,,,,,,,,,,,58868020.0349,
2013-07-22,1048939080.5,,,,,,,,,,,,,,,,,,56798841.9377,
2013-07-21,1038798980.07,,,,,,,,,,,,,,,,,,57115999.6711,
2013-07-20,1022707664.6,,,,,,,,,,,,,,,,,,56010514.8094,
2013-07-19,1054083771.0,,,,,,,,,,,,,,,,,,58031067.5134,
2013-07-18,1035512824.5,,,,,,,,,,,,,,,,,,56474377.3651,
2013-07-17,1125658000.0,,,,,,,,,,,,,,,,,,61435018.7654,
2013-07-16,1113217032.45,,,,,,,,,,,,,,,,,,60436315.0108,
2013-07-15,1123658943.86,,,,,,,,,,,,,,,,,,58072016.7635,
2013-07-14,1080917760.48,,,,,,,,,,,,,,,,,,56527604.2664,
2013-07-13,1119796119.51,,,,,,,,,,,,,,,,,,56290498.9964,
2013-07-12,1067634684.43,,,,,,,,,,,,,,,,,,54066041.098,
2013-07-11,1014650062.5,,,,,,,,,,,,,,,,,,52775603.6654,
2013-07-10,988957719.0,,,,,,,,,,,,,,,,,,54334216.8241,
2013-07-09,873841849.25,,,,,,,,,,,,,,,,,,50428048.0838,
2013-07-08,871457940.1,,,,,,,,,,,,,,,,,,50274076.0368,
2013-07-07,848838978.923,,,,,,,,,,,,,,,,,,51099903.9764,
2013-07-06,799741618.54,,,,,,,,,,,,,,,,,,48334783.341,
2013-07-05,778411178.875,,,,,,,,,,,,,,,,,,46634396.8329,
2013-07-04,915618608.9,,,,,,,,,,,,,,,,,,52211619.5832,
2013-07-03,881233115.5,,,,,,,,,,,,,,,,,,50009684.0754,
2013-07-02,1024082227.85,,,,,,,,,,,,,,,,,,54124595.9229,
2013-07-01,1000065296.25,,,,,,,,,,,,,,,,,,56208962.1382,
2013-06-30,1096957771.35,,,,,,,,,,,,,,,,,,56721476.4462,
2013-06-29,1078198523.95,,,,,,,,,,,,,,,,,,53106258.7709,
2013-06-28,1073887456.97,,,,,,,,,,,,,,,,,,52128119.3132,
2013-06-27,1150468022.9,,,,,,,,,,,,,,,,,,57201137.8061,
2013-06-26,1179105200.0,,,,,,,,,,,,,,,,,,54085900.44,
2013-06-25,1178086140.0,,,,,,,,,,,,,,,,,,53299726.2651,
2013-06-24,1163935725.67,,,,,,,,,,,,,,,,,,54188144.1623,
2013-06-23,1218626490.0,,,,,,,,,,,,,,,,,,58663905.0007,
2013-06-22,1226110327.5,,,,,,,,,,,,,,,,,,54938148.7014,
2013-06-21,1239214237.5,,,,,,,,,,,,,,,,,,53781211.0928,
2013-06-20,1246104920.0,,,,,,,,,,,,,,,,,,42832831.4988,
2013-06-19,1224193837.5,,,,,,,,,,,,,,,,,,43008862.2093,
2013-06-18,1214216070.0,,,,,,,,,,,,,,,,,,43109745.0852,
2013-06-17,1149418485.0,,,,,,,,,,,,,,,,,,42440639.5123,
2013-06-16,1124306271.75,,,,,,,,,,,,,,,,,,39617093.1315,
2013-06-15,1129245603.78,,,,,,,,,,,,,,,,,,39124632.848,
2013-06-14,1128709292.08,,,,,,,,,,,,,,,,,,39610212.5232,
2013-06-13,1173637400.0,,,,,,,,,,,,,,,,,,42056097.8573,
2013-06-12,1219969852.5,,,,,,,,,,,,,,,,,,44101286.2173,
2013-06-11,1227874725.0,,,,,,,,,,,,,,,,,,44270317.3619,
2013-06-10,1198638945.0,,,,,,,,,,,,,,,,,,45853396.6991,
2013-06-09,1126642500.0,,,,,,,,,,,,,,,,,,43858290.482,
2013-06-08,1219717920.0,,,,,,,,,,,,,,,,,,47088867.5095,
2013-06-07,1255258637.5,,,,,,,,,,,,,,,,,,47740050.7751,
2013-06-06,1327960200.0,,,,,,,,,,,,,,,,,,50432630.2205,
2013-06-05,1368486468.75,,,,,,,,,,,,,,,,,,52331672.3172,
2013-06-04,1365337545.0,,,,,,,,,,,,,,,,,,52324427.4459,
2013-06-03,1373708057.9,,,,,,,,,,,,,,,,,,49674159.5702,
2013-06-02,1373837499.9,,,,,,,,,,,,,,,,,,49625822.6165,
2013-06-01,1451916165.0,,,,,,,,,,,,,,,,,,51354548.481,
2013-05-31,1447870200.0,,,,,,,,,,,,,,,,,,53635813.2007,
2013-05-30,1445053940.55,,,,,,,,,,,,,,,,,,53812627.6331,
2013-05-29,1483734577.5,,,,,,,,,,,,,,,,,,55971818.8193,
2013-05-28,1446189975.0,,,,,,,,,,,,,,,,,,55813731.901,
2013-05-27,1454029509.62,,,,,,,,,,,,,,,,,,55882131.6956,
2013-05-26,1495293015.0,,,,,,,,,,,,,,,,,,58457958.0306,
2013-05-25,1477958233.0,,,,,,,,,,,,,,,,,,56026342.7178,
2013-05-24,1491070770.0,,,,,,,,,,,,,,,,,,57017468.5839,
2013-05-23,1417769832.5,,,,,,,,,,,,,,,,,,56949220.3738,
2013-05-22,1385778992.85,,,,,,,,,,,,,,,,,,55766901.417,
2013-05-21,1374013440.0,,,,,,,,,,,,,,,,,,55073034.1595,
2013-05-20,1363709900.0,,,,,,,,,,,,,,,,,,56682748.951,
2013-05-19,1363204702.75,,,,,,,,,,,,,,,,,,58760676.4145,
2013-05-18,1379574545.85,,,,,,,,,,,,,,,,,,58518793.7122,
2013-05-17,1373723881.88,,,,,,,,,,,,,,,,,,56498073.7257,
2013-05-16,1325726787.0,,,,,,,,,,,,,,,,,,51685880.3376,
2013-05-15,1274623812.5,,,,,,,,,,,,,,,,,,51891652.211,
2013-05-14,1243874487.5,,,,,,,,,,,,,,,,,,49847567.579,
2013-05-13,1315710010.5,,,,,,,,,,,,,,,,,,57790879.1952,
2013-05-12,1281982625.0,,,,,,,,,,,,,,,,,,57513319.9785,
2013-05-11,1284207489.42,,,,,,,,,,,,,,,,,,58809512.5488,
2013-05-10,1305479080.0,,,,,,,,,,,,,,,,,,60358926.6612,
2013-05-09,1254535382.0,,,,,,,,,,,,,,,,,,59755569.092,
2013-05-08,1264049202.15,,,,,,,,,,,,,,,,,,59508216.0152,
2013-05-07,1240593600.0,,,,,,,,,,,,,,,,,,58051265.0352,
2013-05-06,1249023060.0,,,,,,,,,,,,,,,,,,58594361.235,
2013-05-05,1288693175.5,,,,,,,,,,,,,,,,,,62298185.4291,
2013-05-04,1250316562.5,,,,,,,,,,,,,,,,,,60290867.7155,
2013-05-03,1085995168.75,,,,,,,,,,,,,,,,,,52694847.0708,
2013-05-02,1168517495.25,,,,,,,,,,,,,,,,,,58287978.8404,
2013-05-01,1298954593.75,,,,,,,,,,,,,,,,,,65604596.3778,
2013-04-30,1542813125.0,,,,,,,,,,,,,,,,,,74020917.9127,
2013-04-29,1603768864.5,,,,,,,,,,,,,,,,,,75388963.842,
2013-04-28,1419007893.66,,,,,,,,,,,,,,,,,,74636937.732,
